Workbook
Name _4432mm×3632mm×6mm×7.85Kg__100万_758.17Kg: 計算式内訳!$C$2

Sheet 四角板専用
A1: 参照図 | B1: 使用部位 | C1: 使用部材 | D1: 重量定数 | E1: 長さ(mm) | F1: 弧長(mm) | G1: Φ(ドーナツ)mm | H1: ドーナツ角度 | I1: ドーナツ幅(mm)or90° | J1: 幅(mm) | K1: 厚み(mm) | L1: 数量 | M1: 重量 | N1: 付属品(Kg) | O1: 小計 | T1: 総計シート計算用 | AA1: 部材リスト | AB1: 部材重量定数リスト | AC1: 単位
A2: 本体 | B2: 天板 | C2: SS400 | D2: =IF(ISNA(VLOOKUP(四角板専用!C2,四角板専用!AA$1:AC$9999,2,FALSE)),0,VLOOKUP(四角板専用!C2,四角板専用!AA$1:AC$9999,2,FALSE)) -> 7.85 | E2: 4432 | F2: =IF(G2=0,0,G2*PI()*(1-(H2/360))) -> 0 | H2: =IF(G2=0,0,IF(I2="90°",270,ASIN((I2/2)/(G2/2))*180/PI()*2)) -> 0 | J2: 3632 | K2: 6 | L2: 1 | M2: =IF(D2+E2+F2+N2=0,"",IF(E2=0,(D2*F2*J2*K2*L2)/1000000+N2,(D2*E2*J2*K2*L2)/1000000+N2)-IF(COUNTIFS(B$1:B2,B2,A$1:A2,A2)>1,0,SUMIFS(四角板抜き穴専用!Q:Q,四角板抜き穴専用!A:A,四角板専用!A2,四角板抜き穴専用!B:B,B2))) -> 758.16983 | O2: =IF(O1>0,0,IF(A3&B3=A2&B2,0,IF(COUNTIFS(A:A,A2,B:B,B2)>=2,SUMIFS(M:M,A:A,A2,B:B,B2),0))) -> 0 | T2: =M2 -> 758.16983 | AA2: SS400 | AB2: 7.85 | AC2: g/cm³
A3: 本体 | B3: 側板 | C3: SS400 | D3: =IF(ISNA(VLOOKUP(四角板専用!C3,四角板専用!AA$1:AC$9999,2,FALSE)),0,VLOOKUP(四角板専用!C3,四角板専用!AA$1:AC$9999,2,FALSE)) -> 7.85 | E3: 4312 | F3: =IF(G3=0,0,G3*PI()*(1-(H3/360))) -> 0 | H3: =IF(G3=0,0,IF(I3="90°",270,ASIN((I3/2)/(G3/2))*180/PI()*2)) -> 0 | J3: 2480 | K3: 6 | L3: 2 | M3: =IF(D3+E3+F3+N3=0,"",IF(E3=0,(D3*F3*J3*K3*L3)/1000000+N3,(D3*E3*J3*K3*L3)/1000000+N3)-IF(COUNTIFS(B$1:B3,B3,A$1:A3,A3)>1,0,SUMIFS(四角板抜き穴専用!Q:Q,四角板抜き穴専用!A:A,四角板専用!A3,四角板抜き穴専用!B:B,B3))) -> 1007.3522 | O3: =IF(O2>0,0,IF(A4&B4=A3&B3,0,IF(COUNTIFS(A:A,A3,B:B,B3)>=2,SUMIFS(M:M,A:A,A3,B:B,B3),0))) -> 0 | T3: =M3 -> 1007.3522 | AA3: SUS304 | AB3: 7.93 | AC3: g/cm³
A4: 本体 | B4: 側板 | C4: SS400 | D4: =IF(ISNA(VLOOKUP(四角板専用!C4,四角板専用!AA$1:AC$9999,2,FALSE)),0,VLOOKUP(四角板専用!C4,四角板専用!AA$1:AC$9999,2,FALSE)) -> 7.85 | E4: 3512 | F4: =IF(G4=0,0,G4*PI()*(1-(H4/360))) -> 0 | H4: =IF(G4=0,0,IF(I4="90°",270,ASIN((I4/2)/(G4/2))*180/PI()*2)) -> 0 | J4: 2500 | K4: 6 | L4: 2 | M4: =IF(D4+E4+F4+N4=0,"",IF(E4=0,(D4*F4*J4*K4*L4)/1000000+N4,(D4*E4*J4*K4*L4)/1000000+N4)-IF(COUNTIFS(B$1:B4,B4,A$1:A4,A4)>1,0,SUMIFS(四角板抜き穴専用!Q:Q,四角板抜き穴専用!A:A,四角板専用!A4,四角板抜き穴専用!B:B,B4))) -> 827.076 | O4: =IF(O3>0,0,IF(A5&B5=A4&B4,0,IF(COUNTIFS(A:A,A4,B:B,B4)>=2,SUMIFS(M:M,A:A,A4,B:B,B4),0))) -> 1834.4282 | T4: =M4 -> 827.076 | AA4: 不明 | AC4: 不明
A5: 本体 | B5: 底板 | C5: SS400 | D5: =IF(ISNA(VLOOKUP(四角板専用!C5,四角板専用!AA$1:AC$9999,2,FALSE)),0,VLOOKUP(四角板専用!C5,四角板専用!AA$1:AC$9999,2,FALSE)) -> 7.85 | E5: 4500 | F5: =IF(G5=0,0,G5*PI()*(1-(H5/360))) -> 0 | H5: =IF(G5=0,0,IF(I5="90°",270,ASIN((I5/2)/(G5/2))*180/PI()*2)) -> 0 | J5: 3700 | K5: 9 | L5: 1 | M5: =IF(D5+E5+F5+N5=0,"",IF(E5=0,(D5*F5*J5*K5*L5)/1000000+N5,(D5*E5*J5*K5*L5)/1000000+N5)-IF(COUNTIFS(B$1:B5,B5,A$1:A5,A5)>1,0,SUMIFS(四角板抜き穴専用!Q:Q,四角板抜き穴専用!A:A,四角板専用!A5,四角板抜き穴専用!B:B,B5))) -> 1176.3225 | O5: =IF(O4>0,0,IF(A6&B6=A5&B5,0,IF(COUNTIFS(A:A,A5,B:B,B5)>=2,SUMIFS(M:M,A:A,A5,B:B,B5),0))) -> 0 | T5: =M5 -> 1176.3225
A6: 本体 | B6: G詳細 | C6: SS400 | D6: =IF(ISNA(VLOOKUP(四角板専用!C6,四角板専用!AA$1:AC$9999,2,FALSE)),0,VLOOKUP(四角板専用!C6,四角板専用!AA$1:AC$9999,2,FALSE)) -> 7.85 | E6: 150 | F6: =IF(G6=0,0,G6*PI()*(1-(H6/360))) -> 0 | H6: =IF(G6=0,0,IF(I6="90°",270,ASIN((I6/2)/(G6/2))*180/PI()*2)) -> 0 | J6: 75 | K6: 16 | L6: 20 | M6: =IF(D6+E6+F6+N6=0,"",IF(E6=0,(D6*F6*J6*K6*L6)/1000000+N6,(D6*E6*J6*K6*L6)/1000000+N6)-IF(COUNTIFS(B$1:B6,B6,A$1:A6,A6)>1,0,SUMIFS(四角板抜き穴専用!Q:Q,四角板抜き穴専用!A:A,四角板専用!A6,四角板抜き穴専用!B:B,B6))) -> 28.26 | O6: =IF(O5>0,0,IF(A7&B7=A6&B6,0,IF(COUNTIFS(A:A,A6,B:B,B6)>=2,SUMIFS(M:M,A:A,A6,B:B,B6),0))) -> 0 | T6: =M6 -> 28.26
A7: 本体 | B7: H詳細 | C7: SS400 | D7: =IF(ISNA(VLOOKUP(四角板専用!C7,四角板専用!AA$1:AC$9999,2,FALSE)),0,VLOOKUP(四角板専用!C7,四角板専用!AA$1:AC$9999,2,FALSE)) -> 7.85 | E7: 170 | F7: =IF(G7=0,0,G7*PI()*(1-(H7/360))) -> 0 | H7: =IF(G7=0,0,IF(I7="90°",270,ASIN((I7/2)/(G7/2))*180/PI()*2)) -> 0 | J7: 75 | K7: 16 | L7: 8 | M7: =IF(D7+E7+F7+N7=0,"",IF(E7=0,(D7*F7*J7*K7*L7)/1000000+N7,(D7*E7*J7*K7*L7)/1000000+N7)-IF(COUNTIFS(B$1:B7,B7,A$1:A7,A7)>1,0,SUMIFS(四角板抜き穴専用!Q:Q,四角板抜き穴専用!A:A,四角板専用!A7,四角板抜き穴専用!B:B,B7))) -> 12.8112 | O7: =IF(O6>0,0,IF(A8&B8=A7&B7,0,IF(COUNTIFS(A:A,A7,B:B,B7)>=2,SUMIFS(M:M,A:A,A7,B:B,B7),0))) -> 0 | T7: =M7 -> 12.8112
A8: 本体 | B8: 吊金具 | C8: SS400 | D8: =IF(ISNA(VLOOKUP(四角板専用!C8,四角板専用!AA$1:AC$9999,2,FALSE)),0,VLOOKUP(四角板専用!C8,四角板専用!AA$1:AC$9999,2,FALSE)) -> 7.85 | E8: 150 | F8: =IF(G8=0,0,G8*PI()*(1-(H8/360))) -> 0 | H8: =IF(G8=0,0,IF(I8="90°",270,ASIN((I8/2)/(G8/2))*180/PI()*2)) -> 0 | J8: 100 | K8: 12 | L8: 8 | M8: =IF(D8+E8+F8+N8=0,"",IF(E8=0,(D8*F8*J8*K8*L8)/1000000+N8,(D8*E8*J8*K8*L8)/1000000+N8)-IF(COUNTIFS(B$1:B8,B8,A$1:A8,A8)>1,0,SUMIFS(四角板抜き穴専用!Q:Q,四角板抜き穴専用!A:A,四角板専用!A8,四角板抜き穴専用!B:B,B8))) -> 11.304 | O8: =IF(O7>0,0,IF(A9&B9=A8&B8,0,IF(COUNTIFS(A:A,A8,B:B,B8)>=2,SUMIFS(M:M,A:A,A8,B:B,B8),0))) -> 0 | T8: =M8 -> 11.304
A9: 本体 | B9: 銘板取付座 | C9: SS400 | D9: =IF(ISNA(VLOOKUP(四角板専用!C9,四角板専用!AA$1:AC$9999,2,FALSE)),0,VLOOKUP(四角板専用!C9,四角板専用!AA$1:AC$9999,2,FALSE)) -> 7.85 | E9: 215 | F9: =IF(G9=0,0,G9*PI()*(1-(H9/360))) -> 0 | H9: =IF(G9=0,0,IF(I9="90°",270,ASIN((I9/2)/(G9/2))*180/PI()*2)) -> 0 | J9: 175 | K9: 4.5 | L9: 1 | M9: =IF(D9+E9+F9+N9=0,"",IF(E9=0,(D9*F9*J9*K9*L9)/1000000+N9,(D9*E9*J9*K9*L9)/1000000+N9)-IF(COUNTIFS(B$1:B9,B9,A$1:A9,A9)>1,0,SUMIFS(四角板抜き穴専用!Q:Q,四角板抜き穴専用!A:A,四角板専用!A9,四角板抜き穴専用!B:B,B9))) -> 1.3291031 | O9: =IF(O8>0,0,IF(A10&B10=A9&B9,0,IF(COUNTIFS(A:A,A9,B:B,B9)>=2,SUMIFS(M:M,A:A,A9,B:B,B9),0))) -> 0 | T9: =M9 -> 1.3291031
A10: 本体 | B10: 銘板取付座 | C10: SS400 | D10: =IF(ISNA(VLOOKUP(四角板専用!C10,四角板専用!AA$1:AC$9999,2,FALSE)),0,VLOOKUP(四角板専用!C10,四角板専用!AA$1:AC$9999,2,FALSE)) -> 7.85 | E10: 175 | F10: =IF(G10=0,0,G10*PI()*(1-(H10/360))) -> 0 | H10: =IF(G10=0,0,IF(I10="90°",270,ASIN((I10/2)/(G10/2))*180/PI()*2)) -> 0 | J10: 50 | K10: 4.5 | L10: 2 | M10: =IF(D10+E10+F10+N10=0,"",IF(E10=0,(D10*F10*J10*K10*L10)/1000000+N10,(D10*E10*J10*K10*L10)/1000000+N10)-IF(COUNTIFS(B$1:B10,B10,A$1:A10,A10)>1,0,SUMIFS(四角板抜き穴専用!Q:Q,四角板抜き穴専用!A:A,四角板専用!A10,四角板抜き穴専用!B:B,B10))) -> 0.6181875 | O10: =IF(O9>0,0,IF(A11&B11=A10&B10,0,IF(COUNTIFS(A:A,A10,B:B,B10)>=2,SUMIFS(M:M,A:A,A10,B:B,B10),0))) -> 1.9472906 | T10: =M10 -> 0.6181875
A11: ノズル他詳細 | B11: N-7 | C11: SS400 | D11: =IF(ISNA(VLOOKUP(四角板専用!C11,四角板専用!AA$1:AC$9999,2,FALSE)),0,VLOOKUP(四角板専用!C11,四角板専用!AA$1:AC$9999,2,FALSE)) -> 7.85 | E11: 133.7 | F11: =IF(G11=0,0,G11*PI()*(1-(H11/360))) -> 0 | H11: =IF(G11=0,0,IF(I11="90°",270,ASIN((I11/2)/(G11/2))*180/PI()*2)) -> 0 | J11: 267.4 | K11: 6 | L11: 1 | M11: =IF(D11+E11+F11+N11=0,"",IF(E11=0,(D11*F11*J11*K11*L11)/1000000+N11,(D11*E11*J11*K11*L11)/1000000+N11)-IF(COUNTIFS(B$1:B11,B11,A$1:A11,A11)>1,0,SUMIFS(四角板抜き穴専用!Q:Q,四角板抜き穴専用!A:A,四角板専用!A11,四角板抜き穴専用!B:B,B11))) -> 1.68389 | O11: =IF(O10>0,0,IF(A12&B12=A11&B11,0,IF(COUNTIFS(A:A,A11,B:B,B11)>=2,SUMIFS(M:M,A:A,A11,B:B,B11),0))) -> 0 | T11: =M11 -> 1.68389
A12: ノズル他詳細 | B12: M-1蓋 | C12: SS400 | D12: =IF(ISNA(VLOOKUP(四角板専用!C12,四角板専用!AA$1:AC$9999,2,FALSE)),0,VLOOKUP(四角板専用!C12,四角板専用!AA$1:AC$9999,2,FALSE)) -> 7.85 | E12: 325 | F12: =IF(G12=0,0,G12*PI()*(1-(H12/360))) -> 0 | H12: =IF(G12=0,0,IF(I12="90°",270,ASIN((I12/2)/(G12/2))*180/PI()*2)) -> 0 | J12: 50 | K12: 9 | L12: 2 | M12: =IF(D12+E12+F12+N12=0,"",IF(E12=0,(D12*F12*J12*K12*L12)/1000000+N12,(D12*E12*J12*K12*L12)/1000000+N12)-IF(COUNTIFS(B$1:B12,B12,A$1:A12,A12)>1,0,SUMIFS(四角板抜き穴専用!Q:Q,四角板抜き穴専用!A:A,四角板専用!A12,四角板抜き穴専用!B:B,B12))) -> 2.296125 | O12: =IF(O11>0,0,IF(A13&B13=A12&B12,0,IF(COUNTIFS(A:A,A12,B:B,B12)>=2,SUMIFS(M:M,A:A,A12,B:B,B12),0))) -> 0 | T12: =M12 -> 2.296125
A13: ノズル他詳細 | B13: M-1蓋 | C13: SS400 | D13: =IF(ISNA(VLOOKUP(四角板専用!C13,四角板専用!AA$1:AC$9999,2,FALSE)),0,VLOOKUP(四角板専用!C13,四角板専用!AA$1:AC$9999,2,FALSE)) -> 7.85 | E13: 37 | F13: =IF(G13=0,0,G13*PI()*(1-(H13/360))) -> 0 | H13: =IF(G13=0,0,IF(I13="90°",270,ASIN((I13/2)/(G13/2))*180/PI()*2)) -> 0 | J13: 50 | K13: 9 | L13: 2 | M13: =IF(D13+E13+F13+N13=0,"",IF(E13=0,(D13*F13*J13*K13*L13)/1000000+N13,(D13*E13*J13*K13*L13)/1000000+N13)-IF(COUNTIFS(B$1:B13,B13,A$1:A13,A13)>1,0,SUMIFS(四角板抜き穴専用!Q:Q,四角板抜き穴専用!A:A,四角板専用!A13,四角板抜き穴専用!B:B,B13))) -> 0.261405 | O13: =IF(O12>0,0,IF(A14&B14=A13&B13,0,IF(COUNTIFS(A:A,A13,B:B,B13)>=2,SUMIFS(M:M,A:A,A13,B:B,B13),0))) -> 2.55753 | T13: =M13 -> 0.261405
A14: ノズル他詳細 | B14: M-1受 | C14: SS400 | D14: =IF(ISNA(VLOOKUP(四角板専用!C14,四角板専用!AA$1:AC$9999,2,FALSE)),0,VLOOKUP(四角板専用!C14,四角板専用!AA$1:AC$9999,2,FALSE)) -> 7.85 | F14: =IF(G14=0,0,G14*PI()*(1-(H14/360))) -> 1903.8051 | G14: 606 | H14: =IF(G14=0,0,IF(I14="90°",270,ASIN((I14/2)/(G14/2))*180/PI()*2)) -> 0 | J14: 365 | K14: 6 | L14: 1 | M14: =IF(D14+E14+F14+N14=0,"",IF(E14=0,(D14*F14*J14*K14*L14)/1000000+N14,(D14*E14*J14*K14*L14)/1000000+N14)-IF(COUNTIFS(B$1:B14,B14,A$1:A14,A14)>1,0,SUMIFS(四角板抜き穴専用!Q:Q,四角板抜き穴専用!A:A,四角板専用!A14,四角板抜き穴専用!B:B,B14))) -> 32.729266 | O14: =IF(O13>0,0,IF(A15&B15=A14&B14,0,IF(COUNTIFS(A:A,A14,B:B,B14)>=2,SUMIFS(M:M,A:A,A14,B:B,B14),0))) -> 0 | T14: =M14 -> 32.729266
A15: ノズル他詳細 | B15: 落下防止 | C15: SUS304 | D15: =IF(ISNA(VLOOKUP(四角板専用!C15,四角板専用!AA$1:AC$9999,2,FALSE)),0,VLOOKUP(四角板専用!C15,四角板専用!AA$1:AC$9999,2,FALSE)) -> 7.93 | E15: 80 | F15: =IF(G15=0,0,G15*PI()*(1-(H15/360))) -> 0 | H15: =IF(G15=0,0,IF(I15="90°",270,ASIN((I15/2)/(G15/2))*180/PI()*2)) -> 0 | J15: 62 | K15: 9 | L15: 2 | M15: =IF(D15+E15+F15+N15=0,"",IF(E15=0,(D15*F15*J15*K15*L15)/1000000+N15,(D15*E15*J15*K15*L15)/1000000+N15)-IF(COUNTIFS(B$1:B15,B15,A$1:A15,A15)>1,0,SUMIFS(四角板抜き穴専用!Q:Q,四角板抜き穴専用!A:A,四角板専用!A15,四角板抜き穴専用!B:B,B15))) -> 0.7079904 | O15: =IF(O14>0,0,IF(A16&B16=A15&B15,0,IF(COUNTIFS(A:A,A15,B:B,B15)>=2,SUMIFS(M:M,A:A,A15,B:B,B15),0))) -> 0 | T15: =M15 -> 0.7079904
A16: ノズル他詳細 | B16: 落下防止 | C16: SUS304 | D16: =IF(ISNA(VLOOKUP(四角板専用!C16,四角板専用!AA$1:AC$9999,2,FALSE)),0,VLOOKUP(四角板専用!C16,四角板専用!AA$1:AC$9999,2,FALSE)) -> 7.93 | E16: 61 | F16: =IF(G16=0,0,G16*PI()*(1-(H16/360))) -> 0 | H16: =IF(G16=0,0,IF(I16="90°",270,ASIN((I16/2)/(G16/2))*180/PI()*2)) -> 0 | J16: 38 | K16: 9 | L16: 2 | M16: =IF(D16+E16+F16+N16=0,"",IF(E16=0,(D16*F16*J16*K16*L16)/1000000+N16,(D16*E16*J16*K16*L16)/1000000+N16)-IF(COUNTIFS(B$1:B16,B16,A$1:A16,A16)>1,0,SUMIFS(四角板抜き穴専用!Q:Q,四角板抜き穴専用!A:A,四角板専用!A16,四角板抜き穴専用!B:B,B16))) -> 0.33087132 | O16: =IF(O15>0,0,IF(A17&B17=A16&B16,0,IF(COUNTIFS(A:A,A16,B:B,B16)>=2,SUMIFS(M:M,A:A,A16,B:B,B16),0))) -> 0 | T16: =M16 -> 0.33087132
A17: ノズル他詳細 | B17: 落下防止 | C17: SUS304 | D17: =IF(ISNA(VLOOKUP(四角板専用!C17,四角板専用!AA$1:AC$9999,2,FALSE)),0,VLOOKUP(四角板専用!C17,四角板専用!AA$1:AC$9999,2,FALSE)) -> 7.93 | E17: 69 | F17: =IF(G17=0,0,G17*PI()*(1-(H17/360))) -> 0 | H17: =IF(G17=0,0,IF(I17="90°",270,ASIN((I17/2)/(G17/2))*180/PI()*2)) -> 0 | J17: 38 | K17: 9 | L17: 2 | M17: =IF(D17+E17+F17+N17=0,"",IF(E17=0,(D17*F17*J17*K17*L17)/1000000+N17,(D17*E17*J17*K17*L17)/1000000+N17)-IF(COUNTIFS(B$1:B17,B17,A$1:A17,A17)>1,0,SUMIFS(四角板抜き穴専用!Q:Q,四角板抜き穴専用!A:A,四角板専用!A17,四角板抜き穴専用!B:B,B17))) -> 0.37426428 | O17: =IF(O16>0,0,IF(A18&B18=A17&B17,0,IF(COUNTIFS(A:A,A17,B:B,B17)>=2,SUMIFS(M:M,A:A,A17,B:B,B17),0))) -> 1.413126 | T17: =M17 -> 0.37426428
A18: ノズル他詳細 | B18: M-2 | C18: SS400 | D18: =IF(ISNA(VLOOKUP(四角板専用!C18,四角板専用!AA$1:AC$9999,2,FALSE)),0,VLOOKUP(四角板専用!C18,四角板専用!AA$1:AC$9999,2,FALSE)) -> 7.85 | E18: 206 | F18: =IF(G18=0,0,G18*PI()*(1-(H18/360))) -> 0 | H18: =IF(G18=0,0,IF(I18="90°",270,ASIN((I18/2)/(G18/2))*180/PI()*2)) -> 0 | J18: 270 | K18: 6 | L18: 2 | M18: =IF(D18+E18+F18+N18=0,"",IF(E18=0,(D18*F18*J18*K18*L18)/1000000+N18,(D18*E18*J18*K18*L18)/1000000+N18)-IF(COUNTIFS(B$1:B18,B18,A$1:A18,A18)>1,0,SUMIFS(四角板抜き穴専用!Q:Q,四角板抜き穴専用!A:A,四角板専用!A18,四角板抜き穴専用!B:B,B18))) -> 5.239404 | O18: =IF(O17>0,0,IF(A19&B19=A18&B18,0,IF(COUNTIFS(A:A,A18,B:B,B18)>=2,SUMIFS(M:M,A:A,A18,B:B,B18),0))) -> 0 | T18: =M18 -> 5.239404
A19: ノズル他詳細 | B19: M-2 | C19: SS400 | D19: =IF(ISNA(VLOOKUP(四角板専用!C19,四角板専用!AA$1:AC$9999,2,FALSE)),0,VLOOKUP(四角板専用!C19,四角板専用!AA$1:AC$9999,2,FALSE)) -> 7.85 | E19: 294 | F19: =IF(G19=0,0,G19*PI()*(1-(H19/360))) -> 0 | H19: =IF(G19=0,0,IF(I19="90°",270,ASIN((I19/2)/(G19/2))*180/PI()*2)) -> 0 | J19: 270 | K19: 6 | L19: 2 | M19: =IF(D19+E19+F19+N19=0,"",IF(E19=0,(D19*F19*J19*K19*L19)/1000000+N19,(D19*E19*J19*K19*L19)/1000000+N19)-IF(COUNTIFS(B$1:B19,B19,A$1:A19,A19)>1,0,SUMIFS(四角板抜き穴専用!Q:Q,四角板抜き穴専用!A:A,四角板専用!A19,四角板抜き穴専用!B:B,B19))) -> 7.477596 | O19: =IF(O18>0,0,IF(A20&B20=A19&B19,0,IF(COUNTIFS(A:A,A19,B:B,B19)>=2,SUMIFS(M:M,A:A,A19,B:B,B19),0))) -> 0 | T19: =M19 -> 7.477596
A20: ノズル他詳細 | B20: M-2 | C20: SS400 | D20: =IF(ISNA(VLOOKUP(四角板専用!C20,四角板専用!AA$1:AC$9999,2,FALSE)),0,VLOOKUP(四角板専用!C20,四角板専用!AA$1:AC$9999,2,FALSE)) -> 7.85 | F20: =IF(G20=0,0,G20*PI()*(1-(H20/360))) -> 0 | H20: =IF(G20=0,0,IF(I20="90°",270,ASIN((I20/2)/(G20/2))*180/PI()*2)) -> 0 | M20: =IF(D20+E20+F20+N20=0,"",IF(E20=0,(D20*F20*J20*K20*L20)/1000000+N20,(D20*E20*J20*K20*L20)/1000000+N20)-IF(COUNTIFS(B$1:B20,B20,A$1:A20,A20)>1,0,SUMIFS(四角板抜き穴専用!Q:Q,四角板抜き穴専用!A:A,四角板専用!A20,四角板抜き穴専用!B:B,B20))) -> 3.3 | N20: 3.3 | O20: =IF(O19>0,0,IF(A21&B21=A20&B20,0,IF(COUNTIFS(A:A,A20,B:B,B20)>=2,SUMIFS(M:M,A:A,A20,B:B,B20),0))) -> 16.017 | T20: =M20 -> 3.3
A21: ノズル他詳細 | B21: 8詳細 | C21: SS400 | D21: =IF(ISNA(VLOOKUP(四角板専用!C21,四角板専用!AA$1:AC$9999,2,FALSE)),0,VLOOKUP(四角板専用!C21,四角板専用!AA$1:AC$9999,2,FALSE)) -> 7.85 | F21: =IF(G21=0,0,G21*PI()*(1-(H21/360))) -> 0 | H21: =IF(G21=0,0,IF(I21="90°",270,ASIN((I21/2)/(G21/2))*180/PI()*2)) -> 0 | M21: =IF(D21+E21+F21+N21=0,"",IF(E21=0,(D21*F21*J21*K21*L21)/1000000+N21,(D21*E21*J21*K21*L21)/1000000+N21)-IF(COUNTIFS(B$1:B21,B21,A$1:A21,A21)>1,0,SUMIFS(四角板抜き穴専用!Q:Q,四角板抜き穴専用!A:A,四角板専用!A21,四角板抜き穴専用!B:B,B21))) -> 0.07332 | N21: =0.0592+0.0063*2+0.00152 -> 0.07332 | O21: =IF(O20>0,0,IF(A22&B22=A21&B21,0,IF(COUNTIFS(A:A,A21,B:B,B21)>=2,SUMIFS(M:M,A:A,A21,B:B,B21),0))) -> 0 | T21: =M21 -> 0.07332
A22: 点検ステージ | B22: 床 | C22: SS400 | D22: =IF(ISNA(VLOOKUP(四角板専用!C22,四角板専用!AA$1:AC$9999,2,FALSE)),0,VLOOKUP(四角板専用!C22,四角板専用!AA$1:AC$9999,2,FALSE)) -> 7.85 | E22: 3455 | F22: =IF(G22=0,0,G22*PI()*(1-(H22/360))) -> 0 | H22: =IF(G22=0,0,IF(I22="90°",270,ASIN((I22/2)/(G22/2))*180/PI()*2)) -> 0 | J22: 2300 | K22: 4.5 | L22: 1 | M22: =IF(D22+E22+F22+N22=0,"",IF(E22=0,(D22*F22*J22*K22*L22)/1000000+N22,(D22*E22*J22*K22*L22)/1000000+N22)-IF(COUNTIFS(B$1:B22,B22,A$1:A22,A22)>1,0,SUMIFS(四角板抜き穴専用!Q:Q,四角板抜き穴専用!A:A,四角板専用!A22,四角板抜き穴専用!B:B,B22))) -> 242.14916 | O22: =IF(O21>0,0,IF(A23&B23=A22&B22,0,IF(COUNTIFS(A:A,A22,B:B,B22)>=2,SUMIFS(M:M,A:A,A22,B:B,B22),0))) -> 0 | T22: =M22 -> 242.14916
A23: 点検ステージ | B23: 床 | C23: SS400 | D23: =IF(ISNA(VLOOKUP(四角板専用!C23,四角板専用!AA$1:AC$9999,2,FALSE)),0,VLOOKUP(四角板専用!C23,四角板専用!AA$1:AC$9999,2,FALSE)) -> 7.85 | E23: 2177.5 | F23: =IF(G23=0,0,G23*PI()*(1-(H23/360))) -> 0 | H23: =IF(G23=0,0,IF(I23="90°",270,ASIN((I23/2)/(G23/2))*180/PI()*2)) -> 0 | J23: 1705 | K23: 4.5 | L23: 1 | M23: =IF(D23+E23+F23+N23=0,"",IF(E23=0,(D23*F23*J23*K23*L23)/1000000+N23,(D23*E23*J23*K23*L23)/1000000+N23)-IF(COUNTIFS(B$1:B23,B23,A$1:A23,A23)>1,0,SUMIFS(四角板抜き穴専用!Q:Q,四角板抜き穴専用!A:A,四角板専用!A23,四角板抜き穴専用!B:B,B23))) -> 131.14892 | O23: =IF(O22>0,0,IF(A24&B24=A23&B23,0,IF(COUNTIFS(A:A,A23,B:B,B23)>=2,SUMIFS(M:M,A:A,A23,B:B,B23),0))) -> 373.29808 | T23: =M23 -> 131.14892
A24: 点検ステージ | B24: ケ止メ | C24: SS400 | D24: =IF(ISNA(VLOOKUP(四角板専用!C24,四角板専用!AA$1:AC$9999,2,FALSE)),0,VLOOKUP(四角板専用!C24,四角板専用!AA$1:AC$9999,2,FALSE)) -> 7.85 | F24: =IF(G24=0,0,G24*PI()*(1-(H24/360))) -> 694.29198 | G24: 221 | H24: =IF(G24=0,0,IF(I24="90°",270,ASIN((I24/2)/(G24/2))*180/PI()*2)) -> 0 | J24: 50 | K24: 6 | L24: 1 | M24: =IF(D24+E24+F24+N24=0,"",IF(E24=0,(D24*F24*J24*K24*L24)/1000000+N24,(D24*E24*J24*K24*L24)/1000000+N24)-IF(COUNTIFS(B$1:B24,B24,A$1:A24,A24)>1,0,SUMIFS(四角板抜き穴専用!Q:Q,四角板抜き穴専用!A:A,四角板専用!A24,四角板抜き穴専用!B:B,B24))) -> 1.6350576 | O24: =IF(O23>0,0,IF(A25&B25=A24&B24,0,IF(COUNTIFS(A:A,A24,B:B,B24)>=2,SUMIFS(M:M,A:A,A24,B:B,B24),0))) -> 0 | T24: =M24 -> 1.6350576
A25: 点検ステージ | B25: ケ止メ | C25: SS400 | D25: =IF(ISNA(VLOOKUP(四角板専用!C25,四角板専用!AA$1:AC$9999,2,FALSE)),0,VLOOKUP(四角板専用!C25,四角板専用!AA$1:AC$9999,2,FALSE)) -> 7.85 | F25: =IF(G25=0,0,G25*PI()*(1-(H25/360))) -> 757.12383 | G25: 241 | H25: =IF(G25=0,0,IF(I25="90°",270,ASIN((I25/2)/(G25/2))*180/PI()*2)) -> 0 | J25: 50 | K25: 6 | L25: 1 | M25: =IF(D25+E25+F25+N25=0,"",IF(E25=0,(D25*F25*J25*K25*L25)/1000000+N25,(D25*E25*J25*K25*L25)/1000000+N25)-IF(COUNTIFS(B$1:B25,B25,A$1:A25,A25)>1,0,SUMIFS(四角板抜き穴専用!Q:Q,四角板抜き穴専用!A:A,四角板専用!A25,四角板抜き穴専用!B:B,B25))) -> 1.7830266 | O25: =IF(O24>0,0,IF(A26&B26=A25&B25,0,IF(COUNTIFS(A:A,A25,B:B,B25)>=2,SUMIFS(M:M,A:A,A25,B:B,B25),0))) -> 0 | T25: =M25 -> 1.7830266
A26: 点検ステージ | B26: ケ止メ | C26: SS400 | D26: =IF(ISNA(VLOOKUP(四角板専用!C26,四角板専用!AA$1:AC$9999,2,FALSE)),0,VLOOKUP(四角板専用!C26,四角板専用!AA$1:AC$9999,2,FALSE)) -> 7.85 | F26: =IF(G26=0,0,G26*PI()*(1-(H26/360))) -> 867.07957 | G26: 276 | H26: =IF(G26=0,0,IF(I26="90°",270,ASIN((I26/2)/(G26/2))*180/PI()*2)) -> 0 | J26: 50 | K26: 6 | L26: 2 | M26: =IF(D26+E26+F26+N26=0,"",IF(E26=0,(D26*F26*J26*K26*L26)/1000000+N26,(D26*E26*J26*K26*L26)/1000000+N26)-IF(COUNTIFS(B$1:B26,B26,A$1:A26,A26)>1,0,SUMIFS(四角板抜き穴専用!Q:Q,四角板抜き穴専用!A:A,四角板専用!A26,四角板抜き穴専用!B:B,B26))) -> 4.0839448 | O26: =IF(O25>0,0,IF(A27&B27=A26&B26,0,IF(COUNTIFS(A:A,A26,B:B,B26)>=2,SUMIFS(M:M,A:A,A26,B:B,B26),0))) -> 0 | T26: =M26 -> 4.0839448
A27: 点検ステージ | B27: ケ止メ | C27: SS400 | D27: =IF(ISNA(VLOOKUP(四角板専用!C27,四角板専用!AA$1:AC$9999,2,FALSE)),0,VLOOKUP(四角板専用!C27,四角板専用!AA$1:AC$9999,2,FALSE)) -> 7.85 | F27: =IF(G27=0,0,G27*PI()*(1-(H27/360))) -> 1039.8672 | G27: 331 | H27: =IF(G27=0,0,IF(I27="90°",270,ASIN((I27/2)/(G27/2))*180/PI()*2)) -> 0 | J27: 50 | K27: 6 | L27: 1 | M27: =IF(D27+E27+F27+N27=0,"",IF(E27=0,(D27*F27*J27*K27*L27)/1000000+N27,(D27*E27*J27*K27*L27)/1000000+N27)-IF(COUNTIFS(B$1:B27,B27,A$1:A27,A27)>1,0,SUMIFS(四角板抜き穴専用!Q:Q,四角板抜き穴専用!A:A,四角板専用!A27,四角板抜き穴専用!B:B,B27))) -> 2.4488872 | O27: =IF(O26>0,0,IF(A28&B28=A27&B27,0,IF(COUNTIFS(A:A,A27,B:B,B27)>=2,SUMIFS(M:M,A:A,A27,B:B,B27),0))) -> 0 | T27: =M27 -> 2.4488872
A28: 点検ステージ | B28: ケ止メ | C28: SS400 | D28: =IF(ISNA(VLOOKUP(四角板専用!C28,四角板専用!AA$1:AC$9999,2,FALSE)),0,VLOOKUP(四角板専用!C28,四角板専用!AA$1:AC$9999,2,FALSE)) -> 7.85 | F28: =IF(G28=0,0,G28*PI()*(1-(H28/360))) -> 2626.3715 | G28: 836 | H28: =IF(G28=0,0,IF(I28="90°",270,ASIN((I28/2)/(G28/2))*180/PI()*2)) -> 0 | J28: 50 | K28: 6 | L28: 1 | M28: =IF(D28+E28+F28+N28=0,"",IF(E28=0,(D28*F28*J28*K28*L28)/1000000+N28,(D28*E28*J28*K28*L28)/1000000+N28)-IF(COUNTIFS(B$1:B28,B28,A$1:A28,A28)>1,0,SUMIFS(四角板抜き穴専用!Q:Q,四角板抜き穴専用!A:A,四角板専用!A28,四角板抜き穴専用!B:B,B28))) -> 6.1851048 | O28: =IF(O27>0,0,IF(A29&B29=A28&B28,0,IF(COUNTIFS(A:A,A28,B:B,B28)>=2,SUMIFS(M:M,A:A,A28,B:B,B28),0))) -> 0 | T28: =M28 -> 6.1851048
A29: 点検ステージ | B29: ケ止メ | C29: SS400 | D29: =IF(ISNA(VLOOKUP(四角板専用!C29,四角板専用!AA$1:AC$9999,2,FALSE)),0,VLOOKUP(四角板専用!C29,四角板専用!AA$1:AC$9999,2,FALSE)) -> 7.85 | F29: =IF(G29=0,0,G29*PI()*(1-(H29/360))) -> 1872.3892 | G29: 596 | H29: =IF(G29=0,0,IF(I29="90°",270,ASIN((I29/2)/(G29/2))*180/PI()*2)) -> 0 | J29: 50 | K29: 6 | L29: 1 | M29: =IF(D29+E29+F29+N29=0,"",IF(E29=0,(D29*F29*J29*K29*L29)/1000000+N29,(D29*E29*J29*K29*L29)/1000000+N29)-IF(COUNTIFS(B$1:B29,B29,A$1:A29,A29)>1,0,SUMIFS(四角板抜き穴専用!Q:Q,四角板抜き穴専用!A:A,四角板専用!A29,四角板抜き穴専用!B:B,B29))) -> 4.4094766 | O29: =IF(O28>0,0,IF(A30&B30=A29&B29,0,IF(COUNTIFS(A:A,A29,B:B,B29)>=2,SUMIFS(M:M,A:A,A29,B:B,B29),0))) -> 20.545498 | T29: =M29 -> 4.4094766
A30: 点検ステージ | B30: C詳細(スペーサ) | C30: SS400 | D30: =IF(ISNA(VLOOKUP(四角板専用!C30,四角板専用!AA$1:AC$9999,2,FALSE)),0,VLOOKUP(四角板専用!C30,四角板専用!AA$1:AC$9999,2,FALSE)) -> 7.85 | E30: 170 | F30: =IF(G30=0,0,G30*PI()*(1-(H30/360))) -> 0 | H30: =IF(G30=0,0,IF(I30="90°",270,ASIN((I30/2)/(G30/2))*180/PI()*2)) -> 0 | J30: 75 | K30: 6 | L30: 8 | M30: =IF(D30+E30+F30+N30=0,"",IF(E30=0,(D30*F30*J30*K30*L30)/1000000+N30,(D30*E30*J30*K30*L30)/1000000+N30)-IF(COUNTIFS(B$1:B30,B30,A$1:A30,A30)>1,0,SUMIFS(四角板抜き穴専用!Q:Q,四角板抜き穴専用!A:A,四角板専用!A30,四角板抜き穴専用!B:B,B30))) -> 4.8042 | O30: =IF(O29>0,0,IF(A31&B31=A30&B30,0,IF(COUNTIFS(A:A,A30,B:B,B30)>=2,SUMIFS(M:M,A:A,A30,B:B,B30),0))) -> 0 | T30: =M30 -> 4.8042
A31: 点検ステージ | B31: D詳細(ガセット) | C31: SS400 | D31: =IF(ISNA(VLOOKUP(四角板専用!C31,四角板専用!AA$1:AC$9999,2,FALSE)),0,VLOOKUP(四角板専用!C31,四角板専用!AA$1:AC$9999,2,FALSE)) -> 7.85 | E31: 198.5 | F31: =IF(G31=0,0,G31*PI()*(1-(H31/360))) -> 0 | H31: =IF(G31=0,0,IF(I31="90°",270,ASIN((I31/2)/(G31/2))*180/PI()*2)) -> 0 | J31: 150 | K31: 6 | L31: 2 | M31: =IF(D31+E31+F31+N31=0,"",IF(E31=0,(D31*F31*J31*K31*L31)/1000000+N31,(D31*E31*J31*K31*L31)/1000000+N31)-IF(COUNTIFS(B$1:B31,B31,A$1:A31,A31)>1,0,SUMIFS(四角板抜き穴専用!Q:Q,四角板抜き穴専用!A:A,四角板専用!A31,四角板抜き穴専用!B:B,B31))) -> 2.804805 | O31: =IF(O30>0,0,IF(A32&B32=A31&B31,0,IF(COUNTIFS(A:A,A31,B:B,B31)>=2,SUMIFS(M:M,A:A,A31,B:B,B31),0))) -> 0 | T31: =M31 -> 2.804805
A32: 手摺配置 | B32: 取付座(25A) | C32: SS400 | D32: =IF(ISNA(VLOOKUP(四角板専用!C32,四角板専用!AA$1:AC$9999,2,FALSE)),0,VLOOKUP(四角板専用!C32,四角板専用!AA$1:AC$9999,2,FALSE)) -> 7.85 | E32: 140 | F32: =IF(G32=0,0,G32*PI()*(1-(H32/360))) -> 0 | H32: =IF(G32=0,0,IF(I32="90°",270,ASIN((I32/2)/(G32/2))*180/PI()*2)) -> 0 | J32: 50 | K32: 6 | L32: 23 | M32: =IF(D32+E32+F32+N32=0,"",IF(E32=0,(D32*F32*J32*K32*L32)/1000000+N32,(D32*E32*J32*K32*L32)/1000000+N32)-IF(COUNTIFS(B$1:B32,B32,A$1:A32,A32)>1,0,SUMIFS(四角板抜き穴専用!Q:Q,四角板抜き穴専用!A:A,四角板専用!A32,四角板抜き穴専用!B:B,B32))) -> 7.5831 | O32: =IF(O31>0,0,IF(A33&B33=A32&B32,0,IF(COUNTIFS(A:A,A32,B:B,B32)>=2,SUMIFS(M:M,A:A,A32,B:B,B32),0))) -> 0 | T32: =M32 -> 7.5831
A33: 手摺配置 | B33: 32A取付座(ラダー以外) | C33: SS400 | D33: =IF(ISNA(VLOOKUP(四角板専用!C33,四角板専用!AA$1:AC$9999,2,FALSE)),0,VLOOKUP(四角板専用!C33,四角板専用!AA$1:AC$9999,2,FALSE)) -> 7.85 | E33: 140 | F33: =IF(G33=0,0,G33*PI()*(1-(H33/360))) -> 0 | H33: =IF(G33=0,0,IF(I33="90°",270,ASIN((I33/2)/(G33/2))*180/PI()*2)) -> 0 | J33: 50 | K33: 6 | L33: 12 | M33: =IF(D33+E33+F33+N33=0,"",IF(E33=0,(D33*F33*J33*K33*L33)/1000000+N33,(D33*E33*J33*K33*L33)/1000000+N33)-IF(COUNTIFS(B$1:B33,B33,A$1:A33,A33)>1,0,SUMIFS(四角板抜き穴専用!Q:Q,四角板抜き穴専用!A:A,四角板専用!A33,四角板抜き穴専用!B:B,B33))) -> 3.9564 | O33: =IF(O32>0,0,IF(A34&B34=A33&B33,0,IF(COUNTIFS(A:A,A33,B:B,B33)>=2,SUMIFS(M:M,A:A,A33,B:B,B33),0))) -> 0 | T33: =M33 -> 3.9564
A34: ラダー | B34: AB詳細 | C34: SS400 | D34: =IF(ISNA(VLOOKUP(四角板専用!C34,四角板専用!AA$1:AC$9999,2,FALSE)),0,VLOOKUP(四角板専用!C34,四角板専用!AA$1:AC$9999,2,FALSE)) -> 7.85 | E34: 83.65 | F34: =IF(G34=0,0,G34*PI()*(1-(H34/360))) -> 0 | H34: =IF(G34=0,0,IF(I34="90°",270,ASIN((I34/2)/(G34/2))*180/PI()*2)) -> 0 | J34: 100 | K34: 9 | L34: 4 | M34: =IF(D34+E34+F34+N34=0,"",IF(E34=0,(D34*F34*J34*K34*L34)/1000000+N34,(D34*E34*J34*K34*L34)/1000000+N34)-IF(COUNTIFS(B$1:B34,B34,A$1:A34,A34)>1,0,SUMIFS(四角板抜き穴専用!Q:Q,四角板抜き穴専用!A:A,四角板専用!A34,四角板抜き穴専用!B:B,B34))) -> 2.363949 | O34: =IF(O33>0,0,IF(A35&B35=A34&B34,0,IF(COUNTIFS(A:A,A34,B:B,B34)>=2,SUMIFS(M:M,A:A,A34,B:B,B34),0))) -> 0 | T34: =M34 -> 2.363949
A35: ラダー | B35: AB詳細 | C35: SS400 | D35: =IF(ISNA(VLOOKUP(四角板専用!C35,四角板専用!AA$1:AC$9999,2,FALSE)),0,VLOOKUP(四角板専用!C35,四角板専用!AA$1:AC$9999,2,FALSE)) -> 7.85 | E35: 80 | F35: =IF(G35=0,0,G35*PI()*(1-(H35/360))) -> 0 | H35: =IF(G35=0,0,IF(I35="90°",270,ASIN((I35/2)/(G35/2))*180/PI()*2)) -> 0 | J35: 100 | K35: 9 | L35: 4 | M35: =IF(D35+E35+F35+N35=0,"",IF(E35=0,(D35*F35*J35*K35*L35)/1000000+N35,(D35*E35*J35*K35*L35)/1000000+N35)-IF(COUNTIFS(B$1:B35,B35,A$1:A35,A35)>1,0,SUMIFS(四角板抜き穴専用!Q:Q,四角板抜き穴専用!A:A,四角板専用!A35,四角板抜き穴専用!B:B,B35))) -> 2.2608 | O35: =IF(O34>0,0,IF(A36&B36=A35&B35,0,IF(COUNTIFS(A:A,A35,B:B,B35)>=2,SUMIFS(M:M,A:A,A35,B:B,B35),0))) -> 4.624749 | T35: =M35 -> 2.2608
A36: ラダー | B36: D詳細 | C36: SS400 | D36: =IF(ISNA(VLOOKUP(四角板専用!C36,四角板専用!AA$1:AC$9999,2,FALSE)),0,VLOOKUP(四角板専用!C36,四角板専用!AA$1:AC$9999,2,FALSE)) -> 7.85 | E36: 120 | F36: =IF(G36=0,0,G36*PI()*(1-(H36/360))) -> 0 | H36: =IF(G36=0,0,IF(I36="90°",270,ASIN((I36/2)/(G36/2))*180/PI()*2)) -> 0 | J36: 50 | K36: 6 | L36: 1 | M36: =IF(D36+E36+F36+N36=0,"",IF(E36=0,(D36*F36*J36*K36*L36)/1000000+N36,(D36*E36*J36*K36*L36)/1000000+N36)-IF(COUNTIFS(B$1:B36,B36,A$1:A36,A36)>1,0,SUMIFS(四角板抜き穴専用!Q:Q,四角板抜き穴専用!A:A,四角板専用!A36,四角板抜き穴専用!B:B,B36))) -> 0.2826 | O36: =IF(O35>0,0,IF(A37&B37=A36&B36,0,IF(COUNTIFS(A:A,A36,B:B,B36)>=2,SUMIFS(M:M,A:A,A36,B:B,B36),0))) -> 0 | T36: =M36 -> 0.2826
A37: ラダー | B37: D詳細 | C37: SS400 | D37: =IF(ISNA(VLOOKUP(四角板専用!C37,四角板専用!AA$1:AC$9999,2,FALSE)),0,VLOOKUP(四角板専用!C37,四角板専用!AA$1:AC$9999,2,FALSE)) -> 7.85 | E37: 150 | F37: =IF(G37=0,0,G37*PI()*(1-(H37/360))) -> 0 | H37: =IF(G37=0,0,IF(I37="90°",270,ASIN((I37/2)/(G37/2))*180/PI()*2)) -> 0 | J37: 50 | K37: 6 | L37: 1 | M37: =IF(D37+E37+F37+N37=0,"",IF(E37=0,(D37*F37*J37*K37*L37)/1000000+N37,(D37*E37*J37*K37*L37)/1000000+N37)-IF(COUNTIFS(B$1:B37,B37,A$1:A37,A37)>1,0,SUMIFS(四角板抜き穴専用!Q:Q,四角板抜き穴専用!A:A,四角板専用!A37,四角板抜き穴専用!B:B,B37))) -> 0.35325 | O37: =IF(O36>0,0,IF(A38&B38=A37&B37,0,IF(COUNTIFS(A:A,A37,B:B,B37)>=2,SUMIFS(M:M,A:A,A37,B:B,B37),0))) -> 0 | T37: =M37 -> 0.35325
A38: ラダー | B38: D詳細 | C38: SS400 | D38: =IF(ISNA(VLOOKUP(四角板専用!C38,四角板専用!AA$1:AC$9999,2,FALSE)),0,VLOOKUP(四角板専用!C38,四角板専用!AA$1:AC$9999,2,FALSE)) -> 7.85 | E38: 73.65 | F38: =IF(G38=0,0,G38*PI()*(1-(H38/360))) -> 0 | H38: =IF(G38=0,0,IF(I38="90°",270,ASIN((I38/2)/(G38/2))*180/PI()*2)) -> 0 | J38: 50 | K38: 6 | L38: 1 | M38: =IF(D38+E38+F38+N38=0,"",IF(E38=0,(D38*F38*J38*K38*L38)/1000000+N38,(D38*E38*J38*K38*L38)/1000000+N38)-IF(COUNTIFS(B$1:B38,B38,A$1:A38,A38)>1,0,SUMIFS(四角板抜き穴専用!Q:Q,四角板抜き穴専用!A:A,四角板専用!A38,四角板抜き穴専用!B:B,B38))) -> 0.17344575 | O38: =IF(O37>0,0,IF(A39&B39=A38&B38,0,IF(COUNTIFS(A:A,A38,B:B,B38)>=2,SUMIFS(M:M,A:A,A38,B:B,B38),0))) -> 0.80929575 | T38: =M38 -> 0.17344575
A39: ラダー | B39: 手摺受座 | C39: SS400 | D39: =IF(ISNA(VLOOKUP(四角板専用!C39,四角板専用!AA$1:AC$9999,2,FALSE)),0,VLOOKUP(四角板専用!C39,四角板専用!AA$1:AC$9999,2,FALSE)) -> 7.85 | E39: 100 | F39: =IF(G39=0,0,G39*PI()*(1-(H39/360))) -> 0 | H39: =IF(G39=0,0,IF(I39="90°",270,ASIN((I39/2)/(G39/2))*180/PI()*2)) -> 0 | J39: 50 | K39: 6 | L39: 1 | M39: =IF(D39+E39+F39+N39=0,"",IF(E39=0,(D39*F39*J39*K39*L39)/1000000+N39,(D39*E39*J39*K39*L39)/1000000+N39)-IF(COUNTIFS(B$1:B39,B39,A$1:A39,A39)>1,0,SUMIFS(四角板抜き穴専用!Q:Q,四角板抜き穴専用!A:A,四角板専用!A39,四角板抜き穴専用!B:B,B39))) -> 0.2355 | O39: =IF(O38>0,0,IF(A40&B40=A39&B39,0,IF(COUNTIFS(A:A,A39,B:B,B39)>=2,SUMIFS(M:M,A:A,A39,B:B,B39),0))) -> 0 | T39: =M39 -> 0.2355
D40: =IF(ISNA(VLOOKUP(四角板専用!C40,四角板専用!AA$1:AC$9999,2,FALSE)),0,VLOOKUP(四角板専用!C40,四角板専用!AA$1:AC$9999,2,FALSE)) -> 0 | F40: =IF(G40=0,0,G40*PI()*(1-(H40/360))) -> 0 | H40: =IF(G40=0,0,IF(I40="90°",270,ASIN((I40/2)/(G40/2))*180/PI()*2)) -> 0 | M40: =IF(D40+E40+F40+N40=0,"",IF(E40=0,(D40*F40*J40*K40*L40)/1000000+N40,(D40*E40*J40*K40*L40)/1000000+N40)-IF(COUNTIFS(B$1:B40,B40,A$1:A40,A40)>1,0,SUMIFS(四角板抜き穴専用!Q:Q,四角板抜き穴専用!A:A,四角板専用!A40,四角板抜き穴専用!B:B,B40))) | O40: =IF(O39>0,0,IF(A41&B41=A40&B40,0,IF(COUNTIFS(A:A,A40,B:B,B40)>=2,SUMIFS(M:M,A:A,A40,B:B,B40),0))) -> 0 | T40: =M40
D41: =IF(ISNA(VLOOKUP(四角板専用!C41,四角板専用!AA$1:AC$9999,2,FALSE)),0,VLOOKUP(四角板専用!C41,四角板専用!AA$1:AC$9999,2,FALSE)) -> 0 | F41: =IF(G41=0,0,G41*PI()*(1-(H41/360))) -> 0 | H41: =IF(G41=0,0,IF(I41="90°",270,ASIN((I41/2)/(G41/2))*180/PI()*2)) -> 0 | M41: =IF(D41+E41+F41+N41=0,"",IF(E41=0,(D41*F41*J41*K41*L41)/1000000+N41,(D41*E41*J41*K41*L41)/1000000+N41)-IF(COUNTIFS(B$1:B41,B41,A$1:A41,A41)>1,0,SUMIFS(四角板抜き穴専用!Q:Q,四角板抜き穴専用!A:A,四角板専用!A41,四角板抜き穴専用!B:B,B41))) | O41: =IF(O40>0,0,IF(A42&B42=A41&B41,0,IF(COUNTIFS(A:A,A41,B:B,B41)>=2,SUMIFS(M:M,A:A,A41,B:B,B41),0))) -> 0 | T41: =M41
D42: =IF(ISNA(VLOOKUP(四角板専用!C42,四角板専用!AA$1:AC$9999,2,FALSE)),0,VLOOKUP(四角板専用!C42,四角板専用!AA$1:AC$9999,2,FALSE)) -> 0 | F42: =IF(G42=0,0,G42*PI()*(1-(H42/360))) -> 0 | H42: =IF(G42=0,0,IF(I42="90°",270,ASIN((I42/2)/(G42/2))*180/PI()*2)) -> 0 | M42: =IF(D42+E42+F42+N42=0,"",IF(E42=0,(D42*F42*J42*K42*L42)/1000000+N42,(D42*E42*J42*K42*L42)/1000000+N42)-IF(COUNTIFS(B$1:B42,B42,A$1:A42,A42)>1,0,SUMIFS(四角板抜き穴専用!Q:Q,四角板抜き穴専用!A:A,四角板専用!A42,四角板抜き穴専用!B:B,B42))) | O42: =IF(O41>0,0,IF(A43&B43=A42&B42,0,IF(COUNTIFS(A:A,A42,B:B,B42)>=2,SUMIFS(M:M,A:A,A42,B:B,B42),0))) -> 0 | T42: =M42
D43: =IF(ISNA(VLOOKUP(四角板専用!C43,四角板専用!AA$1:AC$9999,2,FALSE)),0,VLOOKUP(四角板専用!C43,四角板専用!AA$1:AC$9999,2,FALSE)) -> 0 | F43: =IF(G43=0,0,G43*PI()*(1-(H43/360))) -> 0 | H43: =IF(G43=0,0,IF(I43="90°",270,ASIN((I43/2)/(G43/2))*180/PI()*2)) -> 0 | M43: =IF(D43+E43+F43+N43=0,"",IF(E43=0,(D43*F43*J43*K43*L43)/1000000+N43,(D43*E43*J43*K43*L43)/1000000+N43)-IF(COUNTIFS(B$1:B43,B43,A$1:A43,A43)>1,0,SUMIFS(四角板抜き穴専用!Q:Q,四角板抜き穴専用!A:A,四角板専用!A43,四角板抜き穴専用!B:B,B43))) | O43: =IF(O42>0,0,IF(A44&B44=A43&B43,0,IF(COUNTIFS(A:A,A43,B:B,B43)>=2,SUMIFS(M:M,A:A,A43,B:B,B43),0))) -> 0 | T43: =M43
D44: =IF(ISNA(VLOOKUP(四角板専用!C44,四角板専用!AA$1:AC$9999,2,FALSE)),0,VLOOKUP(四角板専用!C44,四角板専用!AA$1:AC$9999,2,FALSE)) -> 0 | F44: =IF(G44=0,0,G44*PI()*(1-(H44/360))) -> 0 | H44: =IF(G44=0,0,IF(I44="90°",270,ASIN((I44/2)/(G44/2))*180/PI()*2)) -> 0 | M44: =IF(D44+E44+F44+N44=0,"",IF(E44=0,(D44*F44*J44*K44*L44)/1000000+N44,(D44*E44*J44*K44*L44)/1000000+N44)-IF(COUNTIFS(B$1:B44,B44,A$1:A44,A44)>1,0,SUMIFS(四角板抜き穴専用!Q:Q,四角板抜き穴専用!A:A,四角板専用!A44,四角板抜き穴専用!B:B,B44))) | O44: =IF(O43>0,0,IF(A45&B45=A44&B44,0,IF(COUNTIFS(A:A,A44,B:B,B44)>=2,SUMIFS(M:M,A:A,A44,B:B,B44),0))) -> 0 | T44: =M44
D45: =IF(ISNA(VLOOKUP(四角板専用!C45,四角板専用!AA$1:AC$9999,2,FALSE)),0,VLOOKUP(四角板専用!C45,四角板専用!AA$1:AC$9999,2,FALSE)) -> 0 | F45: =IF(G45=0,0,G45*PI()*(1-(H45/360))) -> 0 | H45: =IF(G45=0,0,IF(I45="90°",270,ASIN((I45/2)/(G45/2))*180/PI()*2)) -> 0 | M45: =IF(D45+E45+F45+N45=0,"",IF(E45=0,(D45*F45*J45*K45*L45)/1000000+N45,(D45*E45*J45*K45*L45)/1000000+N45)-IF(COUNTIFS(B$1:B45,B45,A$1:A45,A45)>1,0,SUMIFS(四角板抜き穴専用!Q:Q,四角板抜き穴専用!A:A,四角板専用!A45,四角板抜き穴専用!B:B,B45))) | O45: =IF(O44>0,0,IF(A46&B46=A45&B45,0,IF(COUNTIFS(A:A,A45,B:B,B45)>=2,SUMIFS(M:M,A:A,A45,B:B,B45),0))) -> 0 | T45: =M45
D46: =IF(ISNA(VLOOKUP(四角板専用!C46,四角板専用!AA$1:AC$9999,2,FALSE)),0,VLOOKUP(四角板専用!C46,四角板専用!AA$1:AC$9999,2,FALSE)) -> 0 | F46: =IF(G46=0,0,G46*PI()*(1-(H46/360))) -> 0 | H46: =IF(G46=0,0,IF(I46="90°",270,ASIN((I46/2)/(G46/2))*180/PI()*2)) -> 0 | M46: =IF(D46+E46+F46+N46=0,"",IF(E46=0,(D46*F46*J46*K46*L46)/1000000+N46,(D46*E46*J46*K46*L46)/1000000+N46)-IF(COUNTIFS(B$1:B46,B46,A$1:A46,A46)>1,0,SUMIFS(四角板抜き穴専用!Q:Q,四角板抜き穴専用!A:A,四角板専用!A46,四角板抜き穴専用!B:B,B46))) | O46: =IF(O45>0,0,IF(A47&B47=A46&B46,0,IF(COUNTIFS(A:A,A46,B:B,B46)>=2,SUMIFS(M:M,A:A,A46,B:B,B46),0))) -> 0 | T46: =M46
D47: =IF(ISNA(VLOOKUP(四角板専用!C47,四角板専用!AA$1:AC$9999,2,FALSE)),0,VLOOKUP(四角板専用!C47,四角板専用!AA$1:AC$9999,2,FALSE)) -> 0 | F47: =IF(G47=0,0,G47*PI()*(1-(H47/360))) -> 0 | H47: =IF(G47=0,0,IF(I47="90°",270,ASIN((I47/2)/(G47/2))*180/PI()*2)) -> 0 | M47: =IF(D47+E47+F47+N47=0,"",IF(E47=0,(D47*F47*J47*K47*L47)/1000000+N47,(D47*E47*J47*K47*L47)/1000000+N47)-IF(COUNTIFS(B$1:B47,B47,A$1:A47,A47)>1,0,SUMIFS(四角板抜き穴専用!Q:Q,四角板抜き穴専用!A:A,四角板専用!A47,四角板抜き穴専用!B:B,B47))) | O47: =IF(O46>0,0,IF(A48&B48=A47&B47,0,IF(COUNTIFS(A:A,A47,B:B,B47)>=2,SUMIFS(M:M,A:A,A47,B:B,B47),0))) -> 0 | T47: =M47
D48: =IF(ISNA(VLOOKUP(四角板専用!C48,四角板専用!AA$1:AC$9999,2,FALSE)),0,VLOOKUP(四角板専用!C48,四角板専用!AA$1:AC$9999,2,FALSE)) -> 0 | F48: =IF(G48=0,0,G48*PI()*(1-(H48/360))) -> 0 | H48: =IF(G48=0,0,IF(I48="90°",270,ASIN((I48/2)/(G48/2))*180/PI()*2)) -> 0 | M48: =IF(D48+E48+F48+N48=0,"",IF(E48=0,(D48*F48*J48*K48*L48)/1000000+N48,(D48*E48*J48*K48*L48)/1000000+N48)-IF(COUNTIFS(B$1:B48,B48,A$1:A48,A48)>1,0,SUMIFS(四角板抜き穴専用!Q:Q,四角板抜き穴専用!A:A,四角板専用!A48,四角板抜き穴専用!B:B,B48))) | O48: =IF(O47>0,0,IF(A49&B49=A48&B48,0,IF(COUNTIFS(A:A,A48,B:B,B48)>=2,SUMIFS(M:M,A:A,A48,B:B,B48),0))) -> 0 | T48: =M48
D49: =IF(ISNA(VLOOKUP(四角板専用!C49,四角板専用!AA$1:AC$9999,2,FALSE)),0,VLOOKUP(四角板専用!C49,四角板専用!AA$1:AC$9999,2,FALSE)) -> 0 | F49: =IF(G49=0,0,G49*PI()*(1-(H49/360))) -> 0 | H49: =IF(G49=0,0,IF(I49="90°",270,ASIN((I49/2)/(G49/2))*180/PI()*2)) -> 0 | M49: =IF(D49+E49+F49+N49=0,"",IF(E49=0,(D49*F49*J49*K49*L49)/1000000+N49,(D49*E49*J49*K49*L49)/1000000+N49)-IF(COUNTIFS(B$1:B49,B49,A$1:A49,A49)>1,0,SUMIFS(四角板抜き穴専用!Q:Q,四角板抜き穴専用!A:A,四角板専用!A49,四角板抜き穴専用!B:B,B49))) | O49: =IF(O48>0,0,IF(A50&B50=A49&B49,0,IF(COUNTIFS(A:A,A49,B:B,B49)>=2,SUMIFS(M:M,A:A,A49,B:B,B49),0))) -> 0 | T49: =M49
D50: =IF(ISNA(VLOOKUP(四角板専用!C50,四角板専用!AA$1:AC$9999,2,FALSE)),0,VLOOKUP(四角板専用!C50,四角板専用!AA$1:AC$9999,2,FALSE)) -> 0 | F50: =IF(G50=0,0,G50*PI()*(1-(H50/360))) -> 0 | H50: =IF(G50=0,0,IF(I50="90°",270,ASIN((I50/2)/(G50/2))*180/PI()*2)) -> 0 | M50: =IF(D50+E50+F50+N50=0,"",IF(E50=0,(D50*F50*J50*K50*L50)/1000000+N50,(D50*E50*J50*K50*L50)/1000000+N50)-IF(COUNTIFS(B$1:B50,B50,A$1:A50,A50)>1,0,SUMIFS(四角板抜き穴専用!Q:Q,四角板抜き穴専用!A:A,四角板専用!A50,四角板抜き穴専用!B:B,B50))) | O50: =IF(O49>0,0,IF(A51&B51=A50&B50,0,IF(COUNTIFS(A:A,A50,B:B,B50)>=2,SUMIFS(M:M,A:A,A50,B:B,B50),0))) -> 0 | T50: =M50
D51: =IF(ISNA(VLOOKUP(四角板専用!C51,四角板専用!AA$1:AC$9999,2,FALSE)),0,VLOOKUP(四角板専用!C51,四角板専用!AA$1:AC$9999,2,FALSE)) -> 0 | F51: =IF(G51=0,0,G51*PI()*(1-(H51/360))) -> 0 | H51: =IF(G51=0,0,IF(I51="90°",270,ASIN((I51/2)/(G51/2))*180/PI()*2)) -> 0 | M51: =IF(D51+E51+F51+N51=0,"",IF(E51=0,(D51*F51*J51*K51*L51)/1000000+N51,(D51*E51*J51*K51*L51)/1000000+N51)-IF(COUNTIFS(B$1:B51,B51,A$1:A51,A51)>1,0,SUMIFS(四角板抜き穴専用!Q:Q,四角板抜き穴専用!A:A,四角板専用!A51,四角板抜き穴専用!B:B,B51))) | O51: =IF(O50>0,0,IF(A52&B52=A51&B51,0,IF(COUNTIFS(A:A,A51,B:B,B51)>=2,SUMIFS(M:M,A:A,A51,B:B,B51),0))) -> 0 | T51: =M51
... D1000: =IF(ISNA(VLOOKUP(四角板専用!C1000,四角板専用!AA$1:AC$9999,2,FALSE)),0,VLOOKUP(四角板専用!C1000,四角板専用!AA$1:AC$9999,2,FALSE)) -> 0 | F1000: =IF(G1000=0,0,G1000*PI()*(1-(H1000/360))) -> 0 | H1000: =IF(G1000=0,0,IF(I1000="90°",270,ASIN((I1000/2)/(G1000/2))*180/PI()*2)) -> 0 | M1000: =IF(D1000+E1000+F1000+N1000=0,"",IF(E1000=0,(D1000*F1000*J1000*K1000*L1000)/1000000+N1000,(D1000*E1000*J1000*K1000*L1000)/1000000+N1000)-IF(COUNTIFS(B$1:B1000,B1000,A$1:A1000,A1000)>1,0,SUMIFS(四角板抜き穴専用!Q:Q,四角板抜き穴専用!A:A,四角板専用!A1000,四角板抜き穴専用!B:B,B1000))) | O1000: =IF(O999>0,0,IF(A1001&B1001=A1000&B1000,0,IF(COUNTIFS(A:A,A1000,B:B,B1000)>=2,SUMIFS(M:M,A:A,A1000,B:B,B1000),0))) -> 0 | T1000: =M1000
D1001: =IF(ISNA(VLOOKUP(四角板専用!C1001,四角板専用!AA$1:AC$9999,2,FALSE)),0,VLOOKUP(四角板専用!C1001,四角板専用!AA$1:AC$9999,2,FALSE)) -> 0 | T1001: =M1001 -> 0
D1002: =IF(ISNA(VLOOKUP(四角板専用!C1002,四角板専用!AA$1:AC$9999,2,FALSE)),0,VLOOKUP(四角板専用!C1002,四角板専用!AA$1:AC$9999,2,FALSE)) -> 0 | T1002: =M1002 -> 0
D1003: =IF(ISNA(VLOOKUP(四角板専用!C1003,四角板専用!AA$1:AC$9999,2,FALSE)),0,VLOOKUP(四角板専用!C1003,四角板専用!AA$1:AC$9999,2,FALSE)) -> 0 | T1003: =M1003 -> 0
D1004: =IF(ISNA(VLOOKUP(四角板専用!C1004,四角板専用!AA$1:AC$9999,2,FALSE)),0,VLOOKUP(四角板専用!C1004,四角板専用!AA$1:AC$9999,2,FALSE)) -> 0 | T1004: =M1004 -> 0
D1005: =IF(ISNA(VLOOKUP(四角板専用!C1005,四角板専用!AA$1:AC$9999,2,FALSE)),0,VLOOKUP(四角板専用!C1005,四角板専用!AA$1:AC$9999,2,FALSE)) -> 0 | T1005: =M1005 -> 0
D1006: =IF(ISNA(VLOOKUP(四角板専用!C1006,四角板専用!AA$1:AC$9999,2,FALSE)),0,VLOOKUP(四角板専用!C1006,四角板専用!AA$1:AC$9999,2,FALSE)) -> 0 | T1006: =M1006 -> 0
D1007: =IF(ISNA(VLOOKUP(四角板専用!C1007,四角板専用!AA$1:AC$9999,2,FALSE)),0,VLOOKUP(四角板専用!C1007,四角板専用!AA$1:AC$9999,2,FALSE)) -> 0 | T1007: =M1007 -> 0
D1008: =IF(ISNA(VLOOKUP(四角板専用!C1008,四角板専用!AA$1:AC$9999,2,FALSE)),0,VLOOKUP(四角板専用!C1008,四角板専用!AA$1:AC$9999,2,FALSE)) -> 0 | T1008: =M1008 -> 0
D1009: =IF(ISNA(VLOOKUP(四角板専用!C1009,四角板専用!AA$1:AC$9999,2,FALSE)),0,VLOOKUP(四角板専用!C1009,四角板専用!AA$1:AC$9999,2,FALSE)) -> 0 | T1009: =M1009 -> 0
D1010: =IF(ISNA(VLOOKUP(四角板専用!C1010,四角板専用!AA$1:AC$9999,2,FALSE)),0,VLOOKUP(四角板専用!C1010,四角板専用!AA$1:AC$9999,2,FALSE)) -> 0 | T1010: =M1010 -> 0
D1011: =IF(ISNA(VLOOKUP(四角板専用!C1011,四角板専用!AA$1:AC$9999,2,FALSE)),0,VLOOKUP(四角板専用!C1011,四角板専用!AA$1:AC$9999,2,FALSE)) -> 0 | T1011: =M1011 -> 0
D1012: =IF(ISNA(VLOOKUP(四角板専用!C1012,四角板専用!AA$1:AC$9999,2,FALSE)),0,VLOOKUP(四角板専用!C1012,四角板専用!AA$1:AC$9999,2,FALSE)) -> 0 | T1012: =M1012 -> 0
... D2000: =IF(ISNA(VLOOKUP(四角板専用!C2000,四角板専用!AA$1:AC$9999,2,FALSE)),0,VLOOKUP(四角板専用!C2000,四角板専用!AA$1:AC$9999,2,FALSE)) -> 0 | T2000: =M2000 -> 0

Sheet 四角板抜き穴専用
A1: 参照図 | B1: 使用部位 | C1: 使用部材 | D1: 重量定数 | E1: 長さ(mm) | F1: 幅(mm) | G1: 直径(mm) | H1: 厚み(mm) | I1: 数量 | J1: 重量 | K1: 付属品(Kg) | L1: 小計 | Q1: 総計シート計算用 | AA1: 部材リスト | AB1: 部材重量定数リスト | AC1: 単位
A2: 点検ステージ | B2: 床 | C2: SS400 | D2: =IF(ISNA(VLOOKUP(C2,AA$1:AC$9999,2,FALSE)),"",VLOOKUP(C2,AA$1:AC$9999,2,FALSE)) -> 7.85 | G2: 215 | H2: 4.5 | I2: 1 | J2: =IF(E2+G2+K2=0,"",IF(E2=0,((G2^2*PI()/4)*(H2*D2*I2))/1000000+K2,((E2*F2*H2)*(D2*I2))/1000000+K2)) -> 1.2824752 | L2: =IF(L1>0,0,IF(A3&B3=A2&B2,0,IF(COUNTIFS(A:A,A2,B:B,B2)>=2,SUMIFS(J:J,A:A,A2,B:B,B2),0))) -> 0 | Q2: =J2 -> 1.2824752 | AA2: SS400 | AB2: 7.85 | AC2: g/cm³
A3: 点検ステージ | B3: 床 | C3: SS400 | D3: =IF(ISNA(VLOOKUP(C3,AA$1:AC$9999,2,FALSE)),"",VLOOKUP(C3,AA$1:AC$9999,2,FALSE)) -> 7.85 | G3: 235 | H3: 4.5 | I3: 1 | J3: =IF(E3+G3+K3=0,"",IF(E3=0,((G3^2*PI()/4)*(H3*D3*I3))/1000000+K3,((E3*F3*H3)*(D3*I3))/1000000+K3)) -> 1.5321729 | L3: =IF(L2>0,0,IF(A4&B4=A3&B3,0,IF(COUNTIFS(A:A,A3,B:B,B3)>=2,SUMIFS(J:J,A:A,A3,B:B,B3),0))) -> 0 | Q3: =J3 -> 1.5321729 | AA3: SUS304 | AB3: 7.93 | AC3: g/cm³
A4: 点検ステージ | B4: 床 | C4: SS400 | D4: =IF(ISNA(VLOOKUP(C4,AA$1:AC$9999,2,FALSE)),"",VLOOKUP(C4,AA$1:AC$9999,2,FALSE)) -> 7.85 | G4: 270 | H4: 4.5 | I4: 2 | J4: =IF(E4+G4+K4=0,"",IF(E4=0,((G4^2*PI()/4)*(H4*D4*I4))/1000000+K4,((E4*F4*H4)*(D4*I4))/1000000+K4)) -> 4.0451029 | L4: =IF(L3>0,0,IF(A5&B5=A4&B4,0,IF(COUNTIFS(A:A,A4,B:B,B4)>=2,SUMIFS(J:J,A:A,A4,B:B,B4),0))) -> 0 | Q4: =J4 -> 4.0451029
A5: 点検ステージ | B5: 床 | C5: SS400 | D5: =IF(ISNA(VLOOKUP(C5,AA$1:AC$9999,2,FALSE)),"",VLOOKUP(C5,AA$1:AC$9999,2,FALSE)) -> 7.85 | G5: 325 | H5: 4.5 | I5: 1 | J5: =IF(E5+G5+K5=0,"",IF(E5=0,((G5^2*PI()/4)*(H5*D5*I5))/1000000+K5,((E5*F5*H5)*(D5*I5))/1000000+K5)) -> 2.9304801 | L5: =IF(L4>0,0,IF(A6&B6=A5&B5,0,IF(COUNTIFS(A:A,A5,B:B,B5)>=2,SUMIFS(J:J,A:A,A5,B:B,B5),0))) -> 0 | Q5: =J5 -> 2.9304801
A6: 点検ステージ | B6: 床 | C6: SS400 | D6: =IF(ISNA(VLOOKUP(C6,AA$1:AC$9999,2,FALSE)),"",VLOOKUP(C6,AA$1:AC$9999,2,FALSE)) -> 7.85 | G6: 830 | H6: 4.5 | I6: 1 | J6: =IF(E6+G6+K6=0,"",IF(E6=0,((G6^2*PI()/4)*(H6*D6*I6))/1000000+K6,((E6*F6*H6)*(D6*I6))/1000000+K6)) -> 19.112973 | L6: =IF(L5>0,0,IF(A7&B7=A6&B6,0,IF(COUNTIFS(A:A,A6,B:B,B6)>=2,SUMIFS(J:J,A:A,A6,B:B,B6),0))) -> 0 | Q6: =J6 -> 19.112973
A7: 点検ステージ | B7: 床 | C7: SS400 | D7: =IF(ISNA(VLOOKUP(C7,AA$1:AC$9999,2,FALSE)),"",VLOOKUP(C7,AA$1:AC$9999,2,FALSE)) -> 7.85 | G7: 590 | H7: 4.5 | I7: 1 | J7: =IF(E7+G7+K7=0,"",IF(E7=0,((G7^2*PI()/4)*(H7*D7*I7))/1000000+K7,((E7*F7*H7)*(D7*I7))/1000000+K7)) -> 9.6577526 | L7: =IF(L6>0,0,IF(A8&B8=A7&B7,0,IF(COUNTIFS(A:A,A7,B:B,B7)>=2,SUMIFS(J:J,A:A,A7,B:B,B7),0))) -> 38.560956 | Q7: =J7 -> 9.6577526
D8: =IF(ISNA(VLOOKUP(C8,AA$1:AC$9999,2,FALSE)),"",VLOOKUP(C8,AA$1:AC$9999,2,FALSE)) | J8: =IF(E8+G8+K8=0,"",IF(E8=0,((G8^2*PI()/4)*(H8*D8*I8))/1000000+K8,((E8*F8*H8)*(D8*I8))/1000000+K8)) | L8: =IF(L7>0,0,IF(A9&B9=A8&B8,0,IF(COUNTIFS(A:A,A8,B:B,B8)>=2,SUMIFS(J:J,A:A,A8,B:B,B8),0))) -> 0 | Q8: =J8
D9: =IF(ISNA(VLOOKUP(C9,AA$1:AC$9999,2,FALSE)),"",VLOOKUP(C9,AA$1:AC$9999,2,FALSE)) | J9: =IF(E9+G9+K9=0,"",IF(E9=0,((G9^2*PI()/4)*(H9*D9*I9))/1000000+K9,((E9*F9*H9)*(D9*I9))/1000000+K9)) | L9: =IF(L8>0,0,IF(A10&B10=A9&B9,0,IF(COUNTIFS(A:A,A9,B:B,B9)>=2,SUMIFS(J:J,A:A,A9,B:B,B9),0))) -> 0 | Q9: =J9
D10: =IF(ISNA(VLOOKUP(C10,AA$1:AC$9999,2,FALSE)),"",VLOOKUP(C10,AA$1:AC$9999,2,FALSE)) | J10: =IF(E10+G10+K10=0,"",IF(E10=0,((G10^2*PI()/4)*(H10*D10*I10))/1000000+K10,((E10*F10*H10)*(D10*I10))/1000000+K10)) | L10: =IF(L9>0,0,IF(A11&B11=A10&B10,0,IF(COUNTIFS(A:A,A10,B:B,B10)>=2,SUMIFS(J:J,A:A,A10,B:B,B10),0))) -> 0 | Q10: =J10
D11: =IF(ISNA(VLOOKUP(C11,AA$1:AC$9999,2,FALSE)),"",VLOOKUP(C11,AA$1:AC$9999,2,FALSE)) | J11: =IF(E11+G11+K11=0,"",IF(E11=0,((G11^2*PI()/4)*(H11*D11*I11))/1000000+K11,((E11*F11*H11)*(D11*I11))/1000000+K11)) | L11: =IF(L10>0,0,IF(A12&B12=A11&B11,0,IF(COUNTIFS(A:A,A11,B:B,B11)>=2,SUMIFS(J:J,A:A,A11,B:B,B11),0))) -> 0 | Q11: =J11
D12: =IF(ISNA(VLOOKUP(C12,AA$1:AC$9999,2,FALSE)),"",VLOOKUP(C12,AA$1:AC$9999,2,FALSE)) | J12: =IF(E12+G12+K12=0,"",IF(E12=0,((G12^2*PI()/4)*(H12*D12*I12))/1000000+K12,((E12*F12*H12)*(D12*I12))/1000000+K12)) | L12: =IF(L11>0,0,IF(A13&B13=A12&B12,0,IF(COUNTIFS(A:A,A12,B:B,B12)>=2,SUMIFS(J:J,A:A,A12,B:B,B12),0))) -> 0 | Q12: =J12
D13: =IF(ISNA(VLOOKUP(C13,AA$1:AC$9999,2,FALSE)),"",VLOOKUP(C13,AA$1:AC$9999,2,FALSE)) | J13: =IF(E13+G13+K13=0,"",IF(E13=0,((G13^2*PI()/4)*(H13*D13*I13))/1000000+K13,((E13*F13*H13)*(D13*I13))/1000000+K13)) | L13: =IF(L12>0,0,IF(A14&B14=A13&B13,0,IF(COUNTIFS(A:A,A13,B:B,B13)>=2,SUMIFS(J:J,A:A,A13,B:B,B13),0))) -> 0 | Q13: =J13
D14: =IF(ISNA(VLOOKUP(C14,AA$1:AC$9999,2,FALSE)),"",VLOOKUP(C14,AA$1:AC$9999,2,FALSE)) | J14: =IF(E14+G14+K14=0,"",IF(E14=0,((G14^2*PI()/4)*(H14*D14*I14))/1000000+K14,((E14*F14*H14)*(D14*I14))/1000000+K14)) | L14: =IF(L13>0,0,IF(A15&B15=A14&B14,0,IF(COUNTIFS(A:A,A14,B:B,B14)>=2,SUMIFS(J:J,A:A,A14,B:B,B14),0))) -> 0 | Q14: =J14
D15: =IF(ISNA(VLOOKUP(C15,AA$1:AC$9999,2,FALSE)),"",VLOOKUP(C15,AA$1:AC$9999,2,FALSE)) | J15: =IF(E15+G15+K15=0,"",IF(E15=0,((G15^2*PI()/4)*(H15*D15*I15))/1000000+K15,((E15*F15*H15)*(D15*I15))/1000000+K15)) | L15: =IF(L14>0,0,IF(A16&B16=A15&B15,0,IF(COUNTIFS(A:A,A15,B:B,B15)>=2,SUMIFS(J:J,A:A,A15,B:B,B15),0))) -> 0 | Q15: =J15
D16: =IF(ISNA(VLOOKUP(C16,AA$1:AC$9999,2,FALSE)),"",VLOOKUP(C16,AA$1:AC$9999,2,FALSE)) | J16: =IF(E16+G16+K16=0,"",IF(E16=0,((G16^2*PI()/4)*(H16*D16*I16))/1000000+K16,((E16*F16*H16)*(D16*I16))/1000000+K16)) | L16: =IF(L15>0,0,IF(A17&B17=A16&B16,0,IF(COUNTIFS(A:A,A16,B:B,B16)>=2,SUMIFS(J:J,A:A,A16,B:B,B16),0))) -> 0 | Q16: =J16
D17: =IF(ISNA(VLOOKUP(C17,AA$1:AC$9999,2,FALSE)),"",VLOOKUP(C17,AA$1:AC$9999,2,FALSE)) | J17: =IF(E17+G17+K17=0,"",IF(E17=0,((G17^2*PI()/4)*(H17*D17*I17))/1000000+K17,((E17*F17*H17)*(D17*I17))/1000000+K17)) | L17: =IF(L16>0,0,IF(A18&B18=A17&B17,0,IF(COUNTIFS(A:A,A17,B:B,B17)>=2,SUMIFS(J:J,A:A,A17,B:B,B17),0))) -> 0 | Q17: =J17
D18: =IF(ISNA(VLOOKUP(C18,AA$1:AC$9999,2,FALSE)),"",VLOOKUP(C18,AA$1:AC$9999,2,FALSE)) | J18: =IF(E18+G18+K18=0,"",IF(E18=0,((G18^2*PI()/4)*(H18*D18*I18))/1000000+K18,((E18*F18*H18)*(D18*I18))/1000000+K18)) | L18: =IF(L17>0,0,IF(A19&B19=A18&B18,0,IF(COUNTIFS(A:A,A18,B:B,B18)>=2,SUMIFS(J:J,A:A,A18,B:B,B18),0))) -> 0 | Q18: =J18
D19: =IF(ISNA(VLOOKUP(C19,AA$1:AC$9999,2,FALSE)),"",VLOOKUP(C19,AA$1:AC$9999,2,FALSE)) | J19: =IF(E19+G19+K19=0,"",IF(E19=0,((G19^2*PI()/4)*(H19*D19*I19))/1000000+K19,((E19*F19*H19)*(D19*I19))/1000000+K19)) | L19: =IF(L18>0,0,IF(A20&B20=A19&B19,0,IF(COUNTIFS(A:A,A19,B:B,B19)>=2,SUMIFS(J:J,A:A,A19,B:B,B19),0))) -> 0 | Q19: =J19
... D1000: =IF(ISNA(VLOOKUP(C1000,AA$1:AC$9999,2,FALSE)),"",VLOOKUP(C1000,AA$1:AC$9999,2,FALSE)) | J1000: =IF(E1000+G1000+K1000=0,"",IF(E1000=0,((G1000^2*PI()/4)*(H1000*D1000*I1000))/1000000+K1000,((E1000*F1000*H1000)*(D1000*I1000))/1000000+K1000)) | L1000: =IF(L999>0,0,IF(A1001&B1001=A1000&B1000,0,IF(COUNTIFS(A:A,A1000,B:B,B1000)>=2,SUMIFS(J:J,A:A,A1000,B:B,B1000),0))) -> 0 | Q1000: =J1000
D1001: =IF(ISNA(VLOOKUP(C1001,AA$1:AC$9999,2,FALSE)),"",VLOOKUP(C1001,AA$1:AC$9999,2,FALSE)) | Q1001: =J1001 -> 0
D1002: =IF(ISNA(VLOOKUP(C1002,AA$1:AC$9999,2,FALSE)),"",VLOOKUP(C1002,AA$1:AC$9999,2,FALSE)) | Q1002: =J1002 -> 0
D1003: =IF(ISNA(VLOOKUP(C1003,AA$1:AC$9999,2,FALSE)),"",VLOOKUP(C1003,AA$1:AC$9999,2,FALSE)) | Q1003: =J1003 -> 0
D1004: =IF(ISNA(VLOOKUP(C1004,AA$1:AC$9999,2,FALSE)),"",VLOOKUP(C1004,AA$1:AC$9999,2,FALSE)) | Q1004: =J1004 -> 0
D1005: =IF(ISNA(VLOOKUP(C1005,AA$1:AC$9999,2,FALSE)),"",VLOOKUP(C1005,AA$1:AC$9999,2,FALSE)) | Q1005: =J1005 -> 0
D1006: =IF(ISNA(VLOOKUP(C1006,AA$1:AC$9999,2,FALSE)),"",VLOOKUP(C1006,AA$1:AC$9999,2,FALSE)) | Q1006: =J1006 -> 0
D1007: =IF(ISNA(VLOOKUP(C1007,AA$1:AC$9999,2,FALSE)),"",VLOOKUP(C1007,AA$1:AC$9999,2,FALSE)) | Q1007: =J1007 -> 0
D1008: =IF(ISNA(VLOOKUP(C1008,AA$1:AC$9999,2,FALSE)),"",VLOOKUP(C1008,AA$1:AC$9999,2,FALSE)) | Q1008: =J1008 -> 0
D1009: =IF(ISNA(VLOOKUP(C1009,AA$1:AC$9999,2,FALSE)),"",VLOOKUP(C1009,AA$1:AC$9999,2,FALSE)) | Q1009: =J1009 -> 0
D1010: =IF(ISNA(VLOOKUP(C1010,AA$1:AC$9999,2,FALSE)),"",VLOOKUP(C1010,AA$1:AC$9999,2,FALSE)) | Q1010: =J1010 -> 0
D1011: =IF(ISNA(VLOOKUP(C1011,AA$1:AC$9999,2,FALSE)),"",VLOOKUP(C1011,AA$1:AC$9999,2,FALSE)) | Q1011: =J1011 -> 0
D1012: =IF(ISNA(VLOOKUP(C1012,AA$1:AC$9999,2,FALSE)),"",VLOOKUP(C1012,AA$1:AC$9999,2,FALSE)) | Q1012: =J1012 -> 0
... D1106: =IF(ISNA(VLOOKUP(C1106,AA$1:AC$9999,2,FALSE)),"",VLOOKUP(C1106,AA$1:AC$9999,2,FALSE)) | Q1106: =J1106 -> 0
Q1107: =J1107 -> 0
Q1108: =J1108 -> 0
Q1109: =J1109 -> 0
Q1110: =J1110 -> 0
Q1111: =J1111 -> 0
Q1112: =J1112 -> 0
Q1113: =J1113 -> 0
Q1114: =J1114 -> 0
Q1115: =J1115 -> 0
Q1116: =J1116 -> 0
Q1117: =J1117 -> 0
Q1118: =J1118 -> 0
... Q2000: =J2000 -> 0

Sheet FB&L専用
A1: 参照図 | B1: 使用部位 | C1: 使用部材 | D1: 重量定数 | E1: 長さ(mm) | F1: 弧長/斜め長さ(mm) | G1: 底辺(mm) | H1: 高さ(mm) | I1: Φ(ドーナツ)mm | J1: ドーナツ角度 | K1: ドーナツ幅(mm)or90° | L1: 数量 | M1: 重量 | N1: 付属品(Kg) | O1: 小計 | V1: 総計シート計算用 | AC1: 部材リスト | AD1: 部材重量定数リスト | AE1: 単位
A2: 本体 | B2: FB | C2: FB75x6 | D2: =IF(ISNA(VLOOKUP(C2,AC$1:AE$9999,2,FALSE)),"",VLOOKUP(C2,AC$1:AE$9999,2,FALSE)) -> 3.53 | E2: 4312 | F2: =IF(I2+G2=0,0,IF(I2=0,SQRT(G2^2+H2^2),I2*PI()*(1-(J2/360)))) -> 0 | J2: =IF(I2=0,0,IF(K2="90°",270,ASIN((K2/2)/(I2/2))*180/PI()*2)) -> 0 | L2: 6 | M2: =IF(E2+F2+N2=0,"",IF((D2*F2*L2)/1000+N2=0,(D2*E2*L2)/1000+N2,(D2*F2*L2)/1000+N2)) -> 91.32816 | O2: =IF(O1>0,0,IF(A3&B3=A2&B2,0,IF(COUNTIFS(A:A,A2,B:B,B2)>=2,SUMIFS(M:M,A:A,A2,B:B,B2),0))) -> 0 | V2: =M2 -> 91.32816 | AC2: FB75x6 | AD2: 3.53 | AE2: Kg/m
A3: 本体 | B3: FB | C3: FB75x6 | D3: =IF(ISNA(VLOOKUP(C3,AC$1:AE$9999,2,FALSE)),"",VLOOKUP(C3,AC$1:AE$9999,2,FALSE)) -> 3.53 | E3: 3662 | F3: =IF(I3+G3=0,0,IF(I3=0,SQRT(G3^2+H3^2),I3*PI()*(1-(J3/360)))) -> 0 | J3: =IF(I3=0,0,IF(K3="90°",270,ASIN((K3/2)/(I3/2))*180/PI()*2)) -> 0 | L3: 6 | M3: =IF(E3+F3+N3=0,"",IF((D3*F3*L3)/1000+N3=0,(D3*E3*L3)/1000+N3,(D3*F3*L3)/1000+N3)) -> 77.56116 | O3: =IF(O2>0,0,IF(A4&B4=A3&B3,0,IF(COUNTIFS(A:A,A3,B:B,B3)>=2,SUMIFS(M:M,A:A,A3,B:B,B3),0))) -> 0 | V3: =M3 -> 77.56116 | AC3: FB25x4.5 | AD3: 0.883 | AE3: Kg/m
A4: 本体 | B4: FB | C4: FB75x6 | D4: =IF(ISNA(VLOOKUP(C4,AC$1:AE$9999,2,FALSE)),"",VLOOKUP(C4,AC$1:AE$9999,2,FALSE)) -> 3.53 | E4: 2150 | F4: =IF(I4+G4=0,0,IF(I4=0,SQRT(G4^2+H4^2),I4*PI()*(1-(J4/360)))) -> 0 | J4: =IF(I4=0,0,IF(K4="90°",270,ASIN((K4/2)/(I4/2))*180/PI()*2)) -> 0 | L4: 3 | M4: =IF(E4+F4+N4=0,"",IF((D4*F4*L4)/1000+N4=0,(D4*E4*L4)/1000+N4,(D4*F4*L4)/1000+N4)) -> 22.7685 | O4: =IF(O3>0,0,IF(A5&B5=A4&B4,0,IF(COUNTIFS(A:A,A4,B:B,B4)>=2,SUMIFS(M:M,A:A,A4,B:B,B4),0))) -> 0 | V4: =M4 -> 22.7685 | AC4: L50x50x6 | AD4: 4.43 | AE4: Kg/m
A5: 本体 | B5: FB | C5: FB75x6 | D5: =IF(ISNA(VLOOKUP(C5,AC$1:AE$9999,2,FALSE)),"",VLOOKUP(C5,AC$1:AE$9999,2,FALSE)) -> 3.53 | E5: 1784 | F5: =IF(I5+G5=0,0,IF(I5=0,SQRT(G5^2+H5^2),I5*PI()*(1-(J5/360)))) -> 0 | J5: =IF(I5=0,0,IF(K5="90°",270,ASIN((K5/2)/(I5/2))*180/PI()*2)) -> 0 | L5: 1 | M5: =IF(E5+F5+N5=0,"",IF((D5*F5*L5)/1000+N5=0,(D5*E5*L5)/1000+N5,(D5*F5*L5)/1000+N5)) -> 6.29752 | O5: =IF(O4>0,0,IF(A6&B6=A5&B5,0,IF(COUNTIFS(A:A,A5,B:B,B5)>=2,SUMIFS(M:M,A:A,A5,B:B,B5),0))) -> 197.95534 | V5: =M5 -> 6.29752 | AC5: FB50x6 | AD5: 2.36 | AE5: Kg/m
A6: ノズル他詳細 | B6: 落下防止 | C6: FB25x4.5 | D6: =IF(ISNA(VLOOKUP(C6,AC$1:AE$9999,2,FALSE)),"",VLOOKUP(C6,AC$1:AE$9999,2,FALSE)) -> 0.883 | E6: 444.7 | F6: =IF(I6+G6=0,0,IF(I6=0,SQRT(G6^2+H6^2),I6*PI()*(1-(J6/360)))) -> 0 | J6: =IF(I6=0,0,IF(K6="90°",270,ASIN((K6/2)/(I6/2))*180/PI()*2)) -> 0 | L6: 4 | M6: =IF(E6+F6+N6=0,"",IF((D6*F6*L6)/1000+N6=0,(D6*E6*L6)/1000+N6,(D6*F6*L6)/1000+N6)) -> 1.5706804 | O6: =IF(O5>0,0,IF(A7&B7=A6&B6,0,IF(COUNTIFS(A:A,A6,B:B,B6)>=2,SUMIFS(M:M,A:A,A6,B:B,B6),0))) -> 0 | V6: =M6 -> 1.5706804
A7: 点検ステージ | B7: ステージ内梁L | C7: L50x50x6 | D7: =IF(ISNA(VLOOKUP(C7,AC$1:AE$9999,2,FALSE)),"",VLOOKUP(C7,AC$1:AE$9999,2,FALSE)) -> 4.43 | E7: 1769 | F7: =IF(I7+G7=0,0,IF(I7=0,SQRT(G7^2+H7^2),I7*PI()*(1-(J7/360)))) -> 0 | J7: =IF(I7=0,0,IF(K7="90°",270,ASIN((K7/2)/(I7/2))*180/PI()*2)) -> 0 | L7: 1 | M7: =IF(E7+F7+N7=0,"",IF((D7*F7*L7)/1000+N7=0,(D7*E7*L7)/1000+N7,(D7*F7*L7)/1000+N7)) -> 7.83667 | O7: =IF(O6>0,0,IF(A8&B8=A7&B7,0,IF(COUNTIFS(A:A,A7,B:B,B7)>=2,SUMIFS(M:M,A:A,A7,B:B,B7),0))) -> 0 | V7: =M7 -> 7.83667
A8: 点検ステージ | B8: ステージ内梁L | C8: L50x50x6 | D8: =IF(ISNA(VLOOKUP(C8,AC$1:AE$9999,2,FALSE)),"",VLOOKUP(C8,AC$1:AE$9999,2,FALSE)) -> 4.43 | E8: 831.5 | F8: =IF(I8+G8=0,0,IF(I8=0,SQRT(G8^2+H8^2),I8*PI()*(1-(J8/360)))) -> 0 | J8: =IF(I8=0,0,IF(K8="90°",270,ASIN((K8/2)/(I8/2))*180/PI()*2)) -> 0 | L8: 3 | M8: =IF(E8+F8+N8=0,"",IF((D8*F8*L8)/1000+N8=0,(D8*E8*L8)/1000+N8,(D8*F8*L8)/1000+N8)) -> 11.050635 | O8: =IF(O7>0,0,IF(A9&B9=A8&B8,0,IF(COUNTIFS(A:A,A8,B:B,B8)>=2,SUMIFS(M:M,A:A,A8,B:B,B8),0))) -> 0 | V8: =M8 -> 11.050635
A9: 点検ステージ | B9: ステージ内梁L | C9: L50x50x6 | D9: =IF(ISNA(VLOOKUP(C9,AC$1:AE$9999,2,FALSE)),"",VLOOKUP(C9,AC$1:AE$9999,2,FALSE)) -> 4.43 | E9: 706.5 | F9: =IF(I9+G9=0,0,IF(I9=0,SQRT(G9^2+H9^2),I9*PI()*(1-(J9/360)))) -> 0 | J9: =IF(I9=0,0,IF(K9="90°",270,ASIN((K9/2)/(I9/2))*180/PI()*2)) -> 0 | L9: 1 | M9: =IF(E9+F9+N9=0,"",IF((D9*F9*L9)/1000+N9=0,(D9*E9*L9)/1000+N9,(D9*F9*L9)/1000+N9)) -> 3.129795 | O9: =IF(O8>0,0,IF(A10&B10=A9&B9,0,IF(COUNTIFS(A:A,A9,B:B,B9)>=2,SUMIFS(M:M,A:A,A9,B:B,B9),0))) -> 0 | V9: =M9 -> 3.129795
A10: 点検ステージ | B10: ステージ内梁L | C10: L50x50x6 | D10: =IF(ISNA(VLOOKUP(C10,AC$1:AE$9999,2,FALSE)),"",VLOOKUP(C10,AC$1:AE$9999,2,FALSE)) -> 4.43 | E10: 500 | F10: =IF(I10+G10=0,0,IF(I10=0,SQRT(G10^2+H10^2),I10*PI()*(1-(J10/360)))) -> 0 | J10: =IF(I10=0,0,IF(K10="90°",270,ASIN((K10/2)/(I10/2))*180/PI()*2)) -> 0 | L10: 3 | M10: =IF(E10+F10+N10=0,"",IF((D10*F10*L10)/1000+N10=0,(D10*E10*L10)/1000+N10,(D10*F10*L10)/1000+N10)) -> 6.645 | O10: =IF(O9>0,0,IF(A11&B11=A10&B10,0,IF(COUNTIFS(A:A,A10,B:B,B10)>=2,SUMIFS(M:M,A:A,A10,B:B,B10),0))) -> 0 | V10: =M10 -> 6.645
A11: 点検ステージ | B11: ステージ内梁L | C11: L50x50x6 | D11: =IF(ISNA(VLOOKUP(C11,AC$1:AE$9999,2,FALSE)),"",VLOOKUP(C11,AC$1:AE$9999,2,FALSE)) -> 4.43 | F11: =IF(I11+G11=0,0,IF(I11=0,SQRT(G11^2+H11^2),I11*PI()*(1-(J11/360)))) -> 707.10678 | G11: 500 | H11: 500 | J11: =IF(I11=0,0,IF(K11="90°",270,ASIN((K11/2)/(I11/2))*180/PI()*2)) -> 0 | L11: 1 | M11: =IF(E11+F11+N11=0,"",IF((D11*F11*L11)/1000+N11=0,(D11*E11*L11)/1000+N11,(D11*F11*L11)/1000+N11)) -> 3.132483 | O11: =IF(O10>0,0,IF(A12&B12=A11&B11,0,IF(COUNTIFS(A:A,A11,B:B,B11)>=2,SUMIFS(M:M,A:A,A11,B:B,B11),0))) -> 31.794583 | V11: =M11 -> 3.132483
A12: 手摺配置 | B12: 正面 | C12: FB50x6 | D12: =IF(ISNA(VLOOKUP(C12,AC$1:AE$9999,2,FALSE)),"",VLOOKUP(C12,AC$1:AE$9999,2,FALSE)) -> 2.36 | E12: 3500 | F12: =IF(I12+G12=0,0,IF(I12=0,SQRT(G12^2+H12),I12*PI()*(1-(J12/360)))) -> 0 | J12: =IF(I12=0,0,IF(K12="90°",270,ASIN((K12/2)/(I12/2))*180/PI()*2)) -> 0 | L12: 1 | M12: =IF(E12+F12+N12=0,"",IF((D12*F12*L12)/1000+N12=0,(D12*E12*L12)/1000+N12,(D12*F12*L12)/1000+N12)) -> 8.26 | O12: =IF(O11>0,0,IF(A13&B13=A12&B12,0,IF(COUNTIFS(A:A,A12,B:B,B12)>=2,SUMIFS(M:M,A:A,A12,B:B,B12),0))) -> 0 | V12: =M12 -> 8.26
A13: 手摺配置 | B13: 右側面 | C13: FB50x6 | D13: =IF(ISNA(VLOOKUP(C13,AC$1:AE$9999,2,FALSE)),"",VLOOKUP(C13,AC$1:AE$9999,2,FALSE)) -> 2.36 | E13: 2500 | F13: =IF(I13+G13=0,0,IF(I13=0,SQRT(G13^2+H13),I13*PI()*(1-(J13/360)))) -> 0 | J13: =IF(I13=0,0,IF(K13="90°",270,ASIN((K13/2)/(I13/2))*180/PI()*2)) -> 0 | L13: 1 | M13: =IF(E13+F13+N13=0,"",IF((D13*F13*L13)/1000+N13=0,(D13*E13*L13)/1000+N13,(D13*F13*L13)/1000+N13)) -> 5.9 | O13: =IF(O12>0,0,IF(A14&B14=A13&B13,0,IF(COUNTIFS(A:A,A13,B:B,B13)>=2,SUMIFS(M:M,A:A,A13,B:B,B13),0))) -> 0 | V13: =M13 -> 5.9
A14: 手摺配置 | B14: 左側面1 | C14: FB50x6 | D14: =IF(ISNA(VLOOKUP(C14,AC$1:AE$9999,2,FALSE)),"",VLOOKUP(C14,AC$1:AE$9999,2,FALSE)) -> 2.36 | E14: 2462.5 | F14: =IF(I14+G14=0,0,IF(I14=0,SQRT(G14^2+H14),I14*PI()*(1-(J14/360)))) -> 0 | J14: =IF(I14=0,0,IF(K14="90°",270,ASIN((K14/2)/(I14/2))*180/PI()*2)) -> 0 | L14: 1 | M14: =IF(E14+F14+N14=0,"",IF((D14*F14*L14)/1000+N14=0,(D14*E14*L14)/1000+N14,(D14*F14*L14)/1000+N14)) -> 5.8115 | O14: =IF(O13>0,0,IF(A15&B15=A14&B14,0,IF(COUNTIFS(A:A,A14,B:B,B14)>=2,SUMIFS(M:M,A:A,A14,B:B,B14),0))) -> 0 | V14: =M14 -> 5.8115
A15: 手摺配置 | B15: 左側面2 | C15: FB50x6 | D15: =IF(ISNA(VLOOKUP(C15,AC$1:AE$9999,2,FALSE)),"",VLOOKUP(C15,AC$1:AE$9999,2,FALSE)) -> 2.36 | E15: 1500 | F15: =IF(I15+G15=0,0,IF(I15=0,SQRT(G15^2+H15),I15*PI()*(1-(J15/360)))) -> 0 | J15: =IF(I15=0,0,IF(K15="90°",270,ASIN((K15/2)/(I15/2))*180/PI()*2)) -> 0 | L15: 1 | M15: =IF(E15+F15+N15=0,"",IF((D15*F15*L15)/1000+N15=0,(D15*E15*L15)/1000+N15,(D15*F15*L15)/1000+N15)) -> 3.54 | O15: =IF(O14>0,0,IF(A16&B16=A15&B15,0,IF(COUNTIFS(A:A,A15,B:B,B15)>=2,SUMIFS(M:M,A:A,A15,B:B,B15),0))) -> 0 | V15: =M15 -> 3.54
A16: 手摺配置 | B16: 背面1 | C16: FB50x6 | D16: =IF(ISNA(VLOOKUP(C16,AC$1:AE$9999,2,FALSE)),"",VLOOKUP(C16,AC$1:AE$9999,2,FALSE)) -> 2.36 | E16: 1450 | F16: =IF(I16+G16=0,0,IF(I16=0,SQRT(G16^2+H16),I16*PI()*(1-(J16/360)))) -> 0 | J16: =IF(I16=0,0,IF(K16="90°",270,ASIN((K16/2)/(I16/2))*180/PI()*2)) -> 0 | L16: 1 | M16: =IF(E16+F16+N16=0,"",IF((D16*F16*L16)/1000+N16=0,(D16*E16*L16)/1000+N16,(D16*F16*L16)/1000+N16)) -> 3.422 | O16: =IF(O15>0,0,IF(A17&B17=A16&B16,0,IF(COUNTIFS(A:A,A16,B:B,B16)>=2,SUMIFS(M:M,A:A,A16,B:B,B16),0))) -> 0 | V16: =M16 -> 3.422
A17: 手摺配置 | B17: 背面2 | C17: FB50x6 | D17: =IF(ISNA(VLOOKUP(C17,AC$1:AE$9999,2,FALSE)),"",VLOOKUP(C17,AC$1:AE$9999,2,FALSE)) -> 2.36 | E17: 2812.5 | F17: =IF(I17+G17=0,0,IF(I17=0,SQRT(G17^2+H17),I17*PI()*(1-(J17/360)))) -> 0 | J17: =IF(I17=0,0,IF(K17="90°",270,ASIN((K17/2)/(I17/2))*180/PI()*2)) -> 0 | L17: 1 | M17: =IF(E17+F17+N17=0,"",IF((D17*F17*L17)/1000+N17=0,(D17*E17*L17)/1000+N17,(D17*F17*L17)/1000+N17)) -> 6.6375 | O17: =IF(O16>0,0,IF(A18&B18=A17&B17,0,IF(COUNTIFS(A:A,A17,B:B,B17)>=2,SUMIFS(M:M,A:A,A17,B:B,B17),0))) -> 0 | V17: =M17 -> 6.6375
A18: 手摺配置 | B18: A詳細 | C18: FB50x6 | D18: =IF(ISNA(VLOOKUP(C18,AC$1:AE$9999,2,FALSE)),"",VLOOKUP(C18,AC$1:AE$9999,2,FALSE)) -> 2.36 | E18: 48.65 | F18: =IF(I18+G18=0,0,IF(I18=0,SQRT(G18^2+H18),I18*PI()*(1-(J18/360)))) -> 0 | J18: =IF(I18=0,0,IF(K18="90°",270,ASIN((K18/2)/(I18/2))*180/PI()*2)) -> 0 | L18: 2 | M18: =IF(E18+F18+N18=0,"",IF((D18*F18*L18)/1000+N18=0,(D18*E18*L18)/1000+N18,(D18*F18*L18)/1000+N18)) -> 0.229628 | O18: =IF(O17>0,0,IF(A19&B19=A18&B18,0,IF(COUNTIFS(A:A,A18,B:B,B18)>=2,SUMIFS(M:M,A:A,A18,B:B,B18),0))) -> 0 | V18: =M18 -> 0.229628
A19: ラダー | B19: FB | C19: FB50x6 | D19: =IF(ISNA(VLOOKUP(C19,AC$1:AE$9999,2,FALSE)),"",VLOOKUP(C19,AC$1:AE$9999,2,FALSE)) -> 2.36 | E19: 1140 | F19: =IF(I19+G19=0,0,IF(I19=0,SQRT(G19^2+H19),I19*PI()*(1-(J19/360)))) -> 0 | J19: =IF(I19=0,0,IF(K19="90°",270,ASIN((K19/2)/(I19/2))*180/PI()*2)) -> 0 | L19: 5 | M19: =IF(E19+F19+N19=0,"",IF((D19*F19*L19)/1000+N19=0,(D19*E19*L19)/1000+N19,(D19*F19*L19)/1000+N19)) -> 13.452 | O19: =IF(O18>0,0,IF(A20&B20=A19&B19,0,IF(COUNTIFS(A:A,A19,B:B,B19)>=2,SUMIFS(M:M,A:A,A19,B:B,B19),0))) -> 0 | V19: =M19 -> 13.452
A20: ラダー | B20: FB | C20: FB50x6 | D20: =IF(ISNA(VLOOKUP(C20,AC$1:AE$9999,2,FALSE)),"",VLOOKUP(C20,AC$1:AE$9999,2,FALSE)) -> 2.36 | E20: 980 | F20: =IF(I20+G20=0,0,IF(I20=0,SQRT(G20^2+H20),I20*PI()*(1-(J20/360)))) -> 0 | J20: =IF(I20=0,0,IF(K20="90°",270,ASIN((K20/2)/(I20/2))*180/PI()*2)) -> 0 | L20: 5 | M20: =IF(E20+F20+N20=0,"",IF((D20*F20*L20)/1000+N20=0,(D20*E20*L20)/1000+N20,(D20*F20*L20)/1000+N20)) -> 11.564 | O20: =IF(O19>0,0,IF(A21&B21=A20&B20,0,IF(COUNTIFS(A:A,A20,B:B,B20)>=2,SUMIFS(M:M,A:A,A20,B:B,B20),0))) -> 0 | V20: =M20 -> 11.564
A21: ラダー | B21: FB | C21: FB50x6 | D21: =IF(ISNA(VLOOKUP(C21,AC$1:AE$9999,2,FALSE)),"",VLOOKUP(C21,AC$1:AE$9999,2,FALSE)) -> 2.36 | E21: 268.5 | F21: =IF(I21+G21=0,0,IF(I21=0,SQRT(G21^2+H21),I21*PI()*(1-(J21/360)))) -> 0 | J21: =IF(I21=0,0,IF(K21="90°",270,ASIN((K21/2)/(I21/2))*180/PI()*2)) -> 0 | L21: 1 | M21: =IF(E21+F21+N21=0,"",IF((D21*F21*L21)/1000+N21=0,(D21*E21*L21)/1000+N21,(D21*F21*L21)/1000+N21)) -> 0.63366 | O21: =IF(O20>0,0,IF(A22&B22=A21&B21,0,IF(COUNTIFS(A:A,A21,B:B,B21)>=2,SUMIFS(M:M,A:A,A21,B:B,B21),0))) -> 0 | V21: =M21 -> 0.63366
A22: ラダー | B22: FB | C22: FB50x6 | D22: =IF(ISNA(VLOOKUP(C22,AC$1:AE$9999,2,FALSE)),"",VLOOKUP(C22,AC$1:AE$9999,2,FALSE)) -> 2.36 | F22: =IF(I22+G22=0,0,IF(I22=0,SQRT(G22^2+H22),I22*PI()*(1-(J22/360)))) -> 1578.0977 | I22: 700 | J22: =IF(I22=0,0,IF(K22="90°",270,ASIN((K22/2)/(I22/2))*180/PI()*2)) -> 101.66189 | K22: 542.7 | L22: 2 | M22: =IF(E22+F22+N22=0,"",IF((D22*F22*L22)/1000+N22=0,(D22*E22*L22)/1000+N22,(D22*F22*L22)/1000+N22)) -> 7.4486213 | O22: =IF(O21>0,0,IF(A23&B23=A22&B22,0,IF(COUNTIFS(A:A,A22,B:B,B22)>=2,SUMIFS(M:M,A:A,A22,B:B,B22),0))) -> 33.098281 | V22: =M22 -> 7.4486213
D23: =IF(ISNA(VLOOKUP(C23,AC$1:AE$9999,2,FALSE)),"",VLOOKUP(C23,AC$1:AE$9999,2,FALSE)) | F23: =IF(I23+G23=0,0,IF(I23=0,SQRT(G23^2+H23),I23*PI()*(1-(J23/360)))) -> 0 | J23: =IF(I23=0,0,IF(K23="90°",270,ASIN((K23/2)/(I23/2))*180/PI()*2)) -> 0 | M23: =IF(E23+F23+N23=0,"",IF((D23*F23*L23)/1000+N23=0,(D23*E23*L23)/1000+N23,(D23*F23*L23)/1000+N23)) | O23: =IF(O22>0,0,IF(A24&B24=A23&B23,0,IF(COUNTIFS(A:A,A23,B:B,B23)>=2,SUMIFS(M:M,A:A,A23,B:B,B23),0))) -> 0 | V23: =M23
D24: =IF(ISNA(VLOOKUP(C24,AC$1:AE$9999,2,FALSE)),"",VLOOKUP(C24,AC$1:AE$9999,2,FALSE)) | F24: =IF(I24+G24=0,0,IF(I24=0,SQRT(G24^2+H24),I24*PI()*(1-(J24/360)))) -> 0 | J24: =IF(I24=0,0,IF(K24="90°",270,ASIN((K24/2)/(I24/2))*180/PI()*2)) -> 0 | M24: =IF(E24+F24+N24=0,"",IF((D24*F24*L24)/1000+N24=0,(D24*E24*L24)/1000+N24,(D24*F24*L24)/1000+N24)) | O24: =IF(O23>0,0,IF(A25&B25=A24&B24,0,IF(COUNTIFS(A:A,A24,B:B,B24)>=2,SUMIFS(M:M,A:A,A24,B:B,B24),0))) -> 0 | V24: =M24
D25: =IF(ISNA(VLOOKUP(C25,AC$1:AE$9999,2,FALSE)),"",VLOOKUP(C25,AC$1:AE$9999,2,FALSE)) | F25: =IF(I25+G25=0,0,IF(I25=0,SQRT(G25^2+H25),I25*PI()*(1-(J25/360)))) -> 0 | J25: =IF(I25=0,0,IF(K25="90°",270,ASIN((K25/2)/(I25/2))*180/PI()*2)) -> 0 | M25: =IF(E25+F25+N25=0,"",IF((D25*F25*L25)/1000+N25=0,(D25*E25*L25)/1000+N25,(D25*F25*L25)/1000+N25)) | O25: =IF(O24>0,0,IF(A26&B26=A25&B25,0,IF(COUNTIFS(A:A,A25,B:B,B25)>=2,SUMIFS(M:M,A:A,A25,B:B,B25),0))) -> 0 | V25: =M25
D26: =IF(ISNA(VLOOKUP(C26,AC$1:AE$9999,2,FALSE)),"",VLOOKUP(C26,AC$1:AE$9999,2,FALSE)) | F26: =IF(I26+G26=0,0,IF(I26=0,SQRT(G26^2+H26),I26*PI()*(1-(J26/360)))) -> 0 | J26: =IF(I26=0,0,IF(K26="90°",270,ASIN((K26/2)/(I26/2))*180/PI()*2)) -> 0 | M26: =IF(E26+F26+N26=0,"",IF((D26*F26*L26)/1000+N26=0,(D26*E26*L26)/1000+N26,(D26*F26*L26)/1000+N26)) | O26: =IF(O25>0,0,IF(A27&B27=A26&B26,0,IF(COUNTIFS(A:A,A26,B:B,B26)>=2,SUMIFS(M:M,A:A,A26,B:B,B26),0))) -> 0 | V26: =M26
D27: =IF(ISNA(VLOOKUP(C27,AC$1:AE$9999,2,FALSE)),"",VLOOKUP(C27,AC$1:AE$9999,2,FALSE)) | F27: =IF(I27+G27=0,0,IF(I27=0,SQRT(G27^2+H27),I27*PI()*(1-(J27/360)))) -> 0 | J27: =IF(I27=0,0,IF(K27="90°",270,ASIN((K27/2)/(I27/2))*180/PI()*2)) -> 0 | M27: =IF(E27+F27+N27=0,"",IF((D27*F27*L27)/1000+N27=0,(D27*E27*L27)/1000+N27,(D27*F27*L27)/1000+N27)) | O27: =IF(O26>0,0,IF(A28&B28=A27&B27,0,IF(COUNTIFS(A:A,A27,B:B,B27)>=2,SUMIFS(M:M,A:A,A27,B:B,B27),0))) -> 0 | V27: =M27
D28: =IF(ISNA(VLOOKUP(C28,AC$1:AE$9999,2,FALSE)),"",VLOOKUP(C28,AC$1:AE$9999,2,FALSE)) | F28: =IF(I28+G28=0,0,IF(I28=0,SQRT(G28^2+H28),I28*PI()*(1-(J28/360)))) -> 0 | J28: =IF(I28=0,0,IF(K28="90°",270,ASIN((K28/2)/(I28/2))*180/PI()*2)) -> 0 | M28: =IF(E28+F28+N28=0,"",IF((D28*F28*L28)/1000+N28=0,(D28*E28*L28)/1000+N28,(D28*F28*L28)/1000+N28)) | O28: =IF(O27>0,0,IF(A29&B29=A28&B28,0,IF(COUNTIFS(A:A,A28,B:B,B28)>=2,SUMIFS(M:M,A:A,A28,B:B,B28),0))) -> 0 | V28: =M28
D29: =IF(ISNA(VLOOKUP(C29,AC$1:AE$9999,2,FALSE)),"",VLOOKUP(C29,AC$1:AE$9999,2,FALSE)) | F29: =IF(I29+G29=0,0,IF(I29=0,SQRT(G29^2+H29),I29*PI()*(1-(J29/360)))) -> 0 | J29: =IF(I29=0,0,IF(K29="90°",270,ASIN((K29/2)/(I29/2))*180/PI()*2)) -> 0 | M29: =IF(E29+F29+N29=0,"",IF((D29*F29*L29)/1000+N29=0,(D29*E29*L29)/1000+N29,(D29*F29*L29)/1000+N29)) | O29: =IF(O28>0,0,IF(A30&B30=A29&B29,0,IF(COUNTIFS(A:A,A29,B:B,B29)>=2,SUMIFS(M:M,A:A,A29,B:B,B29),0))) -> 0 | V29: =M29
D30: =IF(ISNA(VLOOKUP(C30,AC$1:AE$9999,2,FALSE)),"",VLOOKUP(C30,AC$1:AE$9999,2,FALSE)) | F30: =IF(I30+G30=0,0,IF(I30=0,SQRT(G30^2+H30),I30*PI()*(1-(J30/360)))) -> 0 | J30: =IF(I30=0,0,IF(K30="90°",270,ASIN((K30/2)/(I30/2))*180/PI()*2)) -> 0 | M30: =IF(E30+F30+N30=0,"",IF((D30*F30*L30)/1000+N30=0,(D30*E30*L30)/1000+N30,(D30*F30*L30)/1000+N30)) | O30: =IF(O29>0,0,IF(A31&B31=A30&B30,0,IF(COUNTIFS(A:A,A30,B:B,B30)>=2,SUMIFS(M:M,A:A,A30,B:B,B30),0))) -> 0 | V30: =M30
D31: =IF(ISNA(VLOOKUP(C31,AC$1:AE$9999,2,FALSE)),"",VLOOKUP(C31,AC$1:AE$9999,2,FALSE)) | F31: =IF(I31+G31=0,0,IF(I31=0,SQRT(G31^2+H31),I31*PI()*(1-(J31/360)))) -> 0 | J31: =IF(I31=0,0,IF(K31="90°",270,ASIN((K31/2)/(I31/2))*180/PI()*2)) -> 0 | M31: =IF(E31+F31+N31=0,"",IF((D31*F31*L31)/1000+N31=0,(D31*E31*L31)/1000+N31,(D31*F31*L31)/1000+N31)) | O31: =IF(O30>0,0,IF(A32&B32=A31&B31,0,IF(COUNTIFS(A:A,A31,B:B,B31)>=2,SUMIFS(M:M,A:A,A31,B:B,B31),0))) -> 0 | V31: =M31
D32: =IF(ISNA(VLOOKUP(C32,AC$1:AE$9999,2,FALSE)),"",VLOOKUP(C32,AC$1:AE$9999,2,FALSE)) | F32: =IF(I32+G32=0,0,IF(I32=0,SQRT(G32^2+H32),I32*PI()*(1-(J32/360)))) -> 0 | J32: =IF(I32=0,0,IF(K32="90°",270,ASIN((K32/2)/(I32/2))*180/PI()*2)) -> 0 | M32: =IF(E32+F32+N32=0,"",IF((D32*F32*L32)/1000+N32=0,(D32*E32*L32)/1000+N32,(D32*F32*L32)/1000+N32)) | O32: =IF(O31>0,0,IF(A33&B33=A32&B32,0,IF(COUNTIFS(A:A,A32,B:B,B32)>=2,SUMIFS(M:M,A:A,A32,B:B,B32),0))) -> 0 | V32: =M32
D33: =IF(ISNA(VLOOKUP(C33,AC$1:AE$9999,2,FALSE)),"",VLOOKUP(C33,AC$1:AE$9999,2,FALSE)) | F33: =IF(I33+G33=0,0,IF(I33=0,SQRT(G33^2+H33),I33*PI()*(1-(J33/360)))) -> 0 | J33: =IF(I33=0,0,IF(K33="90°",270,ASIN((K33/2)/(I33/2))*180/PI()*2)) -> 0 | M33: =IF(E33+F33+N33=0,"",IF((D33*F33*L33)/1000+N33=0,(D33*E33*L33)/1000+N33,(D33*F33*L33)/1000+N33)) | O33: =IF(O32>0,0,IF(A34&B34=A33&B33,0,IF(COUNTIFS(A:A,A33,B:B,B33)>=2,SUMIFS(M:M,A:A,A33,B:B,B33),0))) -> 0 | V33: =M33
D34: =IF(ISNA(VLOOKUP(C34,AC$1:AE$9999,2,FALSE)),"",VLOOKUP(C34,AC$1:AE$9999,2,FALSE)) | F34: =IF(I34+G34=0,0,IF(I34=0,SQRT(G34^2+H34),I34*PI()*(1-(J34/360)))) -> 0 | J34: =IF(I34=0,0,IF(K34="90°",270,ASIN((K34/2)/(I34/2))*180/PI()*2)) -> 0 | M34: =IF(E34+F34+N34=0,"",IF((D34*F34*L34)/1000+N34=0,(D34*E34*L34)/1000+N34,(D34*F34*L34)/1000+N34)) | O34: =IF(O33>0,0,IF(A35&B35=A34&B34,0,IF(COUNTIFS(A:A,A34,B:B,B34)>=2,SUMIFS(M:M,A:A,A34,B:B,B34),0))) -> 0 | V34: =M34
... D1000: =IF(ISNA(VLOOKUP(C1000,AC$1:AE$9999,2,FALSE)),"",VLOOKUP(C1000,AC$1:AE$9999,2,FALSE)) | F1000: =IF(I1000+G1000=0,0,IF(I1000=0,SQRT(G1000^2+H1000),I1000*PI()*(1-(J1000/360)))) -> 0 | J1000: =IF(I1000=0,0,IF(K1000="90°",270,ASIN((K1000/2)/(I1000/2))*180/PI()*2)) -> 0 | M1000: =IF(E1000+F1000+N1000=0,"",IF((D1000*F1000*L1000)/1000+N1000=0,(D1000*E1000*L1000)/1000+N1000,(D1000*F1000*L1000)/1000+N1000)) | O1000: =IF(O999>0,0,IF(A1001&B1001=A1000&B1000,0,IF(COUNTIFS(A:A,A1000,B:B,B1000)>=2,SUMIFS(M:M,A:A,A1000,B:B,B1000),0))) -> 0 | V1000: =M1000
D1001: =IF(ISNA(VLOOKUP(C1001,AC$1:AE$9999,2,FALSE)),"",VLOOKUP(C1001,AC$1:AE$9999,2,FALSE)) | V1001: =M1001 -> 0
D1002: =IF(ISNA(VLOOKUP(C1002,AC$1:AE$9999,2,FALSE)),"",VLOOKUP(C1002,AC$1:AE$9999,2,FALSE)) | V1002: =M1002 -> 0
D1003: =IF(ISNA(VLOOKUP(C1003,AC$1:AE$9999,2,FALSE)),"",VLOOKUP(C1003,AC$1:AE$9999,2,FALSE)) | V1003: =M1003 -> 0
D1004: =IF(ISNA(VLOOKUP(C1004,AC$1:AE$9999,2,FALSE)),"",VLOOKUP(C1004,AC$1:AE$9999,2,FALSE)) | V1004: =M1004 -> 0
D1005: =IF(ISNA(VLOOKUP(C1005,AC$1:AE$9999,2,FALSE)),"",VLOOKUP(C1005,AC$1:AE$9999,2,FALSE)) | V1005: =M1005 -> 0
D1006: =IF(ISNA(VLOOKUP(C1006,AC$1:AE$9999,2,FALSE)),"",VLOOKUP(C1006,AC$1:AE$9999,2,FALSE)) | V1006: =M1006 -> 0
D1007: =IF(ISNA(VLOOKUP(C1007,AC$1:AE$9999,2,FALSE)),"",VLOOKUP(C1007,AC$1:AE$9999,2,FALSE)) | V1007: =M1007 -> 0
D1008: =IF(ISNA(VLOOKUP(C1008,AC$1:AE$9999,2,FALSE)),"",VLOOKUP(C1008,AC$1:AE$9999,2,FALSE)) | V1008: =M1008 -> 0
D1009: =IF(ISNA(VLOOKUP(C1009,AC$1:AE$9999,2,FALSE)),"",VLOOKUP(C1009,AC$1:AE$9999,2,FALSE)) | V1009: =M1009 -> 0
D1010: =IF(ISNA(VLOOKUP(C1010,AC$1:AE$9999,2,FALSE)),"",VLOOKUP(C1010,AC$1:AE$9999,2,FALSE)) | V1010: =M1010 -> 0
D1011: =IF(ISNA(VLOOKUP(C1011,AC$1:AE$9999,2,FALSE)),"",VLOOKUP(C1011,AC$1:AE$9999,2,FALSE)) | V1011: =M1011 -> 0
D1012: =IF(ISNA(VLOOKUP(C1012,AC$1:AE$9999,2,FALSE)),"",VLOOKUP(C1012,AC$1:AE$9999,2,FALSE)) | V1012: =M1012 -> 0
... D2000: =IF(ISNA(VLOOKUP(C2000,AC$1:AE$9999,2,FALSE)),"",VLOOKUP(C2000,AC$1:AE$9999,2,FALSE)) | V2000: =M2000 -> 0

Sheet 鋼材専用
A1: 参照図 | B1: 使用部位 | C1: 使用部材 | D1: 重量定数 | E1: 長さ(mm) | F1: 斜め長さ(mm) | G1: 底辺(mm) | H1: 高さ(mm) | I1: 数量 | J1: 重量 | K1: 付属品(Kg) | L1: 小計 | W1: 総計シート計算用 | AD1: 部材リスト | AE1: 部材重量定数リスト | AF1: 単位
A2: 本体 | B2: 鋼材 | C2: C150x75x6.5 | D2: =IF(ISNA(VLOOKUP(C2,AD$1:AF$9999,2,FALSE)),"",VLOOKUP(C2,AD$1:AF$9999,2,FALSE)) -> 18.6 | E2: 2500 | F2: =IF(E2+G2=0,"",SQRT(G2^2+H2^2)) -> 0 | I2: 20 | J2: =IF(AND(E2+K2=0,F2=""),"",IF(F2=0,(D2*E2*I2)/1000+K2,(D2*F2*I2)/1000+K2)) -> 930 | L2: =IF(L1>0,0,IF(A3&B3=A2&B2,0,IF(COUNTIFS(A:A,A2,B:B,B2)>=2,SUMIFS(J:J,A:A,A2,B:B,B2),0))) -> 0 | W2: =J2 -> 930 | AD2: C150x75x6.5 | AE2: 18.6 | AF2: kg/m
A3: 本体 | B3: 鋼材 | C3: C150x75x6.5 | D3: =IF(ISNA(VLOOKUP(C3,AD$1:AF$9999,2,FALSE)),"",VLOOKUP(C3,AD$1:AF$9999,2,FALSE)) -> 18.6 | E3: 3500 | F3: =IF(E3+G3=0,"",SQRT(G3^2+H3^2)) -> 0 | I3: 3 | J3: =IF(AND(E3+K3=0,F3=""),"",IF(F3=0,(D3*E3*I3)/1000+K3,(D3*F3*I3)/1000+K3)) -> 195.3 | L3: =IF(L2>0,0,IF(A4&B4=A3&B3,0,IF(COUNTIFS(A:A,A3,B:B,B3)>=2,SUMIFS(J:J,A:A,A3,B:B,B3),0))) -> 0 | W3: =J3 -> 195.3 | AD3: C100x50x5 | AE3: 9.36 | AF3: kg/m
A4: 本体 | B4: 鋼材 | C4: C150x75x6.5 | D4: =IF(ISNA(VLOOKUP(C4,AD$1:AF$9999,2,FALSE)),"",VLOOKUP(C4,AD$1:AF$9999,2,FALSE)) -> 18.6 | E4: 1710 | F4: =IF(E4+G4=0,"",SQRT(G4^2+H4^2)) -> 0 | I4: 1 | J4: =IF(AND(E4+K4=0,F4=""),"",IF(F4=0,(D4*E4*I4)/1000+K4,(D4*F4*I4)/1000+K4)) -> 31.806 | L4: =IF(L3>0,0,IF(A5&B5=A4&B4,0,IF(COUNTIFS(A:A,A4,B:B,B4)>=2,SUMIFS(J:J,A:A,A4,B:B,B4),0))) -> 1157.106 | W4: =J4 -> 31.806
A5: 点検ステージ | B5: ステージ外梁C | C5: C150x75x6.5 | D5: =IF(ISNA(VLOOKUP(C5,AD$1:AF$9999,2,FALSE)),"",VLOOKUP(C5,AD$1:AF$9999,2,FALSE)) -> 18.6 | E5: 2177.5 | F5: =IF(E5+G5=0,"",SQRT(G5^2+H5^2)) -> 0 | I5: 2 | J5: =IF(AND(E5+K5=0,F5=""),"",IF(F5=0,(D5*E5*I5)/1000+K5,(D5*F5*I5)/1000+K5)) -> 81.003 | L5: =IF(L4>0,0,IF(A6&B6=A5&B5,0,IF(COUNTIFS(A:A,A5,B:B,B5)>=2,SUMIFS(J:J,A:A,A5,B:B,B5),0))) -> 0 | W5: =J5 -> 81.003
A6: 点検ステージ | B6: ステージ外梁C | C6: C150x75x6.5 | D6: =IF(ISNA(VLOOKUP(C6,AD$1:AF$9999,2,FALSE)),"",VLOOKUP(C6,AD$1:AF$9999,2,FALSE)) -> 18.6 | E6: 2150 | F6: =IF(E6+G6=0,"",SQRT(G6^2+H6^2)) -> 0 | I6: 2 | J6: =IF(AND(E6+K6=0,F6=""),"",IF(F6=0,(D6*E6*I6)/1000+K6,(D6*F6*I6)/1000+K6)) -> 79.98 | L6: =IF(L5>0,0,IF(A7&B7=A6&B6,0,IF(COUNTIFS(A:A,A6,B:B,B6)>=2,SUMIFS(J:J,A:A,A6,B:B,B6),0))) -> 0 | W6: =J6 -> 79.98
A7: 点検ステージ | B7: ステージ外梁C | C7: C150x75x6.5 | D7: =IF(ISNA(VLOOKUP(C7,AD$1:AF$9999,2,FALSE)),"",VLOOKUP(C7,AD$1:AF$9999,2,FALSE)) -> 18.6 | E7: 3425 | F7: =IF(E7+G7=0,"",SQRT(G7^2+H7^2)) -> 0 | I7: 1 | J7: =IF(AND(E7+K7=0,F7=""),"",IF(F7=0,(D7*E7*I7)/1000+K7,(D7*F7*I7)/1000+K7)) -> 63.705 | L7: =IF(L6>0,0,IF(A8&B8=A7&B7,0,IF(COUNTIFS(A:A,A7,B:B,B7)>=2,SUMIFS(J:J,A:A,A7,B:B,B7),0))) -> 0 | W7: =J7 -> 63.705
A8: 点検ステージ | B8: ステージ外梁C | C8: C150x75x6.5 | D8: =IF(ISNA(VLOOKUP(C8,AD$1:AF$9999,2,FALSE)),"",VLOOKUP(C8,AD$1:AF$9999,2,FALSE)) -> 18.6 | E8: 3500 | F8: =IF(E8+G8=0,"",SQRT(G8^2+H8^2)) -> 0 | I8: 1 | J8: =IF(AND(E8+K8=0,F8=""),"",IF(F8=0,(D8*E8*I8)/1000+K8,(D8*F8*I8)/1000+K8)) -> 65.1 | L8: =IF(L7>0,0,IF(A9&B9=A8&B8,0,IF(COUNTIFS(A:A,A8,B:B,B8)>=2,SUMIFS(J:J,A:A,A8,B:B,B8),0))) -> 0 | W8: =J8 -> 65.1
A9: 点検ステージ | B9: ステージ外梁C | C9: C150x75x6.5 | D9: =IF(ISNA(VLOOKUP(C9,AD$1:AF$9999,2,FALSE)),"",VLOOKUP(C9,AD$1:AF$9999,2,FALSE)) -> 18.6 | E9: 1675 | F9: =IF(E9+G9=0,"",SQRT(G9^2+H9^2)) -> 0 | I9: 1 | J9: =IF(AND(E9+K9=0,F9=""),"",IF(F9=0,(D9*E9*I9)/1000+K9,(D9*F9*I9)/1000+K9)) -> 31.155 | L9: =IF(L8>0,0,IF(A10&B10=A9&B9,0,IF(COUNTIFS(A:A,A9,B:B,B9)>=2,SUMIFS(J:J,A:A,A9,B:B,B9),0))) -> 320.943 | W9: =J9 -> 31.155
A10: 点検ステージ | B10: ステージ内梁C | C10: C100x50x5 | D10: =IF(ISNA(VLOOKUP(C10,AD$1:AF$9999,2,FALSE)),"",VLOOKUP(C10,AD$1:AF$9999,2,FALSE)) -> 9.36 | E10: 2000 | F10: =IF(E10+G10=0,"",SQRT(G10^2+H10^2)) -> 0 | I10: 4 | J10: =IF(AND(E10+K10=0,F10=""),"",IF(F10=0,(D10*E10*I10)/1000+K10,(D10*F10*I10)/1000+K10)) -> 74.88 | L10: =IF(L9>0,0,IF(A11&B11=A10&B10,0,IF(COUNTIFS(A:A,A10,B:B,B10)>=2,SUMIFS(J:J,A:A,A10,B:B,B10),0))) -> 0 | W10: =J10 -> 74.88
A11: 点検ステージ | B11: ステージ内梁C | C11: C100x50x5 | D11: =IF(ISNA(VLOOKUP(C11,AD$1:AF$9999,2,FALSE)),"",VLOOKUP(C11,AD$1:AF$9999,2,FALSE)) -> 9.36 | E11: 1675 | F11: =IF(E11+G11=0,"",SQRT(G11^2+H11^2)) -> 0 | I11: 2 | J11: =IF(AND(E11+K11=0,F11=""),"",IF(F11=0,(D11*E11*I11)/1000+K11,(D11*F11*I11)/1000+K11)) -> 31.356 | L11: =IF(L10>0,0,IF(A12&B12=A11&B11,0,IF(COUNTIFS(A:A,A11,B:B,B11)>=2,SUMIFS(J:J,A:A,A11,B:B,B11),0))) -> 106.236 | W11: =J11 -> 31.356
A12: ラダー | B12: AB詳細 | C12: C100x50x5 | D12: =IF(ISNA(VLOOKUP(C12,AD$1:AF$9999,2,FALSE)),"",VLOOKUP(C12,AD$1:AF$9999,2,FALSE)) -> 9.36 | E12: 922 | F12: =IF(E12+G12=0,"",SQRT(G12^2+H12^2)) -> 0 | I12: 2 | J12: =IF(AND(E12+K12=0,F12=""),"",IF(F12=0,(D12*E12*I12)/1000+K12,(D12*F12*I12)/1000+K12)) -> 17.25984 | L12: =IF(L11>0,0,IF(A13&B13=A12&B12,0,IF(COUNTIFS(A:A,A12,B:B,B12)>=2,SUMIFS(J:J,A:A,A12,B:B,B12),0))) -> 0 | W12: =J12 -> 17.25984
D13: =IF(ISNA(VLOOKUP(C13,AD$1:AF$9999,2,FALSE)),"",VLOOKUP(C13,AD$1:AF$9999,2,FALSE)) | F13: =IF(E13+G13=0,"",SQRT(G13^2+H13^2)) | J13: =IF(AND(E13+K13=0,F13=""),"",IF(F13=0,(D13*E13*I13)/1000+K13,(D13*F13*I13)/1000+K13)) | L13: =IF(L12>0,0,IF(A14&B14=A13&B13,0,IF(COUNTIFS(A:A,A13,B:B,B13)>=2,SUMIFS(J:J,A:A,A13,B:B,B13),0))) -> 0 | W13: =J13
D14: =IF(ISNA(VLOOKUP(C14,AD$1:AF$9999,2,FALSE)),"",VLOOKUP(C14,AD$1:AF$9999,2,FALSE)) | F14: =IF(E14+G14=0,"",SQRT(G14^2+H14^2)) | J14: =IF(AND(E14+K14=0,F14=""),"",IF(F14=0,(D14*E14*I14)/1000+K14,(D14*F14*I14)/1000+K14)) | L14: =IF(L13>0,0,IF(A15&B15=A14&B14,0,IF(COUNTIFS(A:A,A14,B:B,B14)>=2,SUMIFS(J:J,A:A,A14,B:B,B14),0))) -> 0 | W14: =J14
D15: =IF(ISNA(VLOOKUP(C15,AD$1:AF$9999,2,FALSE)),"",VLOOKUP(C15,AD$1:AF$9999,2,FALSE)) | F15: =IF(E15+G15=0,"",SQRT(G15^2+H15^2)) | J15: =IF(AND(E15+K15=0,F15=""),"",IF(F15=0,(D15*E15*I15)/1000+K15,(D15*F15*I15)/1000+K15)) | L15: =IF(L14>0,0,IF(A16&B16=A15&B15,0,IF(COUNTIFS(A:A,A15,B:B,B15)>=2,SUMIFS(J:J,A:A,A15,B:B,B15),0))) -> 0 | W15: =J15
D16: =IF(ISNA(VLOOKUP(C16,AD$1:AF$9999,2,FALSE)),"",VLOOKUP(C16,AD$1:AF$9999,2,FALSE)) | F16: =IF(E16+G16=0,"",SQRT(G16^2+H16^2)) | J16: =IF(AND(E16+K16=0,F16=""),"",IF(F16=0,(D16*E16*I16)/1000+K16,(D16*F16*I16)/1000+K16)) | L16: =IF(L15>0,0,IF(A17&B17=A16&B16,0,IF(COUNTIFS(A:A,A16,B:B,B16)>=2,SUMIFS(J:J,A:A,A16,B:B,B16),0))) -> 0 | W16: =J16
D17: =IF(ISNA(VLOOKUP(C17,AD$1:AF$9999,2,FALSE)),"",VLOOKUP(C17,AD$1:AF$9999,2,FALSE)) | F17: =IF(E17+G17=0,"",SQRT(G17^2+H17^2)) | J17: =IF(AND(E17+K17=0,F17=""),"",IF(F17=0,(D17*E17*I17)/1000+K17,(D17*F17*I17)/1000+K17)) | L17: =IF(L16>0,0,IF(A18&B18=A17&B17,0,IF(COUNTIFS(A:A,A17,B:B,B17)>=2,SUMIFS(J:J,A:A,A17,B:B,B17),0))) -> 0 | W17: =J17
D18: =IF(ISNA(VLOOKUP(C18,AD$1:AF$9999,2,FALSE)),"",VLOOKUP(C18,AD$1:AF$9999,2,FALSE)) | F18: =IF(E18+G18=0,"",SQRT(G18^2+H18^2)) | J18: =IF(AND(E18+K18=0,F18=""),"",IF(F18=0,(D18*E18*I18)/1000+K18,(D18*F18*I18)/1000+K18)) | L18: =IF(L17>0,0,IF(A19&B19=A18&B18,0,IF(COUNTIFS(A:A,A18,B:B,B18)>=2,SUMIFS(J:J,A:A,A18,B:B,B18),0))) -> 0 | W18: =J18
D19: =IF(ISNA(VLOOKUP(C19,AD$1:AF$9999,2,FALSE)),"",VLOOKUP(C19,AD$1:AF$9999,2,FALSE)) | F19: =IF(E19+G19=0,"",SQRT(G19^2+H19^2)) | J19: =IF(AND(E19+K19=0,F19=""),"",IF(F19=0,(D19*E19*I19)/1000+K19,(D19*F19*I19)/1000+K19)) | L19: =IF(L18>0,0,IF(A20&B20=A19&B19,0,IF(COUNTIFS(A:A,A19,B:B,B19)>=2,SUMIFS(J:J,A:A,A19,B:B,B19),0))) -> 0 | W19: =J19
D20: =IF(ISNA(VLOOKUP(C20,AD$1:AF$9999,2,FALSE)),"",VLOOKUP(C20,AD$1:AF$9999,2,FALSE)) | F20: =IF(E20+G20=0,"",SQRT(G20^2+H20^2)) | J20: =IF(AND(E20+K20=0,F20=""),"",IF(F20=0,(D20*E20*I20)/1000+K20,(D20*F20*I20)/1000+K20)) | L20: =IF(L19>0,0,IF(A21&B21=A20&B20,0,IF(COUNTIFS(A:A,A20,B:B,B20)>=2,SUMIFS(J:J,A:A,A20,B:B,B20),0))) -> 0 | W20: =J20
D21: =IF(ISNA(VLOOKUP(C21,AD$1:AF$9999,2,FALSE)),"",VLOOKUP(C21,AD$1:AF$9999,2,FALSE)) | F21: =IF(E21+G21=0,"",SQRT(G21^2+H21^2)) | J21: =IF(AND(E21+K21=0,F21=""),"",IF(F21=0,(D21*E21*I21)/1000+K21,(D21*F21*I21)/1000+K21)) | L21: =IF(L20>0,0,IF(A22&B22=A21&B21,0,IF(COUNTIFS(A:A,A21,B:B,B21)>=2,SUMIFS(J:J,A:A,A21,B:B,B21),0))) -> 0 | W21: =J21
D22: =IF(ISNA(VLOOKUP(C22,AD$1:AF$9999,2,FALSE)),"",VLOOKUP(C22,AD$1:AF$9999,2,FALSE)) | F22: =IF(E22+G22=0,"",SQRT(G22^2+H22^2)) | J22: =IF(AND(E22+K22=0,F22=""),"",IF(F22=0,(D22*E22*I22)/1000+K22,(D22*F22*I22)/1000+K22)) | L22: =IF(L21>0,0,IF(A23&B23=A22&B22,0,IF(COUNTIFS(A:A,A22,B:B,B22)>=2,SUMIFS(J:J,A:A,A22,B:B,B22),0))) -> 0 | W22: =J22
F23: =IF(E23+G23=0,"",SQRT(G23^2+H23^2)) | J23: =IF(AND(E23+K23=0,F23=""),"",IF(F23=0,(D23*E23*I23)/1000+K23,(D23*F23*I23)/1000+K23)) | L23: =IF(L22>0,0,IF(A24&B24=A23&B23,0,IF(COUNTIFS(A:A,A23,B:B,B23)>=2,SUMIFS(J:J,A:A,A23,B:B,B23),0))) -> 0 | W23: =J23
F24: =IF(E24+G24=0,"",SQRT(G24^2+H24^2)) | J24: =IF(AND(E24+K24=0,F24=""),"",IF(F24=0,(D24*E24*I24)/1000+K24,(D24*F24*I24)/1000+K24)) | L24: =IF(L23>0,0,IF(A25&B25=A24&B24,0,IF(COUNTIFS(A:A,A24,B:B,B24)>=2,SUMIFS(J:J,A:A,A24,B:B,B24),0))) -> 0 | W24: =J24
F25: =IF(E25+G25=0,"",SQRT(G25^2+H25^2)) | J25: =IF(AND(E25+K25=0,F25=""),"",IF(F25=0,(D25*E25*I25)/1000+K25,(D25*F25*I25)/1000+K25)) | L25: =IF(L24>0,0,IF(A26&B26=A25&B25,0,IF(COUNTIFS(A:A,A25,B:B,B25)>=2,SUMIFS(J:J,A:A,A25,B:B,B25),0))) -> 0 | W25: =J25
F26: =IF(E26+G26=0,"",SQRT(G26^2+H26^2)) | J26: =IF(AND(E26+K26=0,F26=""),"",IF(F26=0,(D26*E26*I26)/1000+K26,(D26*F26*I26)/1000+K26)) | L26: =IF(L25>0,0,IF(A27&B27=A26&B26,0,IF(COUNTIFS(A:A,A26,B:B,B26)>=2,SUMIFS(J:J,A:A,A26,B:B,B26),0))) -> 0 | W26: =J26
F27: =IF(E27+G27=0,"",SQRT(G27^2+H27^2)) | J27: =IF(AND(E27+K27=0,F27=""),"",IF(F27=0,(D27*E27*I27)/1000+K27,(D27*F27*I27)/1000+K27)) | L27: =IF(L26>0,0,IF(A28&B28=A27&B27,0,IF(COUNTIFS(A:A,A27,B:B,B27)>=2,SUMIFS(J:J,A:A,A27,B:B,B27),0))) -> 0 | W27: =J27
F28: =IF(E28+G28=0,"",SQRT(G28^2+H28^2)) | J28: =IF(AND(E28+K28=0,F28=""),"",IF(F28=0,(D28*E28*I28)/1000+K28,(D28*F28*I28)/1000+K28)) | L28: =IF(L27>0,0,IF(A29&B29=A28&B28,0,IF(COUNTIFS(A:A,A28,B:B,B28)>=2,SUMIFS(J:J,A:A,A28,B:B,B28),0))) -> 0 | W28: =J28
F29: =IF(E29+G29=0,"",SQRT(G29^2+H29^2)) | J29: =IF(AND(E29+K29=0,F29=""),"",IF(F29=0,(D29*E29*I29)/1000+K29,(D29*F29*I29)/1000+K29)) | L29: =IF(L28>0,0,IF(A30&B30=A29&B29,0,IF(COUNTIFS(A:A,A29,B:B,B29)>=2,SUMIFS(J:J,A:A,A29,B:B,B29),0))) -> 0 | W29: =J29
F30: =IF(E30+G30=0,"",SQRT(G30^2+H30^2)) | J30: =IF(AND(E30+K30=0,F30=""),"",IF(F30=0,(D30*E30*I30)/1000+K30,(D30*F30*I30)/1000+K30)) | L30: =IF(L29>0,0,IF(A31&B31=A30&B30,0,IF(COUNTIFS(A:A,A30,B:B,B30)>=2,SUMIFS(J:J,A:A,A30,B:B,B30),0))) -> 0 | W30: =J30
F31: =IF(E31+G31=0,"",SQRT(G31^2+H31^2)) | J31: =IF(AND(E31+K31=0,F31=""),"",IF(F31=0,(D31*E31*I31)/1000+K31,(D31*F31*I31)/1000+K31)) | L31: =IF(L30>0,0,IF(A32&B32=A31&B31,0,IF(COUNTIFS(A:A,A31,B:B,B31)>=2,SUMIFS(J:J,A:A,A31,B:B,B31),0))) -> 0 | W31: =J31
F32: =IF(E32+G32=0,"",SQRT(G32^2+H32^2)) | J32: =IF(AND(E32+K32=0,F32=""),"",IF(F32=0,(D32*E32*I32)/1000+K32,(D32*F32*I32)/1000+K32)) | L32: =IF(L31>0,0,IF(A33&B33=A32&B32,0,IF(COUNTIFS(A:A,A32,B:B,B32)>=2,SUMIFS(J:J,A:A,A32,B:B,B32),0))) -> 0 | W32: =J32
F33: =IF(E33+G33=0,"",SQRT(G33^2+H33^2)) | J33: =IF(AND(E33+K33=0,F33=""),"",IF(F33=0,(D33*E33*I33)/1000+K33,(D33*F33*I33)/1000+K33)) | L33: =IF(L32>0,0,IF(A34&B34=A33&B33,0,IF(COUNTIFS(A:A,A33,B:B,B33)>=2,SUMIFS(J:J,A:A,A33,B:B,B33),0))) -> 0 | W33: =J33
F34: =IF(E34+G34=0,"",SQRT(G34^2+H34^2)) | J34: =IF(AND(E34+K34=0,F34=""),"",IF(F34=0,(D34*E34*I34)/1000+K34,(D34*F34*I34)/1000+K34)) | L34: =IF(L33>0,0,IF(A35&B35=A34&B34,0,IF(COUNTIFS(A:A,A34,B:B,B34)>=2,SUMIFS(J:J,A:A,A34,B:B,B34),0))) -> 0 | W34: =J34
... F2000: =IF(E2000+G2000=0,"",SQRT(G2000^2+H2000^2)) | J2000: =IF(AND(E2000+K2000=0,F2000=""),"",IF(F2000=0,(D2000*E2000*I2000)/1000+K2000,(D2000*F2000*I2000)/1000+K2000)) | L2000: =IF(L1999>0,0,IF(A2001&B2001=A2000&B2000,0,IF(COUNTIFS(A:A,A2000,B:B,B2000)>=2,SUMIFS(J:J,A:A,A2000,B:B,B2000),0))) -> 0 | W2000: =J2000
J2001: =IF(AND(E2001+K2001=0,F2001=""),"",IF(F2001=0,(D2001*E2001*I2001)/1000+K2001,(D2001*F2001*I2001)/1000+K2001)) | L2001: =IF(L2000>0,0,IF(A2002&B2002=A2001&B2001,0,IF(COUNTIFS(A:A,A2001,B:B,B2001)>=2,SUMIFS(J:J,A:A,A2001,B:B,B2001),0))) -> 0 | W2001: =J2001
J2002: =IF(AND(E2002+K2002=0,F2002=""),"",IF(F2002=0,(D2002*E2002*I2002)/1000+K2002,(D2002*F2002*I2002)/1000+K2002)) | L2002: =IF(L2001>0,0,IF(A2003&B2003=A2002&B2002,0,IF(COUNTIFS(A:A,A2002,B:B,B2002)>=2,SUMIFS(J:J,A:A,A2002,B:B,B2002),0))) -> 0 | W2002: =J2002
J2003: =IF(AND(E2003+K2003=0,F2003=""),"",IF(F2003=0,(D2003*E2003*I2003)/1000+K2003,(D2003*F2003*I2003)/1000+K2003)) | L2003: =IF(L2002>0,0,IF(A2004&B2004=A2003&B2003,0,IF(COUNTIFS(A:A,A2003,B:B,B2003)>=2,SUMIFS(J:J,A:A,A2003,B:B,B2003),0))) -> 0 | W2003: =J2003

Sheet Φ部品専用
A1: 参照図 | B1: 使用部位 | C1: 使用部材 | D1: 重量定数 | E1: 外直径(mm) | F1: 内直径(mm) | G1: 弧長/斜め長さ(mm) | H1: 底辺(mm) | I1: 高さ(mm) | J1: Dカット長さ(mm) | K1: Φ(ドーナツ)mm | L1: ドーナツ角度 | M1: ドーナツ幅(mm)or90° | N1: 高さ | O1: 数量 | P1: 重量 | Q1: 付属品(Kg) | R1: 小計 | W1: 総計シート計算用 | AC1: 部材リスト | AD1: 部材重量定数リスト | AE1: 単位
A2: ノズル他詳細 | B2: N-1 | C2: SUS304 | D2: =IF(ISNA(VLOOKUP(C2,AC$1:AE$9999,2,FALSE)),"",VLOOKUP(C2,AC$1:AE$9999,2,FALSE)) -> 7.93 | E2: 530 | F2: 343.6 | G2: =IF(K2+H2=0,0,IF(K2=0,SQRT(H2^2+I2^2),K2*PI()*(1-(L2/360)))) -> 0 | L2: =IF(K2=0,0,IF(M2="90°",270,ASIN((M2/2)/(K2/2))*180/PI()*2)) -> 0 | N2: 29 | O2: 1 | P2: =IF(N2+G2+Q2=0,"",IF(G2=0,((E2^2*PI()/4)-(F2^2*PI()/4))*((N2-J2/2)*D2*O2)/1000000+Q2,((E2^2*PI()/4)-(F2^2*PI()/4))*(G2-J2/2)/1000000+Q2)) -> 29.411664 | R2: =IF(R1>0,0,IF(A3&B3=A2&B2,0,IF(COUNTIFS(A:A,A2,B:B,B2)>=2,SUMIFS(P:P,A:A,A2,B:B,B2),""))) -> 0 | W2: =P2 -> 29.411664 | AC2: SS400 | AD2: 7.85 | AE2: g/cm³
A3: ノズル他詳細 | B3: N-2 | C3: SUS304 | D3: =IF(ISNA(VLOOKUP(C3,AC$1:AE$9999,2,FALSE)),"",VLOOKUP(C3,AC$1:AE$9999,2,FALSE)) -> 7.93 | E3: 464 | F3: 304.7 | G3: =IF(K3+H3=0,0,IF(K3=0,SQRT(H3^2+I3^2),K3*PI()*(1-(L3/360)))) -> 0 | L3: =IF(K3=0,0,IF(M3="90°",270,ASIN((M3/2)/(K3/2))*180/PI()*2)) -> 0 | N3: 27 | O3: 1 | P3: =IF(N3+G3+Q3=0,"",IF(G3=0,((E3^2*PI()/4)-(F3^2*PI()/4))*((N3-J3/2)*D3*O3)/1000000+Q3,((E3^2*PI()/4)-(F3^2*PI()/4))*(G3-J3/2)/1000000+Q3)) -> 20.592046 | R3: =IF(R2>0,0,IF(A4&B4=A3&B3,0,IF(COUNTIFS(A:A,A3,B:B,B3)>=2,SUMIFS(P:P,A:A,A3,B:B,B3),""))) | W3: =P3 -> 20.592046 | AC3: SUS304 | AD3: 7.93 | AE3: g/cm³
A4: ノズル他詳細 | B4: M-1蓋 | C4: SS400 | D4: =IF(ISNA(VLOOKUP(C4,AC$1:AE$9999,2,FALSE)),"",VLOOKUP(C4,AC$1:AE$9999,2,FALSE)) -> 7.85 | E4: 770 | G4: =IF(K4+H4=0,0,IF(K4=0,SQRT(H4^2+I4^2),K4*PI()*(1-(L4/360)))) -> 0 | L4: =IF(K4=0,0,IF(M4="90°",270,ASIN((M4/2)/(K4/2))*180/PI()*2)) -> 0 | N4: 9 | O4: 1 | P4: =IF(N4+G4+Q4=0,"",IF(G4=0,((E4^2*PI()/4)-(F4^2*PI()/4))*((N4-J4/2)*D4*O4)/1000000+Q4,((E4^2*PI()/4)-(F4^2*PI()/4))*(G4-J4/2)/1000000+Q4)) -> 32.899061 | R4: =IF(R3>0,0,IF(A5&B5=A4&B4,0,IF(COUNTIFS(A:A,A4,B:B,B4)>=2,SUMIFS(P:P,A:A,A4,B:B,B4),""))) -> 0 | W4: =P4 -> 32.899061 | AC4: 金網25mm Φ2.6 SUS | AD4: 3.3 | AE4: Kg/m²
A5: ノズル他詳細 | B5: M-1蓋 | C5: SS400 | D5: =IF(ISNA(VLOOKUP(C5,AC$1:AE$9999,2,FALSE)),"",VLOOKUP(C5,AC$1:AE$9999,2,FALSE)) -> 7.85 | E5: 16 | G5: =IF(K5+H5=0,0,IF(K5=0,SQRT(H5^2+I5^2),K5*PI()*(1-(L5/360)))) -> 0 | L5: =IF(K5=0,0,IF(M5="90°",270,ASIN((M5/2)/(K5/2))*180/PI()*2)) -> 0 | N5: 166 | O5: 1 | P5: =IF(N5+G5+Q5=0,"",IF(G5=0,((E5^2*PI()/4)-(F5^2*PI()/4))*((N5-J5/2)*D5*O5)/1000000+Q5,((E5^2*PI()/4)-(F5^2*PI()/4))*(G5-J5/2)/1000000+Q5)) -> 0.2620038 | R5: =IF(R4>0,0,IF(A6&B6=A5&B5,0,IF(COUNTIFS(A:A,A5,B:B,B5)>=2,SUMIFS(P:P,A:A,A5,B:B,B5),""))) -> 0 | W5: =P5 -> 0.2620038
A6: ノズル他詳細 | B6: M-1蓋 | C6: SS400 | D6: =IF(ISNA(VLOOKUP(C6,AC$1:AE$9999,2,FALSE)),"",VLOOKUP(C6,AC$1:AE$9999,2,FALSE)) -> 7.85 | E6: 16 | G6: =IF(K6+H6=0,0,IF(K6=0,SQRT(H6^2+I6^2),K6*PI()*(1-(L6/360)))) -> 0 | L6: =IF(K6=0,0,IF(M6="90°",270,ASIN((M6/2)/(K6/2))*180/PI()*2)) -> 0 | N6: 59 | O6: 2 | P6: =IF(N6+G6+Q6=0,"",IF(G6=0,((E6^2*PI()/4)-(F6^2*PI()/4))*((N6-J6/2)*D6*O6)/1000000+Q6,((E6^2*PI()/4)-(F6^2*PI()/4))*(G6-J6/2)/1000000+Q6)) -> 0.18624367 | R6: =IF(R5>0,0,IF(A7&B7=A6&B6,0,IF(COUNTIFS(A:A,A6,B:B,B6)>=2,SUMIFS(P:P,A:A,A6,B:B,B6),""))) -> 33.347308 | W6: =P6 -> 0.18624367
A7: ノズル他詳細 | B7: M-1受 | C7: SS400 | D7: =IF(ISNA(VLOOKUP(C7,AC$1:AE$9999,2,FALSE)),"",VLOOKUP(C7,AC$1:AE$9999,2,FALSE)) -> 7.85 | E7: 770 | F7: 612 | G7: =IF(K7+H7=0,0,IF(K7=0,SQRT(H7^2+I7^2),K7*PI()*(1-(L7/360)))) -> 0 | L7: =IF(K7=0,0,IF(M7="90°",270,ASIN((M7/2)/(K7/2))*180/PI()*2)) -> 0 | N7: 9 | O7: 1 | P7: =IF(N7+G7+Q7=0,"",IF(G7=0,((E7^2*PI()/4)-(F7^2*PI()/4))*((N7-J7/2)*D7*O7)/1000000+Q7,((E7^2*PI()/4)-(F7^2*PI()/4))*(G7-J7/2)/1000000+Q7)) -> 12.116221 | R7: =IF(R6>0,0,IF(A8&B8=A7&B7,0,IF(COUNTIFS(A:A,A7,B:B,B7)>=2,SUMIFS(P:P,A:A,A7,B:B,B7),""))) -> 0 | W7: =P7 -> 12.116221
A8: ノズル他詳細 | B8: 落下防止 | C8: 金網25mm Φ2.6 SUS | D8: =IF(ISNA(VLOOKUP(C8,AC$1:AE$9999,2,FALSE)),"",VLOOKUP(C8,AC$1:AE$9999,2,FALSE)) -> 3.3 | E8: 480 | G8: =IF(K8+H8=0,0,IF(K8=0,SQRT(H8^2+I8^2),K8*PI()*(1-(L8/360)))) -> 0 | L8: =IF(K8=0,0,IF(M8="90°",270,ASIN((M8/2)/(K8/2))*180/PI()*2)) -> 0 | N8: 1 | O8: 1 | P8: =IF(N8+G8+Q8=0,"",IF(G8=0,((E8^2*PI()/4)-(F8^2*PI()/4))*((N8-J8/2)*D8*O8)/1000000+Q8,((E8^2*PI()/4)-(F8^2*PI()/4))*(G8-J8/2)/1000000+Q8)) -> 0.59715393 | R8: =IF(R7>0,0,IF(A9&B9=A8&B8,0,IF(COUNTIFS(A:A,A8,B:B,B8)>=2,SUMIFS(P:P,A:A,A8,B:B,B8),""))) | W8: =P8 -> 0.59715393
A9: ノズル他詳細 | B9: ヒンジピン | C9: SUS304 | D9: =IF(ISNA(VLOOKUP(C9,AC$1:AE$9999,2,FALSE)),"",VLOOKUP(C9,AC$1:AE$9999,2,FALSE)) -> 7.93 | E9: 20 | G9: =IF(K9+H9=0,0,IF(K9=0,SQRT(H9^2+I9^2),K9*PI()*(1-(L9/360)))) -> 0 | L9: =IF(K9=0,0,IF(M9="90°",270,ASIN((M9/2)/(K9/2))*180/PI()*2)) -> 0 | N9: 350 | O9: 1 | P9: =IF(N9+G9+Q9=0,"",IF(G9=0,((E9^2*PI()/4)-(F9^2*PI()/4))*((N9-J9/2)*D9*O9)/1000000+Q9,((E9^2*PI()/4)-(F9^2*PI()/4))*(G9-J9/2)/1000000+Q9)) -> 0.90594904 | Q9: 0.034 | R9: =IF(R8>0,0,IF(A10&B10=A9&B9,0,IF(COUNTIFS(A:A,A9,B:B,B9)>=2,SUMIFS(P:P,A:A,A9,B:B,B9),""))) -> 0 | W9: =P9 -> 0.90594904
A10: ノズル他詳細 | B10: 内部ラダー | C10: SS400 | D10: =IF(ISNA(VLOOKUP(C10,AC$1:AE$9999,2,FALSE)),"",VLOOKUP(C10,AC$1:AE$9999,2,FALSE)) -> 7.85 | E10: 19 | G10: =IF(K10+H10=0,0,IF(K10=0,SQRT(H10^2+I10^2),K10*PI()*(1-(L10/360)))) -> 0 | L10: =IF(K10=0,0,IF(M10="90°",270,ASIN((M10/2)/(K10/2))*180/PI()*2)) -> 0 | N10: 259.5 | O10: 2 | P10: =IF(N10+G10+Q10=0,"",IF(G10=0,((E10^2*PI()/4)-(F10^2*PI()/4))*((N10-J10/2)*D10*O10)/1000000+Q10,((E10^2*PI()/4)-(F10^2*PI()/4))*(G10-J10/2)/1000000+Q10)) -> 1.1551386 | R10: =IF(R9>0,0,IF(A11&B11=A10&B10,0,IF(COUNTIFS(A:A,A10,B:B,B10)>=2,SUMIFS(P:P,A:A,A10,B:B,B10),""))) -> 0 | W10: =P10 -> 1.1551386
A11: ノズル他詳細 | B11: 内部ラダー | C11: SS400 | D11: =IF(ISNA(VLOOKUP(C11,AC$1:AE$9999,2,FALSE)),"",VLOOKUP(C11,AC$1:AE$9999,2,FALSE)) -> 7.85 | E11: 19 | G11: =IF(K11+H11=0,0,IF(K11=0,SQRT(H11^2+I11^2),K11*PI()*(1-(L11/360)))) -> 0 | L11: =IF(K11=0,0,IF(M11="90°",270,ASIN((M11/2)/(K11/2))*180/PI()*2)) -> 0 | N11: 40.5 | O11: 2 | P11: =IF(N11+G11+Q11=0,"",IF(G11=0,((E11^2*PI()/4)-(F11^2*PI()/4))*((N11-J11/2)*D11*O11)/1000000+Q11,((E11^2*PI()/4)-(F11^2*PI()/4))*(G11-J11/2)/1000000+Q11)) -> 0.18028175 | R11: =IF(R10>0,0,IF(A12&B12=A11&B11,0,IF(COUNTIFS(A:A,A11,B:B,B11)>=2,SUMIFS(P:P,A:A,A11,B:B,B11),""))) -> 0 | W11: =P11 -> 0.18028175
A12: ノズル他詳細 | B12: 内部ラダー | C12: SS400 | D12: =IF(ISNA(VLOOKUP(C12,AC$1:AE$9999,2,FALSE)),"",VLOOKUP(C12,AC$1:AE$9999,2,FALSE)) -> 7.85 | E12: 19 | G12: =IF(K12+H12=0,0,IF(K12=0,SQRT(H12^2+I12^2),K12*PI()*(1-(L12/360)))) -> 0 | L12: =IF(K12=0,0,IF(M12="90°",270,ASIN((M12/2)/(K12/2))*180/PI()*2)) -> 0 | N12: 381 | O12: 1 | P12: =IF(N12+G12+Q12=0,"",IF(G12=0,((E12^2*PI()/4)-(F12^2*PI()/4))*((N12-J12/2)*D12*O12)/1000000+Q12,((E12^2*PI()/4)-(F12^2*PI()/4))*(G12-J12/2)/1000000+Q12)) -> 0.84799192 | R12: =IF(R11>0,0,IF(A13&B13=A12&B12,0,IF(COUNTIFS(A:A,A12,B:B,B12)>=2,SUMIFS(P:P,A:A,A12,B:B,B12),""))) -> 2.1834123 | W12: =P12 -> 0.84799192
A13: ラダー | B13: 丸棒 | C13: SS400 | D13: =IF(ISNA(VLOOKUP(C13,AC$1:AE$9999,2,FALSE)),"",VLOOKUP(C13,AC$1:AE$9999,2,FALSE)) -> 7.85 | E13: 19 | G13: =IF(K13+H13=0,0,IF(K13=0,SQRT(H13^2+I13^2),K13*PI()*(1-(L13/360)))) -> 0 | L13: =IF(K13=0,0,IF(M13="90°",270,ASIN((M13/2)/(K13/2))*180/PI()*2)) -> 0 | N13: 500 | O13: 10 | P13: =IF(N13+G13+Q13=0,"",IF(G13=0,((E13^2*PI()/4)-(F13^2*PI()/4))*((N13-J13/2)*D13*O13)/1000000+Q13,((E13^2*PI()/4)-(F13^2*PI()/4))*(G13-J13/2)/1000000+Q13)) -> 11.128503 | R13: =IF(R12>0,0,IF(A14&B14=A13&B13,0,IF(COUNTIFS(A:A,A13,B:B,B13)>=2,SUMIFS(P:P,A:A,A13,B:B,B13),""))) -> 0 | W13: =P13 -> 11.128503
A14: 東プラ2号ダクト | B14: ダクトノズル | C14: SUS304 | D14: =IF(ISNA(VLOOKUP(C14,AC$1:AE$9999,2,FALSE)),"",VLOOKUP(C14,AC$1:AE$9999,2,FALSE)) -> 7.93 | E14: 1123.6 | F14: 1105.6 | G14: =IF(K14+H14=0,0,IF(K14=0,SQRT(H14^2+I14^2),K14*PI()*(1-(L14/360)))) -> 0 | N14: 1300 | O14: 1 | P14: =IF(N14+G14+Q14=0,"",IF(G14=0,((E14^2*PI()/4)-(F14^2*PI()/4))*((N14-J14/2)*D14*O14)/1000000+Q14,((E14^2*PI()/4)-(F14^2*PI()/4))*(G14-J14/2)/1000000+Q14)) -> 324.88373 | R14: =IF(R13>0,0,IF(A15&B15=A14&B14,0,IF(COUNTIFS(A:A,A14,B:B,B14)>=2,SUMIFS(P:P,A:A,A14,B:B,B14),""))) -> 0 | W14: =P14 -> 324.88373
A15: 東プラ2号ダクト | B15: ダクトノズル | C15: SUS304 | D15: =IF(ISNA(VLOOKUP(C15,AC$1:AE$9999,2,FALSE)),"",VLOOKUP(C15,AC$1:AE$9999,2,FALSE)) -> 7.93 | E15: 1123.6 | F15: 1105.6 | G15: =IF(K15+H15=0,0,IF(K15=0,SQRT(H15^2+I15^2),K15*PI()*(1-(L15/360)))) -> 0 | N15: 907 | O15: 1 | P15: =IF(N15+G15+Q15=0,"",IF(G15=0,((E15^2*PI()/4)-(F15^2*PI()/4))*((N15-J15/2)*D15*O15)/1000000+Q15,((E15^2*PI()/4)-(F15^2*PI()/4))*(G15-J15/2)/1000000+Q15)) -> 226.66888 | R15: =IF(R14>0,0,IF(A16&B16=A15&B15,0,IF(COUNTIFS(A:A,A15,B:B,B15)>=2,SUMIFS(P:P,A:A,A15,B:B,B15),""))) -> 551.55261 | W15: =P15 -> 226.66888
D16: =IF(ISNA(VLOOKUP(C16,AC$1:AE$9999,2,FALSE)),"",VLOOKUP(C16,AC$1:AE$9999,2,FALSE)) | G16: =IF(K16+H16=0,0,IF(K16=0,SQRT(H16^2+I16^2),K16*PI()*(1-(L16/360)))) -> 0 | P16: =IF(N16+G16+Q16=0,"",IF(G16=0,((E16^2*PI()/4)-(F16^2*PI()/4))*((N16-J16/2)*D16*O16)/1000000+Q16,((E16^2*PI()/4)-(F16^2*PI()/4))*(G16-J16/2)/1000000+Q16)) | R16: =IF(R15>0,0,IF(A17&B17=A16&B16,0,IF(COUNTIFS(A:A,A16,B:B,B16)>=2,SUMIFS(P:P,A:A,A16,B:B,B16),""))) -> 0 | W16: =P16
D17: =IF(ISNA(VLOOKUP(C17,AC$1:AE$9999,2,FALSE)),"",VLOOKUP(C17,AC$1:AE$9999,2,FALSE)) | G17: =IF(K17+H17=0,0,IF(K17=0,SQRT(H17^2+I17^2),K17*PI()*(1-(L17/360)))) -> 0 | P17: =IF(N17+G17+Q17=0,"",IF(G17=0,((E17^2*PI()/4)-(F17^2*PI()/4))*((N17-J17/2)*D17*O17)/1000000+Q17,((E17^2*PI()/4)-(F17^2*PI()/4))*(G17-J17/2)/1000000+Q17)) | R17: =IF(R16>0,0,IF(A18&B18=A17&B17,0,IF(COUNTIFS(A:A,A17,B:B,B17)>=2,SUMIFS(P:P,A:A,A17,B:B,B17),""))) -> 0
D18: =IF(ISNA(VLOOKUP(C18,AC$1:AE$9999,2,FALSE)),"",VLOOKUP(C18,AC$1:AE$9999,2,FALSE)) | G18: =IF(K18+H18=0,0,IF(K18=0,SQRT(H18^2+I18^2),K18*PI()*(1-(L18/360)))) -> 0 | P18: =IF(N18+G18+Q18=0,"",IF(G18=0,((E18^2*PI()/4)-(F18^2*PI()/4))*((N18-J18/2)*D18*O18)/1000000+Q18,((E18^2*PI()/4)-(F18^2*PI()/4))*(G18-J18/2)/1000000+Q18)) | R18: =IF(R17>0,0,IF(A19&B19=A18&B18,0,IF(COUNTIFS(A:A,A18,B:B,B18)>=2,SUMIFS(P:P,A:A,A18,B:B,B18),""))) -> 0
D19: =IF(ISNA(VLOOKUP(C19,AC$1:AE$9999,2,FALSE)),"",VLOOKUP(C19,AC$1:AE$9999,2,FALSE)) | G19: =IF(K19+H19=0,0,IF(K19=0,SQRT(H19^2+I19^2),K19*PI()*(1-(L19/360)))) -> 0 | P19: =IF(N19+G19+Q19=0,"",IF(G19=0,((E19^2*PI()/4)-(F19^2*PI()/4))*((N19-J19/2)*D19*O19)/1000000+Q19,((E19^2*PI()/4)-(F19^2*PI()/4))*(G19-J19/2)/1000000+Q19)) | R19: =IF(R18>0,0,IF(A20&B20=A19&B19,0,IF(COUNTIFS(A:A,A19,B:B,B19)>=2,SUMIFS(P:P,A:A,A19,B:B,B19),""))) -> 0
D20: =IF(ISNA(VLOOKUP(C20,AC$1:AE$9999,2,FALSE)),"",VLOOKUP(C20,AC$1:AE$9999,2,FALSE)) | P20: =IF(N20+G20+Q20=0,"",IF(G20=0,((E20^2*PI()/4)-(F20^2*PI()/4))*((N20-J20/2)*D20*O20)/1000000+Q20,((E20^2*PI()/4)-(F20^2*PI()/4))*(G20-J20/2)/1000000+Q20))
D21: =IF(ISNA(VLOOKUP(C21,AC$1:AE$9999,2,FALSE)),"",VLOOKUP(C21,AC$1:AE$9999,2,FALSE)) | P21: =IF(N21+G21+Q21=0,"",IF(G21=0,((E21^2*PI()/4)-(F21^2*PI()/4))*((N21-J21/2)*D21*O21)/1000000+Q21,((E21^2*PI()/4)-(F21^2*PI()/4))*(G21-J21/2)/1000000+Q21))
D22: =IF(ISNA(VLOOKUP(C22,AC$1:AE$9999,2,FALSE)),"",VLOOKUP(C22,AC$1:AE$9999,2,FALSE)) | G22: =IF(K22=0,0,K22*PI()*(1-(L22/360))) -> 0 | L22: =IF(K22=0,0,IF(M22="90°",270,ASIN((M22/2)/(K22/2))*180/PI()*2)) -> 0 | P22: =IF(N22+G22+Q22=0,"",IF(G22=0,((E22^2*PI()/4)-(F22^2*PI()/4))*((N22-J22/2)*D22*O22)/1000000+Q22,((E22^2*PI()/4)-(F22^2*PI()/4))*(G22-J22/2)/1000000+Q22)) | R22: =IF(R21>0,0,IF(A23&B23=A22&B22,0,IF(COUNTIFS(A:A,A22,B:B,B22)>=2,SUMIFS(P:P,A:A,A22,B:B,B22),0))) -> 0 | W22: =P22
D23: =IF(ISNA(VLOOKUP(C23,AC$1:AE$9999,2,FALSE)),"",VLOOKUP(C23,AC$1:AE$9999,2,FALSE)) | G23: =IF(K23=0,0,K23*PI()*(1-(L23/360))) -> 0 | L23: =IF(K23=0,0,IF(M23="90°",270,ASIN((M23/2)/(K23/2))*180/PI()*2)) -> 0 | P23: =IF(N23+G23+Q23=0,"",IF(G23=0,((E23^2*PI()/4)-(F23^2*PI()/4))*((N23-J23/2)*D23*O23)/1000000+Q23,((E23^2*PI()/4)-(F23^2*PI()/4))*(G23-J23/2)/1000000+Q23)) | R23: =IF(R22>0,0,IF(A24&B24=A23&B23,0,IF(COUNTIFS(A:A,A23,B:B,B23)>=2,SUMIFS(P:P,A:A,A23,B:B,B23),0))) -> 0 | W23: =P23
D24: =IF(ISNA(VLOOKUP(C24,AC$1:AE$9999,2,FALSE)),"",VLOOKUP(C24,AC$1:AE$9999,2,FALSE)) | G24: =IF(K24=0,0,K24*PI()*(1-(L24/360))) -> 0 | L24: =IF(K24=0,0,IF(M24="90°",270,ASIN((M24/2)/(K24/2))*180/PI()*2)) -> 0 | P24: =IF(N24+G24+Q24=0,"",IF(G24=0,((E24^2*PI()/4)-(F24^2*PI()/4))*((N24-J24/2)*D24*O24)/1000000+Q24,((E24^2*PI()/4)-(F24^2*PI()/4))*(G24-J24/2)/1000000+Q24)) | R24: =IF(R23>0,0,IF(A25&B25=A24&B24,0,IF(COUNTIFS(A:A,A24,B:B,B24)>=2,SUMIFS(P:P,A:A,A24,B:B,B24),0))) -> 0 | W24: =P24
D25: =IF(ISNA(VLOOKUP(C25,AC$1:AE$9999,2,FALSE)),"",VLOOKUP(C25,AC$1:AE$9999,2,FALSE)) | G25: =IF(K25=0,0,K25*PI()*(1-(L25/360))) -> 0 | L25: =IF(K25=0,0,IF(M25="90°",270,ASIN((M25/2)/(K25/2))*180/PI()*2)) -> 0 | P25: =IF(N25+G25+Q25=0,"",IF(G25=0,((E25^2*PI()/4)-(F25^2*PI()/4))*((N25-J25/2)*D25*O25)/1000000+Q25,((E25^2*PI()/4)-(F25^2*PI()/4))*(G25-J25/2)/1000000+Q25)) | R25: =IF(R24>0,0,IF(A26&B26=A25&B25,0,IF(COUNTIFS(A:A,A25,B:B,B25)>=2,SUMIFS(P:P,A:A,A25,B:B,B25),0))) -> 0 | W25: =P25
D26: =IF(ISNA(VLOOKUP(C26,AC$1:AE$9999,2,FALSE)),"",VLOOKUP(C26,AC$1:AE$9999,2,FALSE)) | G26: =IF(K26=0,0,K26*PI()*(1-(L26/360))) -> 0 | L26: =IF(K26=0,0,IF(M26="90°",270,ASIN((M26/2)/(K26/2))*180/PI()*2)) -> 0 | P26: =IF(N26+G26+Q26=0,"",IF(G26=0,((E26^2*PI()/4)-(F26^2*PI()/4))*((N26-J26/2)*D26*O26)/1000000+Q26,((E26^2*PI()/4)-(F26^2*PI()/4))*(G26-J26/2)/1000000+Q26)) | R26: =IF(R25>0,0,IF(A27&B27=A26&B26,0,IF(COUNTIFS(A:A,A26,B:B,B26)>=2,SUMIFS(P:P,A:A,A26,B:B,B26),0))) -> 0 | W26: =P26
D27: =IF(ISNA(VLOOKUP(C27,AC$1:AE$9999,2,FALSE)),"",VLOOKUP(C27,AC$1:AE$9999,2,FALSE)) | G27: =IF(K27=0,0,K27*PI()*(1-(L27/360))) -> 0 | L27: =IF(K27=0,0,IF(M27="90°",270,ASIN((M27/2)/(K27/2))*180/PI()*2)) -> 0 | P27: =IF(N27+G27+Q27=0,"",IF(G27=0,((E27^2*PI()/4)-(F27^2*PI()/4))*((N27-J27/2)*D27*O27)/1000000+Q27,((E27^2*PI()/4)-(F27^2*PI()/4))*(G27-J27/2)/1000000+Q27)) | R27: =IF(R26>0,0,IF(A28&B28=A27&B27,0,IF(COUNTIFS(A:A,A27,B:B,B27)>=2,SUMIFS(P:P,A:A,A27,B:B,B27),0))) -> 0 | W27: =P27
D28: =IF(ISNA(VLOOKUP(C28,AC$1:AE$9999,2,FALSE)),"",VLOOKUP(C28,AC$1:AE$9999,2,FALSE)) | G28: =IF(K28=0,0,K28*PI()*(1-(L28/360))) -> 0 | L28: =IF(K28=0,0,IF(M28="90°",270,ASIN((M28/2)/(K28/2))*180/PI()*2)) -> 0 | P28: =IF(N28+G28+Q28=0,"",IF(G28=0,((E28^2*PI()/4)-(F28^2*PI()/4))*((N28-J28/2)*D28*O28)/1000000+Q28,((E28^2*PI()/4)-(F28^2*PI()/4))*(G28-J28/2)/1000000+Q28)) | R28: =IF(R27>0,0,IF(A29&B29=A28&B28,0,IF(COUNTIFS(A:A,A28,B:B,B28)>=2,SUMIFS(P:P,A:A,A28,B:B,B28),0))) -> 0 | W28: =P28
D29: =IF(ISNA(VLOOKUP(C29,AC$1:AE$9999,2,FALSE)),"",VLOOKUP(C29,AC$1:AE$9999,2,FALSE)) | G29: =IF(K29=0,0,K29*PI()*(1-(L29/360))) -> 0 | L29: =IF(K29=0,0,IF(M29="90°",270,ASIN((M29/2)/(K29/2))*180/PI()*2)) -> 0 | P29: =IF(N29+G29+Q29=0,"",IF(G29=0,((E29^2*PI()/4)-(F29^2*PI()/4))*((N29-J29/2)*D29*O29)/1000000+Q29,((E29^2*PI()/4)-(F29^2*PI()/4))*(G29-J29/2)/1000000+Q29)) | R29: =IF(R28>0,0,IF(A30&B30=A29&B29,0,IF(COUNTIFS(A:A,A29,B:B,B29)>=2,SUMIFS(P:P,A:A,A29,B:B,B29),0))) -> 0 | W29: =P29
D30: =IF(ISNA(VLOOKUP(C30,AC$1:AE$9999,2,FALSE)),"",VLOOKUP(C30,AC$1:AE$9999,2,FALSE)) | G30: =IF(K30=0,0,K30*PI()*(1-(L30/360))) -> 0 | L30: =IF(K30=0,0,IF(M30="90°",270,ASIN((M30/2)/(K30/2))*180/PI()*2)) -> 0 | P30: =IF(N30+G30+Q30=0,"",IF(G30=0,((E30^2*PI()/4)-(F30^2*PI()/4))*((N30-J30/2)*D30*O30)/1000000+Q30,((E30^2*PI()/4)-(F30^2*PI()/4))*(G30-J30/2)/1000000+Q30)) | R30: =IF(R29>0,0,IF(A31&B31=A30&B30,0,IF(COUNTIFS(A:A,A30,B:B,B30)>=2,SUMIFS(P:P,A:A,A30,B:B,B30),0))) -> 0 | W30: =P30
D31: =IF(ISNA(VLOOKUP(C31,AC$1:AE$9999,2,FALSE)),"",VLOOKUP(C31,AC$1:AE$9999,2,FALSE)) | G31: =IF(K31=0,0,K31*PI()*(1-(L31/360))) -> 0 | L31: =IF(K31=0,0,IF(M31="90°",270,ASIN((M31/2)/(K31/2))*180/PI()*2)) -> 0 | P31: =IF(N31+G31+Q31=0,"",IF(G31=0,((E31^2*PI()/4)-(F31^2*PI()/4))*((N31-J31/2)*D31*O31)/1000000+Q31,((E31^2*PI()/4)-(F31^2*PI()/4))*(G31-J31/2)/1000000+Q31)) | R31: =IF(R30>0,0,IF(A32&B32=A31&B31,0,IF(COUNTIFS(A:A,A31,B:B,B31)>=2,SUMIFS(P:P,A:A,A31,B:B,B31),0))) -> 0 | W31: =P31
D32: =IF(ISNA(VLOOKUP(C32,AC$1:AE$9999,2,FALSE)),"",VLOOKUP(C32,AC$1:AE$9999,2,FALSE)) | G32: =IF(K32=0,0,K32*PI()*(1-(L32/360))) -> 0 | L32: =IF(K32=0,0,IF(M32="90°",270,ASIN((M32/2)/(K32/2))*180/PI()*2)) -> 0 | P32: =IF(N32+G32+Q32=0,"",IF(G32=0,((E32^2*PI()/4)-(F32^2*PI()/4))*((N32-J32/2)*D32*O32)/1000000+Q32,((E32^2*PI()/4)-(F32^2*PI()/4))*(G32-J32/2)/1000000+Q32)) | R32: =IF(R31>0,0,IF(A33&B33=A32&B32,0,IF(COUNTIFS(A:A,A32,B:B,B32)>=2,SUMIFS(P:P,A:A,A32,B:B,B32),0))) -> 0 | W32: =P32
D33: =IF(ISNA(VLOOKUP(C33,AC$1:AE$9999,2,FALSE)),"",VLOOKUP(C33,AC$1:AE$9999,2,FALSE)) | G33: =IF(K33=0,0,K33*PI()*(1-(L33/360))) -> 0 | L33: =IF(K33=0,0,IF(M33="90°",270,ASIN((M33/2)/(K33/2))*180/PI()*2)) -> 0 | P33: =IF(N33+G33+Q33=0,"",IF(G33=0,((E33^2*PI()/4)-(F33^2*PI()/4))*((N33-J33/2)*D33*O33)/1000000+Q33,((E33^2*PI()/4)-(F33^2*PI()/4))*(G33-J33/2)/1000000+Q33)) | R33: =IF(R32>0,0,IF(A34&B34=A33&B33,0,IF(COUNTIFS(A:A,A33,B:B,B33)>=2,SUMIFS(P:P,A:A,A33,B:B,B33),0))) -> 0 | W33: =P33
... D1000: =IF(ISNA(VLOOKUP(C1000,AC$1:AE$9999,2,FALSE)),"",VLOOKUP(C1000,AC$1:AE$9999,2,FALSE)) | G1000: =IF(K1000=0,0,K1000*PI()*(1-(L1000/360))) -> 0 | L1000: =IF(K1000=0,0,IF(M1000="90°",270,ASIN((M1000/2)/(K1000/2))*180/PI()*2)) -> 0 | P1000: =IF(N1000+G1000+Q1000=0,"",IF(G1000=0,((E1000^2*PI()/4)-(F1000^2*PI()/4))*((N1000-J1000/2)*D1000*O1000)/1000000+Q1000,((E1000^2*PI()/4)-(F1000^2*PI()/4))*(G1000-J1000/2)/1000000+Q1000)) | R1000: =IF(R999>0,0,IF(A1001&B1001=A1000&B1000,0,IF(COUNTIFS(A:A,A1000,B:B,B1000)>=2,SUMIFS(P:P,A:A,A1000,B:B,B1000),0))) -> 0 | W1000: =P1000
D1001: =IF(ISNA(VLOOKUP(C1001,AC$1:AE$9999,2,FALSE)),"",VLOOKUP(C1001,AC$1:AE$9999,2,FALSE)) | L1001: =IF(K1001=0,0,IF(M1001="90°",270,ASIN((M1001/2)/(K1001/2))*180/PI()*2)) -> 0 | P1001: =IF(N1001+G1001+Q1001=0,"",IF(G1001=0,((E1001^2*PI()/4)-(F1001^2*PI()/4))*((N1001-J1001/2)*D1001*O1001)/1000000+Q1001,((E1001^2*PI()/4)-(F1001^2*PI()/4))*(G1001-J1001/2)/1000000+Q1001)) | R1001: =IF(R1000>0,0,IF(A1002&B1002=A1001&B1001,0,IF(COUNTIFS(A:A,A1001,B:B,B1001)>=2,SUMIFS(P:P,A:A,A1001,B:B,B1001),0))) -> 0 | W1001: =P1001
D1002: =IF(ISNA(VLOOKUP(C1002,AC$1:AE$9999,2,FALSE)),"",VLOOKUP(C1002,AC$1:AE$9999,2,FALSE)) | P1002: =IF(N1002+G1002+Q1002=0,"",IF(G1002=0,((E1002^2*PI()/4)-(F1002^2*PI()/4))*((N1002-J1002/2)*D1002*O1002)/1000000+Q1002,((E1002^2*PI()/4)-(F1002^2*PI()/4))*(G1002-J1002/2)/1000000+Q1002)) | R1002: =IF(R1001>0,0,IF(A1003&B1003=A1002&B1002,0,IF(COUNTIFS(A:A,A1002,B:B,B1002)>=2,SUMIFS(P:P,A:A,A1002,B:B,B1002),0))) -> 0 | W1002: =P1002
D1003: =IF(ISNA(VLOOKUP(C1003,AC$1:AE$9999,2,FALSE)),"",VLOOKUP(C1003,AC$1:AE$9999,2,FALSE)) | P1003: =IF(N1003+G1003+Q1003=0,"",IF(G1003=0,((E1003^2*PI()/4)-(F1003^2*PI()/4))*((N1003-J1003/2)*D1003*O1003)/1000000+Q1003,((E1003^2*PI()/4)-(F1003^2*PI()/4))*(G1003-J1003/2)/1000000+Q1003)) | R1003: =IF(R1002>0,0,IF(A1004&B1004=A1003&B1003,0,IF(COUNTIFS(A:A,A1003,B:B,B1003)>=2,SUMIFS(P:P,A:A,A1003,B:B,B1003),0))) -> 0 | W1003: =P1003
D1004: =IF(ISNA(VLOOKUP(C1004,AC$1:AE$9999,2,FALSE)),"",VLOOKUP(C1004,AC$1:AE$9999,2,FALSE)) | P1004: =IF(N1004+G1004+Q1004=0,"",IF(G1004=0,((E1004^2*PI()/4)-(F1004^2*PI()/4))*((N1004-J1004/2)*D1004*O1004)/1000000+Q1004,((E1004^2*PI()/4)-(F1004^2*PI()/4))*(G1004-J1004/2)/1000000+Q1004)) | R1004: =IF(R1003>0,0,IF(A1005&B1005=A1004&B1004,0,IF(COUNTIFS(A:A,A1004,B:B,B1004)>=2,SUMIFS(P:P,A:A,A1004,B:B,B1004),0))) -> 0 | W1004: =P1004
D1005: =IF(ISNA(VLOOKUP(C1005,AC$1:AE$9999,2,FALSE)),"",VLOOKUP(C1005,AC$1:AE$9999,2,FALSE)) | P1005: =IF(N1005+G1005+Q1005=0,"",IF(G1005=0,((E1005^2*PI()/4)-(F1005^2*PI()/4))*((N1005-J1005/2)*D1005*O1005)/1000000+Q1005,((E1005^2*PI()/4)-(F1005^2*PI()/4))*(G1005-J1005/2)/1000000+Q1005)) | R1005: =IF(R1004>0,0,IF(A1006&B1006=A1005&B1005,0,IF(COUNTIFS(A:A,A1005,B:B,B1005)>=2,SUMIFS(P:P,A:A,A1005,B:B,B1005),0))) -> 0 | W1005: =P1005
D1006: =IF(ISNA(VLOOKUP(C1006,AC$1:AE$9999,2,FALSE)),"",VLOOKUP(C1006,AC$1:AE$9999,2,FALSE)) | P1006: =IF(N1006+G1006+Q1006=0,"",IF(G1006=0,((E1006^2*PI()/4)-(F1006^2*PI()/4))*((N1006-J1006/2)*D1006*O1006)/1000000+Q1006,((E1006^2*PI()/4)-(F1006^2*PI()/4))*(G1006-J1006/2)/1000000+Q1006)) | R1006: =IF(R1005>0,0,IF(A1007&B1007=A1006&B1006,0,IF(COUNTIFS(A:A,A1006,B:B,B1006)>=2,SUMIFS(P:P,A:A,A1006,B:B,B1006),0))) -> 0 | W1006: =P1006
D1007: =IF(ISNA(VLOOKUP(C1007,AC$1:AE$9999,2,FALSE)),"",VLOOKUP(C1007,AC$1:AE$9999,2,FALSE)) | P1007: =IF(N1007+G1007+Q1007=0,"",IF(G1007=0,((E1007^2*PI()/4)-(F1007^2*PI()/4))*((N1007-J1007/2)*D1007*O1007)/1000000+Q1007,((E1007^2*PI()/4)-(F1007^2*PI()/4))*(G1007-J1007/2)/1000000+Q1007)) | R1007: =IF(R1006>0,0,IF(A1008&B1008=A1007&B1007,0,IF(COUNTIFS(A:A,A1007,B:B,B1007)>=2,SUMIFS(P:P,A:A,A1007,B:B,B1007),0))) -> 0 | W1007: =P1007
D1008: =IF(ISNA(VLOOKUP(C1008,AC$1:AE$9999,2,FALSE)),"",VLOOKUP(C1008,AC$1:AE$9999,2,FALSE)) | P1008: =IF(N1008+G1008+Q1008=0,"",IF(G1008=0,((E1008^2*PI()/4)-(F1008^2*PI()/4))*((N1008-J1008/2)*D1008*O1008)/1000000+Q1008,((E1008^2*PI()/4)-(F1008^2*PI()/4))*(G1008-J1008/2)/1000000+Q1008)) | R1008: =IF(R1007>0,0,IF(A1009&B1009=A1008&B1008,0,IF(COUNTIFS(A:A,A1008,B:B,B1008)>=2,SUMIFS(P:P,A:A,A1008,B:B,B1008),0))) -> 0 | W1008: =P1008
D1009: =IF(ISNA(VLOOKUP(C1009,AC$1:AE$9999,2,FALSE)),"",VLOOKUP(C1009,AC$1:AE$9999,2,FALSE)) | P1009: =IF(N1009+G1009+Q1009=0,"",IF(G1009=0,((E1009^2*PI()/4)-(F1009^2*PI()/4))*((N1009-J1009/2)*D1009*O1009)/1000000+Q1009,((E1009^2*PI()/4)-(F1009^2*PI()/4))*(G1009-J1009/2)/1000000+Q1009)) | R1009: =IF(R1008>0,0,IF(A1010&B1010=A1009&B1009,0,IF(COUNTIFS(A:A,A1009,B:B,B1009)>=2,SUMIFS(P:P,A:A,A1009,B:B,B1009),0))) -> 0 | W1009: =P1009
D1010: =IF(ISNA(VLOOKUP(C1010,AC$1:AE$9999,2,FALSE)),"",VLOOKUP(C1010,AC$1:AE$9999,2,FALSE)) | P1010: =IF(N1010+G1010+Q1010=0,"",IF(G1010=0,((E1010^2*PI()/4)-(F1010^2*PI()/4))*((N1010-J1010/2)*D1010*O1010)/1000000+Q1010,((E1010^2*PI()/4)-(F1010^2*PI()/4))*(G1010-J1010/2)/1000000+Q1010)) | R1010: =IF(R1009>0,0,IF(A1011&B1011=A1010&B1010,0,IF(COUNTIFS(A:A,A1010,B:B,B1010)>=2,SUMIFS(P:P,A:A,A1010,B:B,B1010),0))) -> 0 | W1010: =P1010
D1011: =IF(ISNA(VLOOKUP(C1011,AC$1:AE$9999,2,FALSE)),"",VLOOKUP(C1011,AC$1:AE$9999,2,FALSE)) | P1011: =IF(N1011+G1011+Q1011=0,"",IF(G1011=0,((E1011^2*PI()/4)-(F1011^2*PI()/4))*((N1011-J1011/2)*D1011*O1011)/1000000+Q1011,((E1011^2*PI()/4)-(F1011^2*PI()/4))*(G1011-J1011/2)/1000000+Q1011)) | R1011: =IF(R1010>0,0,IF(A1012&B1012=A1011&B1011,0,IF(COUNTIFS(A:A,A1011,B:B,B1011)>=2,SUMIFS(P:P,A:A,A1011,B:B,B1011),0))) -> 0 | W1011: =P1011
D1012: =IF(ISNA(VLOOKUP(C1012,AC$1:AE$9999,2,FALSE)),"",VLOOKUP(C1012,AC$1:AE$9999,2,FALSE)) | P1012: =IF(N1012+G1012+Q1012=0,"",IF(G1012=0,((E1012^2*PI()/4)-(F1012^2*PI()/4))*((N1012-J1012/2)*D1012*O1012)/1000000+Q1012,((E1012^2*PI()/4)-(F1012^2*PI()/4))*(G1012-J1012/2)/1000000+Q1012)) | R1012: =IF(R1011>0,0,IF(A1013&B1013=A1012&B1012,0,IF(COUNTIFS(A:A,A1012,B:B,B1012)>=2,SUMIFS(P:P,A:A,A1012,B:B,B1012),0))) -> 0 | W1012: =P1012
D1013: =IF(ISNA(VLOOKUP(C1013,AC$1:AE$9999,2,FALSE)),"",VLOOKUP(C1013,AC$1:AE$9999,2,FALSE)) | P1013: =IF(N1013+G1013+Q1013=0,"",IF(G1013=0,((E1013^2*PI()/4)-(F1013^2*PI()/4))*((N1013-J1013/2)*D1013*O1013)/1000000+Q1013,((E1013^2*PI()/4)-(F1013^2*PI()/4))*(G1013-J1013/2)/1000000+Q1013)) | R1013: =IF(R1012>0,0,IF(A1014&B1014=A1013&B1013,0,IF(COUNTIFS(A:A,A1013,B:B,B1013)>=2,SUMIFS(P:P,A:A,A1013,B:B,B1013),0))) -> 0 | W1013: =P1013
... D2000: =IF(ISNA(VLOOKUP(C2000,AC$1:AE$9999,2,FALSE)),"",VLOOKUP(C2000,AC$1:AE$9999,2,FALSE)) | P2000: =IF(N2000+G2000+Q2000=0,"",IF(G2000=0,((E2000^2*PI()/4)-(F2000^2*PI()/4))*((N2000-J2000/2)*D2000*O2000)/1000000+Q2000,((E2000^2*PI()/4)-(F2000^2*PI()/4))*(G2000-J2000/2)/1000000+Q2000)) | R2000: =IF(R1999>0,0,IF(A2001&B2001=A2000&B2000,0,IF(COUNTIFS(A:A,A2000,B:B,B2000)>=2,SUMIFS(P:P,A:A,A2000,B:B,B2000),0))) -> 0 | W2000: =P2000

Sheet パイプ専用
A1: 参照図 | B1: パイプ専用 | C1: 使用部材 | D1: 重量定数 | E1: 長さ(mm) | F1: 弧長/斜め長さ(mm) | G1: 底辺(mm) | H1: 高さ(mm) | I1: Dカット長さ(mm) | J1: Φ(ドーナツ)mm | K1: ドーナツ角度 | L1: ドーナツ幅(mm)or90° | M1: 32Aエルボ個数 | N1: 25Aエルボ個数 | O1: 数量 | P1: 重量 | Q1: 付属品(Kg) | R1: 小計 | W1: 総計シート計算用 | AC1: 部材リスト | AD1: 部材重量定数リスト | AE1: 単位
A2: ノズル他詳細 | B2: N-1 | C2: 350A STPYxt6 | D2: =IF(ISNA(VLOOKUP(C2,AC$1:AE$9999,2,FALSE)),"",VLOOKUP(C2,AC$1:AE$9999,2,FALSE)) -> 51.7 | E2: 336 | F2: =IF(J2+G2=0,0,IF(J2=0,SQRT(G2^2+H2^2),J2*PI()*(1-(K2/360)))) -> 0 | K2: =IF(J2=0,0,IF(L2="90°",270,ASIN((L2/2)/(J2/2))*180/PI()*2)) -> 0 | O2: 1 | P2: =IF(E2+F2+Q2=0,"",IF(F2=0,((D2*E2)+(250*M2)+(140*N2)-(D2*I2/2))*O2/1000+Q2,((D2*F2)+(250*M2)+(140*N2)-(D2*I2/2))*O2/1000+Q2)) -> 17.3712 | R2: =IF(R1>0,0,IF(A3&B3=A2&B2,0,IF(COUNTIFS(A:A,A2,B:B,B2)>=2,SUMIFS(P:P,A:A,A2,B:B,B2),0))) -> 0 | W2: =P2 -> 17.3712 | AC2: 32A SGP | AD2: 3.38 | AE2: Kg/m
A3: ノズル他詳細 | B3: N-2 | C3: 300A SGP | D3: =IF(ISNA(VLOOKUP(C3,AC$1:AE$9999,2,FALSE)),"",VLOOKUP(C3,AC$1:AE$9999,2,FALSE)) -> 53 | E3: 188 | F3: =IF(J3+G3=0,0,IF(J3=0,SQRT(G3^2+H3^2),J3*PI()*(1-(K3/360)))) -> 0 | K3: =IF(J3=0,0,IF(L3="90°",270,ASIN((L3/2)/(J3/2))*180/PI()*2)) -> 0 | O3: 1 | P3: =IF(E3+F3+Q3=0,"",IF(F3=0,((D3*E3)+(250*M3)+(140*N3)-(D3*I3/2))*O3/1000+Q3,((D3*F3)+(250*M3)+(140*N3)-(D3*I3/2))*O3/1000+Q3)) -> 9.964 | R3: =IF(R2>0,0,IF(A4&B4=A3&B3,0,IF(COUNTIFS(A:A,A3,B:B,B3)>=2,SUMIFS(P:P,A:A,A3,B:B,B3),0))) -> 0 | W3: =P3 -> 9.964 | AC3: 25A SGP | AD3: 2.43 | AE3: Kg/m
A4: ノズル他詳細 | B4: N-3 | C4: 65A SGP | D4: =IF(ISNA(VLOOKUP(C4,AC$1:AE$9999,2,FALSE)),"",VLOOKUP(C4,AC$1:AE$9999,2,FALSE)) -> 7.47 | E4: 360 | F4: =IF(J4+G4=0,0,IF(J4=0,SQRT(G4^2+H4^2),J4*PI()*(1-(K4/360)))) -> 0 | K4: =IF(J4=0,0,IF(L4="90°",270,ASIN((L4/2)/(J4/2))*180/PI()*2)) -> 0 | O4: 1 | P4: =IF(E4+F4+Q4=0,"",IF(F4=0,((D4*E4)+(250*M4)+(140*N4)-(D4*I4/2))*O4/1000+Q4,((D4*F4)+(250*M4)+(140*N4)-(D4*I4/2))*O4/1000+Q4)) -> 5.2692 | Q4: 2.58 | R4: =IF(R3>0,0,IF(A5&B5=A4&B4,0,IF(COUNTIFS(A:A,A4,B:B,B4)>=2,SUMIFS(P:P,A:A,A4,B:B,B4),0))) -> 0 | W4: =P4 -> 5.2692 | AC4: 350A STPYxt6 | AD4: 51.7 | AE4: Kg/m
A5: ノズル他詳細 | B5: N-4,5 | C5: 100A SGP | D5: =IF(ISNA(VLOOKUP(C5,AC$1:AE$9999,2,FALSE)),"",VLOOKUP(C5,AC$1:AE$9999,2,FALSE)) -> 12.2 | E5: 360 | F5: =IF(J5+G5=0,0,IF(J5=0,SQRT(G5^2+H5^2),J5*PI()*(1-(K5/360)))) -> 0 | K5: =IF(J5=0,0,IF(L5="90°",270,ASIN((L5/2)/(J5/2))*180/PI()*2)) -> 0 | O5: 2 | P5: =IF(E5+F5+Q5=0,"",IF(F5=0,((D5*E5)+(250*M5)+(140*N5)-(D5*I5/2))*O5/1000+Q5,((D5*F5)+(250*M5)+(140*N5)-(D5*I5/2))*O5/1000+Q5)) -> 14.984 | Q5: =3.1*2 -> 6.2 | R5: =IF(R4>0,0,IF(A6&B6=A5&B5,0,IF(COUNTIFS(A:A,A5,B:B,B5)>=2,SUMIFS(P:P,A:A,A5,B:B,B5),0))) -> 0 | W5: =P5 -> 14.984 | AC5: 300A SGP | AD5: 53 | AE5: Kg/m
A6: ノズル他詳細 | B6: N-6 | C6: 250A SGP | D6: =IF(ISNA(VLOOKUP(C6,AC$1:AE$9999,2,FALSE)),"",VLOOKUP(C6,AC$1:AE$9999,2,FALSE)) -> 42.4 | F6: =IF(J6+G6=0,0,IF(J6=0,SQRT(G6^2+H6^2),J6*PI()*(1-(K6/360)))) -> 598.4734 | J6: 762 | K6: =IF(J6=0,0,IF(L6="90°",270,ASIN((L6/2)/(J6/2))*180/PI()*2)) -> 270 | L6: 90° | O6: 1 | P6: =IF(E6+F6+Q6=0,"",IF(F6=0,((D6*E6)+(250*M6)+(140*N6)-(D6*I6/2))*O6/1000+Q6,((D6*F6)+(250*M6)+(140*N6)-(D6*I6/2))*O6/1000+Q6)) -> 36.375272 | Q6: 11 | R6: =IF(R5>0,0,IF(A7&B7=A6&B6,0,IF(COUNTIFS(A:A,A6,B:B,B6)>=2,SUMIFS(P:P,A:A,A6,B:B,B6),0))) -> 0 | W6: =P6 -> 36.375272 | AC6: 65A SGP | AD6: 7.47 | AE6: Kg/m
A7: ノズル他詳細 | B7: N-6 | C7: 250A SGP | D7: =IF(ISNA(VLOOKUP(C7,AC$1:AE$9999,2,FALSE)),"",VLOOKUP(C7,AC$1:AE$9999,2,FALSE)) -> 42.4 | E7: 295 | F7: =IF(J7+G7=0,0,IF(J7=0,SQRT(G7^2+H7^2),J7*PI()*(1-(K7/360)))) -> 0 | K7: =IF(J7=0,0,IF(L7="90°",270,ASIN((L7/2)/(J7/2))*180/PI()*2)) -> 0 | O7: 1 | P7: =IF(E7+F7+Q7=0,"",IF(F7=0,((D7*E7)+(250*M7)+(140*N7)-(D7*I7/2))*O7/1000+Q7,((D7*F7)+(250*M7)+(140*N7)-(D7*I7/2))*O7/1000+Q7)) -> 12.508 | R7: =IF(R6>0,0,IF(A8&B8=A7&B7,0,IF(COUNTIFS(A:A,A7,B:B,B7)>=2,SUMIFS(P:P,A:A,A7,B:B,B7),0))) -> 48.883272 | W7: =P7 -> 12.508 | AC7: 100A SGP | AD7: 12.2 | AE7: Kg/m
A8: ノズル他詳細 | B8: N-7 | C8: 250A SGP | D8: =IF(ISNA(VLOOKUP(C8,AC$1:AE$9999,2,FALSE)),"",VLOOKUP(C8,AC$1:AE$9999,2,FALSE)) -> 42.4 | E8: 495 | F8: =IF(J8+G8=0,0,IF(J8=0,SQRT(G8^2+H8^2),J8*PI()*(1-(K8/360)))) -> 0 | I8: 279 | K8: =IF(J8=0,0,IF(L8="90°",270,ASIN((L8/2)/(J8/2))*180/PI()*2)) -> 0 | O8: 1 | P8: =IF(E8+F8+Q8=0,"",IF(F8=0,((D8*E8)+(250*M8)+(140*N8)-(D8*I8/2))*O8/1000+Q8,((D8*F8)+(250*M8)+(140*N8)-(D8*I8/2))*O8/1000+Q8)) -> 27.7732 | Q8: 12.7 | R8: =IF(R7>0,0,IF(A9&B9=A8&B8,0,IF(COUNTIFS(A:A,A8,B:B,B8)>=2,SUMIFS(P:P,A:A,A8,B:B,B8),0))) -> 0 | W8: =P8 -> 27.7732 | AC8: 250A SGP | AD8: 42.4 | AE8: Kg/m
A9: ノズル他詳細 | B9: N-8 | C9: 80A SGP | D9: =IF(ISNA(VLOOKUP(C9,AC$1:AE$9999,2,FALSE)),"",VLOOKUP(C9,AC$1:AE$9999,2,FALSE)) -> 8.79 | E9: 160 | F9: =IF(J9+G9=0,0,IF(J9=0,SQRT(G9^2+H9^2),J9*PI()*(1-(K9/360)))) -> 0 | K9: =IF(J9=0,0,IF(L9="90°",270,ASIN((L9/2)/(J9/2))*180/PI()*2)) -> 0 | O9: 1 | P9: =IF(E9+F9+Q9=0,"",IF(F9=0,((D9*E9)+(250*M9)+(140*N9)-(D9*I9/2))*O9/1000+Q9,((D9*F9)+(250*M9)+(140*N9)-(D9*I9/2))*O9/1000+Q9)) -> 3.9864 | Q9: 2.58 | R9: =IF(R8>0,0,IF(A10&B10=A9&B9,0,IF(COUNTIFS(A:A,A9,B:B,B9)>=2,SUMIFS(P:P,A:A,A9,B:B,B9),0))) -> 0 | W9: =P9 -> 3.9864 | AC9: 80A SGP | AD9: 8.79 | AE9: Kg/m
A10: ノズル他詳細 | B10: N-9 | C10: 150A SGP | D10: =IF(ISNA(VLOOKUP(C10,AC$1:AE$9999,2,FALSE)),"",VLOOKUP(C10,AC$1:AE$9999,2,FALSE)) -> 19.8 | E10: 360 | F10: =IF(J10+G10=0,0,IF(J10=0,SQRT(G10^2+H10^2),J10*PI()*(1-(K10/360)))) -> 0 | K10: =IF(J10=0,0,IF(L10="90°",270,ASIN((L10/2)/(J10/2))*180/PI()*2)) -> 0 | O10: 1 | P10: =IF(E10+F10+Q10=0,"",IF(F10=0,((D10*E10)+(250*M10)+(140*N10)-(D10*I10/2))*O10/1000+Q10,((D10*F10)+(250*M10)+(140*N10)-(D10*I10/2))*O10/1000+Q10)) -> 11.518 | Q10: 4.39 | R10: =IF(R9>0,0,IF(A11&B11=A10&B10,0,IF(COUNTIFS(A:A,A10,B:B,B10)>=2,SUMIFS(P:P,A:A,A10,B:B,B10),0))) -> 0 | W10: =P10 -> 11.518 | AC10: 150A SGP | AD10: 19.8 | AE10: Kg/m
A11: ノズル他詳細 | B11: N10 | C11: 50A SGP | D11: =IF(ISNA(VLOOKUP(C11,AC$1:AE$9999,2,FALSE)),"",VLOOKUP(C11,AC$1:AE$9999,2,FALSE)) -> 5.31 | E11: 360 | F11: =IF(J11+G11=0,0,IF(J11=0,SQRT(G11^2+H11^2),J11*PI()*(1-(K11/360)))) -> 0 | K11: =IF(J11=0,0,IF(L11="90°",270,ASIN((L11/2)/(J11/2))*180/PI()*2)) -> 0 | O11: 1 | P11: =IF(E11+F11+Q11=0,"",IF(F11=0,((D11*E11)+(250*M11)+(140*N11)-(D11*I11/2))*O11/1000+Q11,((D11*F11)+(250*M11)+(140*N11)-(D11*I11/2))*O11/1000+Q11)) -> 3.7716 | Q11: 1.86 | R11: =IF(R10>0,0,IF(A12&B12=A11&B11,0,IF(COUNTIFS(A:A,A11,B:B,B11)>=2,SUMIFS(P:P,A:A,A11,B:B,B11),0))) -> 0 | W11: =P11 -> 3.7716 | AC11: 50A SGP | AD11: 5.31 | AE11: Kg/m
A12: ノズル他詳細 | B12: 落下防止 | C12: 20AxSch10S | D12: =IF(ISNA(VLOOKUP(C12,AC$1:AE$9999,2,FALSE)),"",VLOOKUP(C12,AC$1:AE$9999,2,FALSE)) -> 1.03 | F12: =IF(J12+G12=0,0,IF(J12=0,SQRT(G12^2+H12^2),J12*PI()*(1-(K12/360)))) -> 1507.9645 | J12: 480 | K12: =IF(J12=0,0,IF(L12="90°",270,ASIN((L12/2)/(J12/2))*180/PI()*2)) -> 0 | O12: 1 | P12: =IF(E12+F12+Q12=0,"",IF(F12=0,((D12*E12)+(250*M12)+(140*N12)-(D12*I12/2))*O12/1000+Q12,((D12*F12)+(250*M12)+(140*N12)-(D12*I12/2))*O12/1000+Q12)) -> 1.5532034 | R12: =IF(R11>0,0,IF(A13&B13=A12&B12,0,IF(COUNTIFS(A:A,A12,B:B,B12)>=2,SUMIFS(P:P,A:A,A12,B:B,B12),0))) -> 0 | W12: =P12 -> 1.5532034 | AC12: 20AxSch10S | AD12: 1.03 | AE12: Kg/m
A13: 点検ステージ | B13: C詳細(スペーサ) | C13: 50A SGP | D13: =IF(ISNA(VLOOKUP(C13,AC$1:AE$9999,2,FALSE)),"",VLOOKUP(C13,AC$1:AE$9999,2,FALSE)) -> 5.31 | E13: 44 | F13: =IF(J13+G13=0,0,IF(J13=0,SQRT(G13^2+H13^2),J13*PI()*(1-(K13/360)))) -> 0 | K13: =IF(J13=0,0,IF(L13="90°",270,ASIN((L13/2)/(J13/2))*180/PI()*2)) -> 0 | O13: 8 | P13: =IF(E13+F13+Q13=0,"",IF(F13=0,((D13*E13)+(250*M13)+(140*N13)-(D13*I13/2))*O13/1000+Q13,((D13*F13)+(250*M13)+(140*N13)-(D13*I13/2))*O13/1000+Q13)) -> 1.86912 | R13: =IF(R12>0,0,IF(A14&B14=A13&B13,0,IF(COUNTIFS(A:A,A13,B:B,B13)>=2,SUMIFS(P:P,A:A,A13,B:B,B13),0))) -> 0 | W13: =P13 -> 1.86912
A14: 手摺配置 | B14: 正面 | C14: 32A SGP | D14: =IF(ISNA(VLOOKUP(C14,AC$1:AE$9999,2,FALSE)),"",VLOOKUP(C14,AC$1:AE$9999,2,FALSE)) -> 3.38 | E14: 1046.4 | F14: =IF(J14+G14=0,0,IF(J14=0,SQRT(G14^2+H14^2),J14*PI()*(1-(K14/360)))) -> 0 | K14: =IF(J14=0,0,IF(L14="90°",270,ASIN((L14/2)/(J14/2))*180/PI()*2)) -> 0 | M14: 1 | O14: 2 | P14: =IF(E14+F14+Q14=0,"",IF(F14=0,((D14*E14)+(250*M14)+(140*N14)-(D14*I14/2))*O14/1000+Q14,((D14*F14)+(250*M14)+(140*N14)-(D14*I14/2))*O14/1000+Q14)) -> 7.573664 | R14: =IF(R13>0,0,IF(A15&B15=A14&B14,0,IF(COUNTIFS(A:A,A14,B:B,B14)>=2,SUMIFS(P:P,A:A,A14,B:B,B14),0))) -> 0 | W14: =P14 -> 7.573664
A15: 手摺配置 | B15: 正面 | C15: 25A SGP | D15: =IF(ISNA(VLOOKUP(C15,AC$1:AE$9999,2,FALSE)),"",VLOOKUP(C15,AC$1:AE$9999,2,FALSE)) -> 2.43 | E15: 1072.65 | F15: =IF(J15+G15=0,0,IF(J15=0,SQRT(G15^2+H15^2),J15*PI()*(1-(K15/360)))) -> 0 | K15: =IF(J15=0,0,IF(L15="90°",270,ASIN((L15/2)/(J15/2))*180/PI()*2)) -> 0 | O15: 6 | P15: =IF(E15+F15+Q15=0,"",IF(F15=0,((D15*E15)+(250*M15)+(140*N15)-(D15*I15/2))*O15/1000+Q15,((D15*F15)+(250*M15)+(140*N15)-(D15*I15/2))*O15/1000+Q15)) -> 15.639237 | R15: =IF(R14>0,0,IF(A16&B16=A15&B15,0,IF(COUNTIFS(A:A,A15,B:B,B15)>=2,SUMIFS(P:P,A:A,A15,B:B,B15),0))) -> 0 | W15: =P15 -> 15.639237
A16: 手摺配置 | B16: 正面 | C16: 32A SGP | D16: =IF(ISNA(VLOOKUP(C16,AC$1:AE$9999,2,FALSE)),"",VLOOKUP(C16,AC$1:AE$9999,2,FALSE)) -> 3.38 | E16: 3404.8 | F16: =IF(J16+G16=0,0,IF(J16=0,SQRT(G16^2+H16^2),J16*PI()*(1-(K16/360)))) -> 0 | K16: =IF(J16=0,0,IF(L16="90°",270,ASIN((L16/2)/(J16/2))*180/PI()*2)) -> 0 | O16: 1 | P16: =IF(E16+F16+Q16=0,"",IF(F16=0,((D16*E16)+(250*M16)+(140*N16)-(D16*I16/2))*O16/1000+Q16,((D16*F16)+(250*M16)+(140*N16)-(D16*I16/2))*O16/1000+Q16)) -> 11.508224 | R16: =IF(R15>0,0,IF(A17&B17=A16&B16,0,IF(COUNTIFS(A:A,A16,B:B,B16)>=2,SUMIFS(P:P,A:A,A16,B:B,B16),0))) -> 0 | W16: =P16 -> 11.508224
A17: 手摺配置 | B17: 正面 | C17: 25A SGP | D17: =IF(ISNA(VLOOKUP(C17,AC$1:AE$9999,2,FALSE)),"",VLOOKUP(C17,AC$1:AE$9999,2,FALSE)) -> 2.43 | E17: 3457.3 | F17: =IF(J17+G17=0,0,IF(J17=0,SQRT(G17^2+H17^2),J17*PI()*(1-(K17/360)))) -> 0 | K17: =IF(J17=0,0,IF(L17="90°",270,ASIN((L17/2)/(J17/2))*180/PI()*2)) -> 0 | O17: 1 | P17: =IF(E17+F17+Q17=0,"",IF(F17=0,((D17*E17)+(250*M17)+(140*N17)-(D17*I17/2))*O17/1000+Q17,((D17*F17)+(250*M17)+(140*N17)-(D17*I17/2))*O17/1000+Q17)) -> 8.401239 | R17: =IF(R16>0,0,IF(A18&B18=A17&B17,0,IF(COUNTIFS(A:A,A17,B:B,B17)>=2,SUMIFS(P:P,A:A,A17,B:B,B17),0))) -> 43.122364 | W17: =P17 -> 8.401239
A18: 手摺配置 | B18: 右側面 | C18: 32A SGP | D18: =IF(ISNA(VLOOKUP(C18,AC$1:AE$9999,2,FALSE)),"",VLOOKUP(C18,AC$1:AE$9999,2,FALSE)) -> 3.38 | E18: 1046.4 | F18: =IF(J18+G18=0,0,IF(J18=0,SQRT(G18^2+H18^2),J18*PI()*(1-(K18/360)))) -> 0 | K18: =IF(J18=0,0,IF(L18="90°",270,ASIN((L18/2)/(J18/2))*180/PI()*2)) -> 0 | M18: 1 | O18: 2 | P18: =IF(E18+F18+Q18=0,"",IF(F18=0,((D18*E18)+(250*M18)+(140*N18)-(D18*I18/2))*O18/1000+Q18,((D18*F18)+(250*M18)+(140*N18)-(D18*I18/2))*O18/1000+Q18)) -> 7.573664 | R18: =IF(R17>0,0,IF(A19&B19=A18&B18,0,IF(COUNTIFS(A:A,A18,B:B,B18)>=2,SUMIFS(P:P,A:A,A18,B:B,B18),0))) -> 0 | W18: =P18 -> 7.573664
A19: 手摺配置 | B19: 右側面 | C19: 25A SGP | D19: =IF(ISNA(VLOOKUP(C19,AC$1:AE$9999,2,FALSE)),"",VLOOKUP(C19,AC$1:AE$9999,2,FALSE)) -> 2.43 | E19: 1072.65 | F19: =IF(J19+G19=0,0,IF(J19=0,SQRT(G19^2+H19^2),J19*PI()*(1-(K19/360)))) -> 0 | K19: =IF(J19=0,0,IF(L19="90°",270,ASIN((L19/2)/(J19/2))*180/PI()*2)) -> 0 | O19: 4 | P19: =IF(E19+F19+Q19=0,"",IF(F19=0,((D19*E19)+(250*M19)+(140*N19)-(D19*I19/2))*O19/1000+Q19,((D19*F19)+(250*M19)+(140*N19)-(D19*I19/2))*O19/1000+Q19)) -> 10.426158 | R19: =IF(R18>0,0,IF(A20&B20=A19&B19,0,IF(COUNTIFS(A:A,A19,B:B,B19)>=2,SUMIFS(P:P,A:A,A19,B:B,B19),0))) -> 0 | W19: =P19 -> 10.426158
A20: 手摺配置 | B20: 右側面 | C20: 32A SGP | D20: =IF(ISNA(VLOOKUP(C20,AC$1:AE$9999,2,FALSE)),"",VLOOKUP(C20,AC$1:AE$9999,2,FALSE)) -> 3.38 | E20: 2167.3 | F20: =IF(J20+G20=0,0,IF(J20=0,SQRT(G20^2+H20^2),J20*PI()*(1-(K20/360)))) -> 0 | K20: =IF(J20=0,0,IF(L20="90°",270,ASIN((L20/2)/(J20/2))*180/PI()*2)) -> 0 | O20: 1 | P20: =IF(E20+F20+Q20=0,"",IF(F20=0,((D20*E20)+(250*M20)+(140*N20)-(D20*I20/2))*O20/1000+Q20,((D20*F20)+(250*M20)+(140*N20)-(D20*I20/2))*O20/1000+Q20)) -> 7.325474 | R20: =IF(R19>0,0,IF(A21&B21=A20&B20,0,IF(COUNTIFS(A:A,A20,B:B,B20)>=2,SUMIFS(P:P,A:A,A20,B:B,B20),0))) -> 0 | W20: =P20 -> 7.325474
A21: 手摺配置 | B21: 右側面 | C21: 25A SGP | D21: =IF(ISNA(VLOOKUP(C21,AC$1:AE$9999,2,FALSE)),"",VLOOKUP(C21,AC$1:AE$9999,2,FALSE)) -> 2.43 | E21: 2203.05 | F21: =IF(J21+G21=0,0,IF(J21=0,SQRT(G21^2+H21^2),J21*PI()*(1-(K21/360)))) -> 0 | K21: =IF(J21=0,0,IF(L21="90°",270,ASIN((L21/2)/(J21/2))*180/PI()*2)) -> 0 | O21: 1 | P21: =IF(E21+F21+Q21=0,"",IF(F21=0,((D21*E21)+(250*M21)+(140*N21)-(D21*I21/2))*O21/1000+Q21,((D21*F21)+(250*M21)+(140*N21)-(D21*I21/2))*O21/1000+Q21)) -> 5.3534115 | R21: =IF(R20>0,0,IF(A22&B22=A21&B21,0,IF(COUNTIFS(A:A,A21,B:B,B21)>=2,SUMIFS(P:P,A:A,A21,B:B,B21),0))) -> 0 | W21: =P21 -> 5.3534115
A22: 手摺配置 | B22: 右側面 | C22: 32A SGP | D22: =IF(ISNA(VLOOKUP(C22,AC$1:AE$9999,2,FALSE)),"",VLOOKUP(C22,AC$1:AE$9999,2,FALSE)) -> 3.38 | E22: 142.3 | F22: =IF(J22+G22=0,0,IF(J22=0,SQRT(G22^2+H22^2),J22*PI()*(1-(K22/360)))) -> 0 | K22: =IF(J22=0,0,IF(L22="90°",270,ASIN((L22/2)/(J22/2))*180/PI()*2)) -> 0 | O22: 1 | P22: =IF(E22+F22+Q22=0,"",IF(F22=0,((D22*E22)+(250*M22)+(140*N22)-(D22*I22/2))*O22/1000+Q22,((D22*F22)+(250*M22)+(140*N22)-(D22*I22/2))*O22/1000+Q22)) -> 0.480974 | R22: =IF(R21>0,0,IF(A23&B23=A22&B22,0,IF(COUNTIFS(A:A,A22,B:B,B22)>=2,SUMIFS(P:P,A:A,A22,B:B,B22),0))) -> 0 | W22: =P22 -> 0.480974
A23: 手摺配置 | B23: 右側面 | C23: 25A SGP | D23: =IF(ISNA(VLOOKUP(C23,AC$1:AE$9999,2,FALSE)),"",VLOOKUP(C23,AC$1:AE$9999,2,FALSE)) -> 2.43 | E23: 178.05 | F23: =IF(J23+G23=0,0,IF(J23=0,SQRT(G23^2+H23^2),J23*PI()*(1-(K23/360)))) -> 0 | K23: =IF(J23=0,0,IF(L23="90°",270,ASIN((L23/2)/(J23/2))*180/PI()*2)) -> 0 | O23: 1 | P23: =IF(E23+F23+Q23=0,"",IF(F23=0,((D23*E23)+(250*M23)+(140*N23)-(D23*I23/2))*O23/1000+Q23,((D23*F23)+(250*M23)+(140*N23)-(D23*I23/2))*O23/1000+Q23)) -> 0.4326615 | R23: =IF(R22>0,0,IF(A24&B24=A23&B23,0,IF(COUNTIFS(A:A,A23,B:B,B23)>=2,SUMIFS(P:P,A:A,A23,B:B,B23),0))) -> 0 | W23: =P23 -> 0.4326615
A24: 手摺配置 | B24: 右側面 | C24: 32A SGP | D24: =IF(ISNA(VLOOKUP(C24,AC$1:AE$9999,2,FALSE)),"",VLOOKUP(C24,AC$1:AE$9999,2,FALSE)) -> 3.38 | E24: 1 | F24: =IF(J24+G24=0,0,IF(J24=0,SQRT(G24^2+H24^2),J24*PI()*(1-(K24/360)))) -> 0 | K24: =IF(J24=0,0,IF(L24="90°",270,ASIN((L24/2)/(J24/2))*180/PI()*2)) -> 0 | M24: 1 | N24: 1 | O24: 1 | P24: =IF(E24+F24+Q24=0,"",IF(F24=0,((D24*E24)+(250*M24)+(140*N24)-(D24*I24/2))*O24/1000+Q24,((D24*F24)+(250*M24)+(140*N24)-(D24*I24/2))*O24/1000+Q24)) -> 0.39338 | R24: =IF(R23>0,0,IF(A25&B25=A24&B24,0,IF(COUNTIFS(A:A,A24,B:B,B24)>=2,SUMIFS(P:P,A:A,A24,B:B,B24),0))) -> 31.985723 | W24: =P24 -> 0.39338
A25: 手摺配置 | B25: 左側面1 | C25: 32A SGP | D25: =IF(ISNA(VLOOKUP(C25,AC$1:AE$9999,2,FALSE)),"",VLOOKUP(C25,AC$1:AE$9999,2,FALSE)) -> 3.38 | E25: 1046.4 | F25: =IF(J25+G25=0,0,IF(J25=0,SQRT(G25^2+H25^2),J25*PI()*(1-(K25/360)))) -> 0 | K25: =IF(J25=0,0,IF(L25="90°",270,ASIN((L25/2)/(J25/2))*180/PI()*2)) -> 0 | M25: 1 | O25: 2 | P25: =IF(E25+F25+Q25=0,"",IF(F25=0,((D25*E25)+(250*M25)+(140*N25)-(D25*I25/2))*O25/1000+Q25,((D25*F25)+(250*M25)+(140*N25)-(D25*I25/2))*O25/1000+Q25)) -> 7.573664 | R25: =IF(R24>0,0,IF(A26&B26=A25&B25,0,IF(COUNTIFS(A:A,A25,B:B,B25)>=2,SUMIFS(P:P,A:A,A25,B:B,B25),0))) -> 0 | W25: =P25 -> 7.573664
A26: 手摺配置 | B26: 左側面1 | C26: 25A SGP | D26: =IF(ISNA(VLOOKUP(C26,AC$1:AE$9999,2,FALSE)),"",VLOOKUP(C26,AC$1:AE$9999,2,FALSE)) -> 2.43 | E26: 1072.65 | F26: =IF(J26+G26=0,0,IF(J26=0,SQRT(G26^2+H26^2),J26*PI()*(1-(K26/360)))) -> 0 | K26: =IF(J26=0,0,IF(L26="90°",270,ASIN((L26/2)/(J26/2))*180/PI()*2)) -> 0 | O26: 4 | P26: =IF(E26+F26+Q26=0,"",IF(F26=0,((D26*E26)+(250*M26)+(140*N26)-(D26*I26/2))*O26/1000+Q26,((D26*F26)+(250*M26)+(140*N26)-(D26*I26/2))*O26/1000+Q26)) -> 10.426158 | R26: =IF(R25>0,0,IF(A27&B27=A26&B26,0,IF(COUNTIFS(A:A,A26,B:B,B26)>=2,SUMIFS(P:P,A:A,A26,B:B,B26),0))) -> 0 | W26: =P26 -> 10.426158
A27: 手摺配置 | B27: 左側面1 | C27: 32A SGP | D27: =IF(ISNA(VLOOKUP(C27,AC$1:AE$9999,2,FALSE)),"",VLOOKUP(C27,AC$1:AE$9999,2,FALSE)) -> 3.38 | E27: 1679.8 | F27: =IF(J27+G27=0,0,IF(J27=0,SQRT(G27^2+H27^2),J27*PI()*(1-(K27/360)))) -> 0 | K27: =IF(J27=0,0,IF(L27="90°",270,ASIN((L27/2)/(J27/2))*180/PI()*2)) -> 0 | O27: 1 | P27: =IF(E27+F27+Q27=0,"",IF(F27=0,((D27*E27)+(250*M27)+(140*N27)-(D27*I27/2))*O27/1000+Q27,((D27*F27)+(250*M27)+(140*N27)-(D27*I27/2))*O27/1000+Q27)) -> 5.677724 | R27: =IF(R26>0,0,IF(A28&B28=A27&B27,0,IF(COUNTIFS(A:A,A27,B:B,B27)>=2,SUMIFS(P:P,A:A,A27,B:B,B27),0))) -> 0 | W27: =P27 -> 5.677724
A28: 手摺配置 | B28: 左側面1 | C28: 25A SGP | D28: =IF(ISNA(VLOOKUP(C28,AC$1:AE$9999,2,FALSE)),"",VLOOKUP(C28,AC$1:AE$9999,2,FALSE)) -> 2.43 | E28: 1698.8 | F28: =IF(J28+G28=0,0,IF(J28=0,SQRT(G28^2+H28^2),J28*PI()*(1-(K28/360)))) -> 0 | K28: =IF(J28=0,0,IF(L28="90°",270,ASIN((L28/2)/(J28/2))*180/PI()*2)) -> 0 | O28: 1 | P28: =IF(E28+F28+Q28=0,"",IF(F28=0,((D28*E28)+(250*M28)+(140*N28)-(D28*I28/2))*O28/1000+Q28,((D28*F28)+(250*M28)+(140*N28)-(D28*I28/2))*O28/1000+Q28)) -> 4.128084 | R28: =IF(R27>0,0,IF(A29&B29=A28&B28,0,IF(COUNTIFS(A:A,A28,B:B,B28)>=2,SUMIFS(P:P,A:A,A28,B:B,B28),0))) -> 0 | W28: =P28 -> 4.128084
A29: 手摺配置 | B29: 左側面1 | C29: 32A SGP | D29: =IF(ISNA(VLOOKUP(C29,AC$1:AE$9999,2,FALSE)),"",VLOOKUP(C29,AC$1:AE$9999,2,FALSE)) -> 3.38 | E29: 254.8 | F29: =IF(J29+G29=0,0,IF(J29=0,SQRT(G29^2+H29^2),J29*PI()*(1-(K29/360)))) -> 0 | K29: =IF(J29=0,0,IF(L29="90°",270,ASIN((L29/2)/(J29/2))*180/PI()*2)) -> 0 | O29: 1 | P29: =IF(E29+F29+Q29=0,"",IF(F29=0,((D29*E29)+(250*M29)+(140*N29)-(D29*I29/2))*O29/1000+Q29,((D29*F29)+(250*M29)+(140*N29)-(D29*I29/2))*O29/1000+Q29)) -> 0.861224 | R29: =IF(R28>0,0,IF(A30&B30=A29&B29,0,IF(COUNTIFS(A:A,A29,B:B,B29)>=2,SUMIFS(P:P,A:A,A29,B:B,B29),0))) -> 0 | W29: =P29 -> 0.861224
A30: 手摺配置 | B30: 左側面1 | C30: 32A SGP | D30: =IF(ISNA(VLOOKUP(C30,AC$1:AE$9999,2,FALSE)),"",VLOOKUP(C30,AC$1:AE$9999,2,FALSE)) -> 3.38 | E30: 242.3 | F30: =IF(J30+G30=0,0,IF(J30=0,SQRT(G30^2+H30^2),J30*PI()*(1-(K30/360)))) -> 0 | K30: =IF(J30=0,0,IF(L30="90°",270,ASIN((L30/2)/(J30/2))*180/PI()*2)) -> 0 | O30: 1 | P30: =IF(E30+F30+Q30=0,"",IF(F30=0,((D30*E30)+(250*M30)+(140*N30)-(D30*I30/2))*O30/1000+Q30,((D30*F30)+(250*M30)+(140*N30)-(D30*I30/2))*O30/1000+Q30)) -> 0.818974 | R30: =IF(R29>0,0,IF(A31&B31=A30&B30,0,IF(COUNTIFS(A:A,A30,B:B,B30)>=2,SUMIFS(P:P,A:A,A30,B:B,B30),0))) -> 0 | W30: =P30 -> 0.818974
A31: 手摺配置 | B31: 左側面1 | C31: 25A SGP | D31: =IF(ISNA(VLOOKUP(C31,AC$1:AE$9999,2,FALSE)),"",VLOOKUP(C31,AC$1:AE$9999,2,FALSE)) -> 2.43 | E31: 290.55 | F31: =IF(J31+G31=0,0,IF(J31=0,SQRT(G31^2+H31^2),J31*PI()*(1-(K31/360)))) -> 0 | K31: =IF(J31=0,0,IF(L31="90°",270,ASIN((L31/2)/(J31/2))*180/PI()*2)) -> 0 | O31: 1 | P31: =IF(E31+F31+Q31=0,"",IF(F31=0,((D31*E31)+(250*M31)+(140*N31)-(D31*I31/2))*O31/1000+Q31,((D31*F31)+(250*M31)+(140*N31)-(D31*I31/2))*O31/1000+Q31)) -> 0.7060365 | R31: =IF(R30>0,0,IF(A32&B32=A31&B31,0,IF(COUNTIFS(A:A,A31,B:B,B31)>=2,SUMIFS(P:P,A:A,A31,B:B,B31),0))) -> 0 | W31: =P31 -> 0.7060365
A32: 手摺配置 | B32: 左側面1 | C32: 25A SGP | D32: =IF(ISNA(VLOOKUP(C32,AC$1:AE$9999,2,FALSE)),"",VLOOKUP(C32,AC$1:AE$9999,2,FALSE)) -> 2.43 | E32: 278.05 | F32: =IF(J32+G32=0,0,IF(J32=0,SQRT(G32^2+H32^2),J32*PI()*(1-(K32/360)))) -> 0 | K32: =IF(J32=0,0,IF(L32="90°",270,ASIN((L32/2)/(J32/2))*180/PI()*2)) -> 0 | O32: 1 | P32: =IF(E32+F32+Q32=0,"",IF(F32=0,((D32*E32)+(250*M32)+(140*N32)-(D32*I32/2))*O32/1000+Q32,((D32*F32)+(250*M32)+(140*N32)-(D32*I32/2))*O32/1000+Q32)) -> 0.6756615 | R32: =IF(R31>0,0,IF(A33&B33=A32&B32,0,IF(COUNTIFS(A:A,A32,B:B,B32)>=2,SUMIFS(P:P,A:A,A32,B:B,B32),0))) -> 0 | W32: =P32 -> 0.6756615
A33: 手摺配置 | B33: 左側面1 | C33: 32A SGP | D33: =IF(ISNA(VLOOKUP(C33,AC$1:AE$9999,2,FALSE)),"",VLOOKUP(C33,AC$1:AE$9999,2,FALSE)) -> 3.38 | E33: 1 | F33: =IF(J33+G33=0,0,IF(J33=0,SQRT(G33^2+H33^2),J33*PI()*(1-(K33/360)))) -> 0 | K33: =IF(J33=0,0,IF(L33="90°",270,ASIN((L33/2)/(J33/2))*180/PI()*2)) -> 0 | M33: 1 | N33: 1 | O33: 1 | P33: =IF(E33+F33+Q33=0,"",IF(F33=0,((D33*E33)+(250*M33)+(140*N33)-(D33*I33/2))*O33/1000+Q33,((D33*F33)+(250*M33)+(140*N33)-(D33*I33/2))*O33/1000+Q33)) -> 0.39338 | R33: =IF(R32>0,0,IF(A34&B34=A33&B33,0,IF(COUNTIFS(A:A,A33,B:B,B33)>=2,SUMIFS(P:P,A:A,A33,B:B,B33),0))) -> 31.260906 | W33: =P33 -> 0.39338
A34: 手摺配置 | B34: 左側面2 | C34: 32A SGP | D34: =IF(ISNA(VLOOKUP(C34,AC$1:AE$9999,2,FALSE)),"",VLOOKUP(C34,AC$1:AE$9999,2,FALSE)) -> 3.38 | E34: 1046.4 | F34: =IF(J34+G34=0,0,IF(J34=0,SQRT(G34^2+H34^2),J34*PI()*(1-(K34/360)))) -> 0 | K34: =IF(J34=0,0,IF(L34="90°",270,ASIN((L34/2)/(J34/2))*180/PI()*2)) -> 0 | M34: 1 | O34: 2 | P34: =IF(E34+F34+Q34=0,"",IF(F34=0,((D34*E34)+(250*M34)+(140*N34)-(D34*I34/2))*O34/1000+Q34,((D34*F34)+(250*M34)+(140*N34)-(D34*I34/2))*O34/1000+Q34)) -> 7.573664 | R34: =IF(R33>0,0,IF(A35&B35=A34&B34,0,IF(COUNTIFS(A:A,A34,B:B,B34)>=2,SUMIFS(P:P,A:A,A34,B:B,B34),0))) -> 0 | W34: =P34 -> 7.573664
A35: 手摺配置 | B35: 左側面2 | C35: 25A SGP | D35: =IF(ISNA(VLOOKUP(C35,AC$1:AE$9999,2,FALSE)),"",VLOOKUP(C35,AC$1:AE$9999,2,FALSE)) -> 2.43 | E35: 1072.65 | F35: =IF(J35+G35=0,0,IF(J35=0,SQRT(G35^2+H35^2),J35*PI()*(1-(K35/360)))) -> 0 | K35: =IF(J35=0,0,IF(L35="90°",270,ASIN((L35/2)/(J35/2))*180/PI()*2)) -> 0 | O35: 2 | P35: =IF(E35+F35+Q35=0,"",IF(F35=0,((D35*E35)+(250*M35)+(140*N35)-(D35*I35/2))*O35/1000+Q35,((D35*F35)+(250*M35)+(140*N35)-(D35*I35/2))*O35/1000+Q35)) -> 5.213079 | R35: =IF(R34>0,0,IF(A36&B36=A35&B35,0,IF(COUNTIFS(A:A,A35,B:B,B35)>=2,SUMIFS(P:P,A:A,A35,B:B,B35),0))) -> 0 | W35: =P35 -> 5.213079
A36: 手摺配置 | B36: 左側面2 | C36: 32A SGP | D36: =IF(ISNA(VLOOKUP(C36,AC$1:AE$9999,2,FALSE)),"",VLOOKUP(C36,AC$1:AE$9999,2,FALSE)) -> 3.38 | E36: 1204.8 | F36: =IF(J36+G36=0,0,IF(J36=0,SQRT(G36^2+H36^2),J36*PI()*(1-(K36/360)))) -> 0 | K36: =IF(J36=0,0,IF(L36="90°",270,ASIN((L36/2)/(J36/2))*180/PI()*2)) -> 0 | O36: 1 | P36: =IF(E36+F36+Q36=0,"",IF(F36=0,((D36*E36)+(250*M36)+(140*N36)-(D36*I36/2))*O36/1000+Q36,((D36*F36)+(250*M36)+(140*N36)-(D36*I36/2))*O36/1000+Q36)) -> 4.072224 | R36: =IF(R35>0,0,IF(A37&B37=A36&B36,0,IF(COUNTIFS(A:A,A36,B:B,B36)>=2,SUMIFS(P:P,A:A,A36,B:B,B36),0))) -> 0 | W36: =P36 -> 4.072224
A37: 手摺配置 | B37: 左側面2 | C37: 25A SGP | D37: =IF(ISNA(VLOOKUP(C37,AC$1:AE$9999,2,FALSE)),"",VLOOKUP(C37,AC$1:AE$9999,2,FALSE)) -> 2.43 | E37: 1240.55 | F37: =IF(J37+G37=0,0,IF(J37=0,SQRT(G37^2+H37^2),J37*PI()*(1-(K37/360)))) -> 0 | K37: =IF(J37=0,0,IF(L37="90°",270,ASIN((L37/2)/(J37/2))*180/PI()*2)) -> 0 | O37: 1 | P37: =IF(E37+F37+Q37=0,"",IF(F37=0,((D37*E37)+(250*M37)+(140*N37)-(D37*I37/2))*O37/1000+Q37,((D37*F37)+(250*M37)+(140*N37)-(D37*I37/2))*O37/1000+Q37)) -> 3.0145365 | R37: =IF(R36>0,0,IF(A38&B38=A37&B37,0,IF(COUNTIFS(A:A,A37,B:B,B37)>=2,SUMIFS(P:P,A:A,A37,B:B,B37),0))) -> 0 | W37: =P37 -> 3.0145365
A38: 手摺配置 | B38: 左側面2 | C38: 32A SGP | D38: =IF(ISNA(VLOOKUP(C38,AC$1:AE$9999,2,FALSE)),"",VLOOKUP(C38,AC$1:AE$9999,2,FALSE)) -> 3.38 | E38: 104.8 | F38: =IF(J38+G38=0,0,IF(J38=0,SQRT(G38^2+H38^2),J38*PI()*(1-(K38/360)))) -> 0 | K38: =IF(J38=0,0,IF(L38="90°",270,ASIN((L38/2)/(J38/2))*180/PI()*2)) -> 0 | O38: 1 | P38: =IF(E38+F38+Q38=0,"",IF(F38=0,((D38*E38)+(250*M38)+(140*N38)-(D38*I38/2))*O38/1000+Q38,((D38*F38)+(250*M38)+(140*N38)-(D38*I38/2))*O38/1000+Q38)) -> 0.354224 | R38: =IF(R37>0,0,IF(A39&B39=A38&B38,0,IF(COUNTIFS(A:A,A38,B:B,B38)>=2,SUMIFS(P:P,A:A,A38,B:B,B38),0))) -> 0 | W38: =P38 -> 0.354224
A39: 手摺配置 | B39: 左側面2 | C39: 25A SGP | D39: =IF(ISNA(VLOOKUP(C39,AC$1:AE$9999,2,FALSE)),"",VLOOKUP(C39,AC$1:AE$9999,2,FALSE)) -> 2.43 | E39: 140.55 | F39: =IF(J39+G39=0,0,IF(J39=0,SQRT(G39^2+H39^2),J39*PI()*(1-(K39/360)))) -> 0 | K39: =IF(J39=0,0,IF(L39="90°",270,ASIN((L39/2)/(J39/2))*180/PI()*2)) -> 0 | O39: 1 | P39: =IF(E39+F39+Q39=0,"",IF(F39=0,((D39*E39)+(250*M39)+(140*N39)-(D39*I39/2))*O39/1000+Q39,((D39*F39)+(250*M39)+(140*N39)-(D39*I39/2))*O39/1000+Q39)) -> 0.3415365 | R39: =IF(R38>0,0,IF(A40&B40=A39&B39,0,IF(COUNTIFS(A:A,A39,B:B,B39)>=2,SUMIFS(P:P,A:A,A39,B:B,B39),0))) -> 0 | W39: =P39 -> 0.3415365
A40: 手摺配置 | B40: 左側面2 | C40: 32A SGP | D40: =IF(ISNA(VLOOKUP(C40,AC$1:AE$9999,2,FALSE)),"",VLOOKUP(C40,AC$1:AE$9999,2,FALSE)) -> 3.38 | E40: 1 | F40: =IF(J40+G40=0,0,IF(J40=0,SQRT(G40^2+H40^2),J40*PI()*(1-(K40/360)))) -> 0 | K40: =IF(J40=0,0,IF(L40="90°",270,ASIN((L40/2)/(J40/2))*180/PI()*2)) -> 0 | M40: 1 | N40: 1 | O40: 1 | P40: =IF(E40+F40+Q40=0,"",IF(F40=0,((D40*E40)+(250*M40)+(140*N40)-(D40*I40/2))*O40/1000+Q40,((D40*F40)+(250*M40)+(140*N40)-(D40*I40/2))*O40/1000+Q40)) -> 0.39338 | R40: =IF(R39>0,0,IF(A41&B41=A40&B40,0,IF(COUNTIFS(A:A,A40,B:B,B40)>=2,SUMIFS(P:P,A:A,A40,B:B,B40),0))) -> 20.962644 | W40: =P40 -> 0.39338
A41: 手摺配置 | B41: 背面1 | C41: 32A SGP | D41: =IF(ISNA(VLOOKUP(C41,AC$1:AE$9999,2,FALSE)),"",VLOOKUP(C41,AC$1:AE$9999,2,FALSE)) -> 3.38 | E41: 1046.4 | F41: =IF(J41+G41=0,0,IF(J41=0,SQRT(G41^2+H41^2),J41*PI()*(1-(K41/360)))) -> 0 | K41: =IF(J41=0,0,IF(L41="90°",270,ASIN((L41/2)/(J41/2))*180/PI()*2)) -> 0 | M41: 1 | O41: 2 | P41: =IF(E41+F41+Q41=0,"",IF(F41=0,((D41*E41)+(250*M41)+(140*N41)-(D41*I41/2))*O41/1000+Q41,((D41*F41)+(250*M41)+(140*N41)-(D41*I41/2))*O41/1000+Q41)) -> 7.573664 | R41: =IF(R40>0,0,IF(A42&B42=A41&B41,0,IF(COUNTIFS(A:A,A41,B:B,B41)>=2,SUMIFS(P:P,A:A,A41,B:B,B41),0))) -> 0 | W41: =P41 -> 7.573664
A42: 手摺配置 | B42: 背面1 | C42: 25A SGP | D42: =IF(ISNA(VLOOKUP(C42,AC$1:AE$9999,2,FALSE)),"",VLOOKUP(C42,AC$1:AE$9999,2,FALSE)) -> 2.43 | E42: 1072.65 | F42: =IF(J42+G42=0,0,IF(J42=0,SQRT(G42^2+H42^2),J42*PI()*(1-(K42/360)))) -> 0 | K42: =IF(J42=0,0,IF(L42="90°",270,ASIN((L42/2)/(J42/2))*180/PI()*2)) -> 0 | O42: 2 | P42: =IF(E42+F42+Q42=0,"",IF(F42=0,((D42*E42)+(250*M42)+(140*N42)-(D42*I42/2))*O42/1000+Q42,((D42*F42)+(250*M42)+(140*N42)-(D42*I42/2))*O42/1000+Q42)) -> 5.213079 | R42: =IF(R41>0,0,IF(A43&B43=A42&B42,0,IF(COUNTIFS(A:A,A42,B:B,B42)>=2,SUMIFS(P:P,A:A,A42,B:B,B42),0))) -> 0 | W42: =P42 -> 5.213079
A43: 手摺配置 | B43: 背面1 | C43: 32A SGP | D43: =IF(ISNA(VLOOKUP(C43,AC$1:AE$9999,2,FALSE)),"",VLOOKUP(C43,AC$1:AE$9999,2,FALSE)) -> 3.38 | E43: 1354.8 | F43: =IF(J43+G43=0,0,IF(J43=0,SQRT(G43^2+H43^2),J43*PI()*(1-(K43/360)))) -> 0 | K43: =IF(J43=0,0,IF(L43="90°",270,ASIN((L43/2)/(J43/2))*180/PI()*2)) -> 0 | O43: 1 | P43: =IF(E43+F43+Q43=0,"",IF(F43=0,((D43*E43)+(250*M43)+(140*N43)-(D43*I43/2))*O43/1000+Q43,((D43*F43)+(250*M43)+(140*N43)-(D43*I43/2))*O43/1000+Q43)) -> 4.579224 | R43: =IF(R42>0,0,IF(A44&B44=A43&B43,0,IF(COUNTIFS(A:A,A43,B:B,B43)>=2,SUMIFS(P:P,A:A,A43,B:B,B43),0))) -> 0 | W43: =P43 -> 4.579224
A44: 手摺配置 | B44: 背面1 | C44: 25A SGP | D44: =IF(ISNA(VLOOKUP(C44,AC$1:AE$9999,2,FALSE)),"",VLOOKUP(C44,AC$1:AE$9999,2,FALSE)) -> 2.43 | E44: 1407.3 | F44: =IF(J44+G44=0,0,IF(J44=0,SQRT(G44^2+H44^2),J44*PI()*(1-(K44/360)))) -> 0 | K44: =IF(J44=0,0,IF(L44="90°",270,ASIN((L44/2)/(J44/2))*180/PI()*2)) -> 0 | O44: 1 | P44: =IF(E44+F44+Q44=0,"",IF(F44=0,((D44*E44)+(250*M44)+(140*N44)-(D44*I44/2))*O44/1000+Q44,((D44*F44)+(250*M44)+(140*N44)-(D44*I44/2))*O44/1000+Q44)) -> 3.419739 | R44: =IF(R43>0,0,IF(A45&B45=A44&B44,0,IF(COUNTIFS(A:A,A44,B:B,B44)>=2,SUMIFS(P:P,A:A,A44,B:B,B44),0))) -> 20.785706 | W44: =P44 -> 3.419739
A45: 手摺配置 | B45: 背面2 | C45: 32A SGP | D45: =IF(ISNA(VLOOKUP(C45,AC$1:AE$9999,2,FALSE)),"",VLOOKUP(C45,AC$1:AE$9999,2,FALSE)) -> 3.38 | E45: 1046.4 | F45: =IF(J45+G45=0,0,IF(J45=0,SQRT(G45^2+H45^2),J45*PI()*(1-(K45/360)))) -> 0 | K45: =IF(J45=0,0,IF(L45="90°",270,ASIN((L45/2)/(J45/2))*180/PI()*2)) -> 0 | M45: 1 | O45: 2 | P45: =IF(E45+F45+Q45=0,"",IF(F45=0,((D45*E45)+(250*M45)+(140*N45)-(D45*I45/2))*O45/1000+Q45,((D45*F45)+(250*M45)+(140*N45)-(D45*I45/2))*O45/1000+Q45)) -> 7.573664 | R45: =IF(R44>0,0,IF(A46&B46=A45&B45,0,IF(COUNTIFS(A:A,A45,B:B,B45)>=2,SUMIFS(P:P,A:A,A45,B:B,B45),0))) -> 0 | W45: =P45 -> 7.573664
A46: 手摺配置 | B46: 背面2 | C46: 25A SGP | D46: =IF(ISNA(VLOOKUP(C46,AC$1:AE$9999,2,FALSE)),"",VLOOKUP(C46,AC$1:AE$9999,2,FALSE)) -> 2.43 | E46: 1072.65 | F46: =IF(J46+G46=0,0,IF(J46=0,SQRT(G46^2+H46^2),J46*PI()*(1-(K46/360)))) -> 0 | K46: =IF(J46=0,0,IF(L46="90°",270,ASIN((L46/2)/(J46/2))*180/PI()*2)) -> 0 | O46: 2 | P46: =IF(E46+F46+Q46=0,"",IF(F46=0,((D46*E46)+(250*M46)+(140*N46)-(D46*I46/2))*O46/1000+Q46,((D46*F46)+(250*M46)+(140*N46)-(D46*I46/2))*O46/1000+Q46)) -> 5.213079 | R46: =IF(R45>0,0,IF(A47&B47=A46&B46,0,IF(COUNTIFS(A:A,A46,B:B,B46)>=2,SUMIFS(P:P,A:A,A46,B:B,B46),0))) -> 0 | W46: =P46 -> 5.213079
A47: 手摺配置 | B47: 背面2 | C47: 32A SGP | D47: =IF(ISNA(VLOOKUP(C47,AC$1:AE$9999,2,FALSE)),"",VLOOKUP(C47,AC$1:AE$9999,2,FALSE)) -> 3.38 | E47: 2004.8 | F47: =IF(J47+G47=0,0,IF(J47=0,SQRT(G47^2+H47^2),J47*PI()*(1-(K47/360)))) -> 0 | K47: =IF(J47=0,0,IF(L47="90°",270,ASIN((L47/2)/(J47/2))*180/PI()*2)) -> 0 | O47: 1 | P47: =IF(E47+F47+Q47=0,"",IF(F47=0,((D47*E47)+(250*M47)+(140*N47)-(D47*I47/2))*O47/1000+Q47,((D47*F47)+(250*M47)+(140*N47)-(D47*I47/2))*O47/1000+Q47)) -> 6.776224 | R47: =IF(R46>0,0,IF(A48&B48=A47&B47,0,IF(COUNTIFS(A:A,A47,B:B,B47)>=2,SUMIFS(P:P,A:A,A47,B:B,B47),0))) -> 0 | W47: =P47 -> 6.776224
A48: 手摺配置 | B48: 背面2 | C48: 25A SGP | D48: =IF(ISNA(VLOOKUP(C48,AC$1:AE$9999,2,FALSE)),"",VLOOKUP(C48,AC$1:AE$9999,2,FALSE)) -> 2.43 | E48: 2023.8 | F48: =IF(J48+G48=0,0,IF(J48=0,SQRT(G48^2+H48^2),J48*PI()*(1-(K48/360)))) -> 0 | K48: =IF(J48=0,0,IF(L48="90°",270,ASIN((L48/2)/(J48/2))*180/PI()*2)) -> 0 | O48: 1 | P48: =IF(E48+F48+Q48=0,"",IF(F48=0,((D48*E48)+(250*M48)+(140*N48)-(D48*I48/2))*O48/1000+Q48,((D48*F48)+(250*M48)+(140*N48)-(D48*I48/2))*O48/1000+Q48)) -> 4.917834 | R48: =IF(R47>0,0,IF(A49&B49=A48&B48,0,IF(COUNTIFS(A:A,A48,B:B,B48)>=2,SUMIFS(P:P,A:A,A48,B:B,B48),0))) -> 0 | W48: =P48 -> 4.917834
A49: 手摺配置 | B49: 背面2 | C49: 32A SGP | D49: =IF(ISNA(VLOOKUP(C49,AC$1:AE$9999,2,FALSE)),"",VLOOKUP(C49,AC$1:AE$9999,2,FALSE)) -> 3.38 | E49: 254.8 | F49: =IF(J49+G49=0,0,IF(J49=0,SQRT(G49^2+H49^2),J49*PI()*(1-(K49/360)))) -> 0 | K49: =IF(J49=0,0,IF(L49="90°",270,ASIN((L49/2)/(J49/2))*180/PI()*2)) -> 0 | O49: 1 | P49: =IF(E49+F49+Q49=0,"",IF(F49=0,((D49*E49)+(250*M49)+(140*N49)-(D49*I49/2))*O49/1000+Q49,((D49*F49)+(250*M49)+(140*N49)-(D49*I49/2))*O49/1000+Q49)) -> 0.861224 | R49: =IF(R48>0,0,IF(A50&B50=A49&B49,0,IF(COUNTIFS(A:A,A49,B:B,B49)>=2,SUMIFS(P:P,A:A,A49,B:B,B49),0))) -> 0 | W49: =P49 -> 0.861224
A50: 手摺配置 | B50: 背面2 | C50: 32A SGP | D50: =IF(ISNA(VLOOKUP(C50,AC$1:AE$9999,2,FALSE)),"",VLOOKUP(C50,AC$1:AE$9999,2,FALSE)) -> 3.38 | E50: 267.3 | F50: =IF(J50+G50=0,0,IF(J50=0,SQRT(G50^2+H50^2),J50*PI()*(1-(K50/360)))) -> 0 | K50: =IF(J50=0,0,IF(L50="90°",270,ASIN((L50/2)/(J50/2))*180/PI()*2)) -> 0 | O50: 1 | P50: =IF(E50+F50+Q50=0,"",IF(F50=0,((D50*E50)+(250*M50)+(140*N50)-(D50*I50/2))*O50/1000+Q50,((D50*F50)+(250*M50)+(140*N50)-(D50*I50/2))*O50/1000+Q50)) -> 0.903474 | R50: =IF(R49>0,0,IF(A51&B51=A50&B50,0,IF(COUNTIFS(A:A,A50,B:B,B50)>=2,SUMIFS(P:P,A:A,A50,B:B,B50),0))) -> 0 | W50: =P50 -> 0.903474
A51: 手摺配置 | B51: 背面2 | C51: 25A SGP | D51: =IF(ISNA(VLOOKUP(C51,AC$1:AE$9999,2,FALSE)),"",VLOOKUP(C51,AC$1:AE$9999,2,FALSE)) -> 2.43 | E51: 303.05 | F51: =IF(J51+G51=0,0,IF(J51=0,SQRT(G51^2+H51^2),J51*PI()*(1-(K51/360)))) -> 0 | K51: =IF(J51=0,0,IF(L51="90°",270,ASIN((L51/2)/(J51/2))*180/PI()*2)) -> 0 | O51: 1 | P51: =IF(E51+F51+Q51=0,"",IF(F51=0,((D51*E51)+(250*M51)+(140*N51)-(D51*I51/2))*O51/1000+Q51,((D51*F51)+(250*M51)+(140*N51)-(D51*I51/2))*O51/1000+Q51)) -> 0.7364115 | R51: =IF(R50>0,0,IF(A52&B52=A51&B51,0,IF(COUNTIFS(A:A,A51,B:B,B51)>=2,SUMIFS(P:P,A:A,A51,B:B,B51),0))) -> 0 | W51: =P51 -> 0.7364115
A52: 手摺配置 | B52: 背面2 | C52: 25A SGP | D52: =IF(ISNA(VLOOKUP(C52,AC$1:AE$9999,2,FALSE)),"",VLOOKUP(C52,AC$1:AE$9999,2,FALSE)) -> 2.43 | E52: 290.55 | F52: =IF(J52+G52=0,0,IF(J52=0,SQRT(G52^2+H52^2),J52*PI()*(1-(K52/360)))) -> 0 | K52: =IF(J52=0,0,IF(L52="90°",270,ASIN((L52/2)/(J52/2))*180/PI()*2)) -> 0 | O52: 1 | P52: =IF(E52+F52+Q52=0,"",IF(F52=0,((D52*E52)+(250*M52)+(140*N52)-(D52*I52/2))*O52/1000+Q52,((D52*F52)+(250*M52)+(140*N52)-(D52*I52/2))*O52/1000+Q52)) -> 0.7060365 | R52: =IF(R51>0,0,IF(A53&B53=A52&B52,0,IF(COUNTIFS(A:A,A52,B:B,B52)>=2,SUMIFS(P:P,A:A,A52,B:B,B52),0))) -> 27.687947 | W52: =P52 -> 0.7060365
A53: 手摺配置 | B53: 背面3 | C53: 32A SGP | D53: =IF(ISNA(VLOOKUP(C53,AC$1:AE$9999,2,FALSE)),"",VLOOKUP(C53,AC$1:AE$9999,2,FALSE)) -> 3.38 | E53: 1 | F53: =IF(J53+G53=0,0,IF(J53=0,SQRT(G53^2+H53^2),J53*PI()*(1-(K53/360)))) -> 0 | K53: =IF(J53=0,0,IF(L53="90°",270,ASIN((L53/2)/(J53/2))*180/PI()*2)) -> 0 | M53: 1 | N53: 1 | O53: 1 | P53: =IF(E53+F53+Q53=0,"",IF(F53=0,((D53*E53)+(250*M53)+(140*N53)-(D53*I53/2))*O53/1000+Q53,((D53*F53)+(250*M53)+(140*N53)-(D53*I53/2))*O53/1000+Q53)) -> 0.39338 | R53: =IF(R52>0,0,IF(A54&B54=A53&B53,0,IF(COUNTIFS(A:A,A53,B:B,B53)>=2,SUMIFS(P:P,A:A,A53,B:B,B53),0))) -> 0 | W53: =P53 -> 0.39338
A54: ラダー | B54: SGP | C54: 32A SGP | D54: =IF(ISNA(VLOOKUP(C54,AC$1:AE$9999,2,FALSE)),"",VLOOKUP(C54,AC$1:AE$9999,2,FALSE)) -> 3.38 | E54: 2850 | F54: =IF(J54+G54=0,0,IF(J54=0,SQRT(G54^2+H54^2),J54*PI()*(1-(K54/360)))) -> 0 | K54: =IF(J54=0,0,IF(L54="90°",270,ASIN((L54/2)/(J54/2))*180/PI()*2)) -> 0 | O54: 2 | P54: =IF(E54+F54+Q54=0,"",IF(F54=0,((D54*E54)+(250*M54)+(140*N54)-(D54*I54/2))*O54/1000+Q54,((D54*F54)+(250*M54)+(140*N54)-(D54*I54/2))*O54/1000+Q54)) -> 19.266 | R54: =IF(R53>0,0,IF(A55&B55=A54&B54,0,IF(COUNTIFS(A:A,A54,B:B,B54)>=2,SUMIFS(P:P,A:A,A54,B:B,B54),0))) -> 0 | W54: =P54 -> 19.266
A55: ラダー | B55: SGP | C55: 32A SGP | D55: =IF(ISNA(VLOOKUP(C55,AC$1:AE$9999,2,FALSE)),"",VLOOKUP(C55,AC$1:AE$9999,2,FALSE)) -> 3.38 | E55: 1094 | F55: =IF(J55+G55=0,0,IF(J55=0,SQRT(G55^2+H55^2),J55*PI()*(1-(K55/360)))) -> 0 | K55: =IF(J55=0,0,IF(L55="90°",270,ASIN((L55/2)/(J55/2))*180/PI()*2)) -> 0 | O55: 2 | P55: =IF(E55+F55+Q55=0,"",IF(F55=0,((D55*E55)+(250*M55)+(140*N55)-(D55*I55/2))*O55/1000+Q55,((D55*F55)+(250*M55)+(140*N55)-(D55*I55/2))*O55/1000+Q55)) -> 7.39544 | R55: =IF(R54>0,0,IF(A56&B56=A55&B55,0,IF(COUNTIFS(A:A,A55,B:B,B55)>=2,SUMIFS(P:P,A:A,A55,B:B,B55),0))) -> 0 | W55: =P55 -> 7.39544
A56: ラダー | B56: SGP | C56: 32A SGP | D56: =IF(ISNA(VLOOKUP(C56,AC$1:AE$9999,2,FALSE)),"",VLOOKUP(C56,AC$1:AE$9999,2,FALSE)) -> 3.38 | F56: =IF(J56+G56=0,0,IF(J56=0,SQRT(G56^2+H56^2),J56*PI()*(1-(K56/360)))) -> 1003.0881 | G56: 78.65 | H56: 1000 | K56: =IF(J56=0,0,IF(L56="90°",270,ASIN((L56/2)/(J56/2))*180/PI()*2)) -> 0 | O56: 2 | P56: =IF(E56+F56+Q56=0,"",IF(F56=0,((D56*E56)+(250*M56)+(140*N56)-(D56*I56/2))*O56/1000+Q56,((D56*F56)+(250*M56)+(140*N56)-(D56*I56/2))*O56/1000+Q56)) -> 6.7808758 | R56: =IF(R55>0,0,IF(A57&B57=A56&B56,0,IF(COUNTIFS(A:A,A56,B:B,B56)>=2,SUMIFS(P:P,A:A,A56,B:B,B56),0))) -> 0 | W56: =P56 -> 6.7808758
A57: ラダー | B57: SGP | C57: 32A SGP | D57: =IF(ISNA(VLOOKUP(C57,AC$1:AE$9999,2,FALSE)),"",VLOOKUP(C57,AC$1:AE$9999,2,FALSE)) -> 3.38 | E57: 625 | F57: =IF(J57+G57=0,0,IF(J57=0,SQRT(G57^2+H57^2),J57*PI()*(1-(K57/360)))) -> 0 | K57: =IF(J57=0,0,IF(L57="90°",270,ASIN((L57/2)/(J57/2))*180/PI()*2)) -> 0 | O57: 1 | P57: =IF(E57+F57+Q57=0,"",IF(F57=0,((D57*E57)+(250*M57)+(140*N57)-(D57*I57/2))*O57/1000+Q57,((D57*F57)+(250*M57)+(140*N57)-(D57*I57/2))*O57/1000+Q57)) -> 2.1125 | R57: =IF(R56>0,0,IF(A58&B58=A57&B57,0,IF(COUNTIFS(A:A,A57,B:B,B57)>=2,SUMIFS(P:P,A:A,A57,B:B,B57),0))) -> 0 | W57: =P57 -> 2.1125
A58: ラダー | B58: SGP | C58: 32A SGP | D58: =IF(ISNA(VLOOKUP(C58,AC$1:AE$9999,2,FALSE)),"",VLOOKUP(C58,AC$1:AE$9999,2,FALSE)) -> 3.38 | E58: 700 | F58: =IF(J58+G58=0,0,IF(J58=0,SQRT(G58^2+H58^2),J58*PI()*(1-(K58/360)))) -> 0 | K58: =IF(J58=0,0,IF(L58="90°",270,ASIN((L58/2)/(J58/2))*180/PI()*2)) -> 0 | O58: 1 | P58: =IF(E58+F58+Q58=0,"",IF(F58=0,((D58*E58)+(250*M58)+(140*N58)-(D58*I58/2))*O58/1000+Q58,((D58*F58)+(250*M58)+(140*N58)-(D58*I58/2))*O58/1000+Q58)) -> 2.366 | R58: =IF(R57>0,0,IF(A59&B59=A58&B58,0,IF(COUNTIFS(A:A,A58,B:B,B58)>=2,SUMIFS(P:P,A:A,A58,B:B,B58),0))) -> 0 | W58: =P58 -> 2.366
A59: ラダー | B59: SGP | C59: 32A SGP | D59: =IF(ISNA(VLOOKUP(C59,AC$1:AE$9999,2,FALSE)),"",VLOOKUP(C59,AC$1:AE$9999,2,FALSE)) -> 3.38 | F59: =IF(J59+G59=0,0,IF(J59=0,SQRT(G59^2+H59^2),J59*PI()*(1-(K59/360)))) -> 2025.4231 | J59: 900 | K59: =IF(J59=0,0,IF(L59="90°",270,ASIN((L59/2)/(J59/2))*180/PI()*2)) -> 102.11512 | L59: 700 | O59: 1 | P59: =IF(E59+F59+Q59=0,"",IF(F59=0,((D59*E59)+(250*M59)+(140*N59)-(D59*I59/2))*O59/1000+Q59,((D59*F59)+(250*M59)+(140*N59)-(D59*I59/2))*O59/1000+Q59)) -> 6.8459302 | R59: =IF(R58>0,0,IF(A60&B60=A59&B59,0,IF(COUNTIFS(A:A,A59,B:B,B59)>=2,SUMIFS(P:P,A:A,A59,B:B,B59),0))) -> 44.766746 | W59: =P59 -> 6.8459302
D60: =IF(ISNA(VLOOKUP(C60,AC$1:AE$9999,2,FALSE)),"",VLOOKUP(C60,AC$1:AE$9999,2,FALSE)) | F60: =IF(J60+G60=0,0,IF(J60=0,SQRT(G60^2+H60^2),J60*PI()*(1-(K60/360)))) -> 0 | K60: =IF(J60=0,0,IF(L60="90°",270,ASIN((L60/2)/(J60/2))*180/PI()*2)) -> 0 | P60: =IF(E60+F60+Q60=0,"",IF(F60=0,((D60*E60)+(250*M60)+(140*N60)-(D60*I60/2))*O60/1000+Q60,((D60*F60)+(250*M60)+(140*N60)-(D60*I60/2))*O60/1000+Q60)) | R60: =IF(R59>0,0,IF(A61&B61=A60&B60,0,IF(COUNTIFS(A:A,A60,B:B,B60)>=2,SUMIFS(P:P,A:A,A60,B:B,B60),0))) -> 0 | W60: =P60
D61: =IF(ISNA(VLOOKUP(C61,AC$1:AE$9999,2,FALSE)),"",VLOOKUP(C61,AC$1:AE$9999,2,FALSE)) | F61: =IF(J61+G61=0,0,IF(J61=0,SQRT(G61^2+H61^2),J61*PI()*(1-(K61/360)))) -> 0 | K61: =IF(J61=0,0,IF(L61="90°",270,ASIN((L61/2)/(J61/2))*180/PI()*2)) -> 0 | P61: =IF(E61+F61+Q61=0,"",IF(F61=0,((D61*E61)+(250*M61)+(140*N61)-(D61*I61/2))*O61/1000+Q61,((D61*F61)+(250*M61)+(140*N61)-(D61*I61/2))*O61/1000+Q61)) | R61: =IF(R60>0,0,IF(A62&B62=A61&B61,0,IF(COUNTIFS(A:A,A61,B:B,B61)>=2,SUMIFS(P:P,A:A,A61,B:B,B61),0))) -> 0 | W61: =P61
D62: =IF(ISNA(VLOOKUP(C62,AC$1:AE$9999,2,FALSE)),"",VLOOKUP(C62,AC$1:AE$9999,2,FALSE)) | F62: =IF(J62+G62=0,0,IF(J62=0,SQRT(G62^2+H62^2),J62*PI()*(1-(K62/360)))) -> 0 | K62: =IF(J62=0,0,IF(L62="90°",270,ASIN((L62/2)/(J62/2))*180/PI()*2)) -> 0 | P62: =IF(E62+F62+Q62=0,"",IF(F62=0,((D62*E62)+(250*M62)+(140*N62)-(D62*I62/2))*O62/1000+Q62,((D62*F62)+(250*M62)+(140*N62)-(D62*I62/2))*O62/1000+Q62)) | R62: =IF(R61>0,0,IF(A63&B63=A62&B62,0,IF(COUNTIFS(A:A,A62,B:B,B62)>=2,SUMIFS(P:P,A:A,A62,B:B,B62),0))) -> 0 | W62: =P62
D63: =IF(ISNA(VLOOKUP(C63,AC$1:AE$9999,2,FALSE)),"",VLOOKUP(C63,AC$1:AE$9999,2,FALSE)) | F63: =IF(J63+G63=0,0,IF(J63=0,SQRT(G63^2+H63^2),J63*PI()*(1-(K63/360)))) -> 0 | K63: =IF(J63=0,0,IF(L63="90°",270,ASIN((L63/2)/(J63/2))*180/PI()*2)) -> 0 | P63: =IF(E63+F63+Q63=0,"",IF(F63=0,((D63*E63)+(250*M63)+(140*N63)-(D63*I63/2))*O63/1000+Q63,((D63*F63)+(250*M63)+(140*N63)-(D63*I63/2))*O63/1000+Q63)) | R63: =IF(R62>0,0,IF(A64&B64=A63&B63,0,IF(COUNTIFS(A:A,A63,B:B,B63)>=2,SUMIFS(P:P,A:A,A63,B:B,B63),0))) -> 0 | W63: =P63
D64: =IF(ISNA(VLOOKUP(C64,AC$1:AE$9999,2,FALSE)),"",VLOOKUP(C64,AC$1:AE$9999,2,FALSE)) | F64: =IF(J64+G64=0,0,IF(J64=0,SQRT(G64^2+H64^2),J64*PI()*(1-(K64/360)))) -> 0 | K64: =IF(J64=0,0,IF(L64="90°",270,ASIN((L64/2)/(J64/2))*180/PI()*2)) -> 0 | P64: =IF(E64+F64+Q64=0,"",IF(F64=0,((D64*E64)+(250*M64)+(140*N64)-(D64*I64/2))*O64/1000+Q64,((D64*F64)+(250*M64)+(140*N64)-(D64*I64/2))*O64/1000+Q64)) | R64: =IF(R63>0,0,IF(A65&B65=A64&B64,0,IF(COUNTIFS(A:A,A64,B:B,B64)>=2,SUMIFS(P:P,A:A,A64,B:B,B64),0))) -> 0 | W64: =P64
D65: =IF(ISNA(VLOOKUP(C65,AC$1:AE$9999,2,FALSE)),"",VLOOKUP(C65,AC$1:AE$9999,2,FALSE)) | F65: =IF(J65+G65=0,0,IF(J65=0,SQRT(G65^2+H65^2),J65*PI()*(1-(K65/360)))) -> 0 | K65: =IF(J65=0,0,IF(L65="90°",270,ASIN((L65/2)/(J65/2))*180/PI()*2)) -> 0 | P65: =IF(E65+F65+Q65=0,"",IF(F65=0,((D65*E65)+(250*M65)+(140*N65)-(D65*I65/2))*O65/1000+Q65,((D65*F65)+(250*M65)+(140*N65)-(D65*I65/2))*O65/1000+Q65)) | R65: =IF(R64>0,0,IF(A66&B66=A65&B65,0,IF(COUNTIFS(A:A,A65,B:B,B65)>=2,SUMIFS(P:P,A:A,A65,B:B,B65),0))) -> 0 | W65: =P65
D66: =IF(ISNA(VLOOKUP(C66,AC$1:AE$9999,2,FALSE)),"",VLOOKUP(C66,AC$1:AE$9999,2,FALSE)) | F66: =IF(J66+G66=0,0,IF(J66=0,SQRT(G66^2+H66^2),J66*PI()*(1-(K66/360)))) -> 0 | K66: =IF(J66=0,0,IF(L66="90°",270,ASIN((L66/2)/(J66/2))*180/PI()*2)) -> 0 | P66: =IF(E66+F66+Q66=0,"",IF(F66=0,((D66*E66)+(250*M66)+(140*N66)-(D66*I66/2))*O66/1000+Q66,((D66*F66)+(250*M66)+(140*N66)-(D66*I66/2))*O66/1000+Q66)) | R66: =IF(R65>0,0,IF(A67&B67=A66&B66,0,IF(COUNTIFS(A:A,A66,B:B,B66)>=2,SUMIFS(P:P,A:A,A66,B:B,B66),0))) -> 0 | W66: =P66
D67: =IF(ISNA(VLOOKUP(C67,AC$1:AE$9999,2,FALSE)),"",VLOOKUP(C67,AC$1:AE$9999,2,FALSE)) | F67: =IF(J67+G67=0,0,IF(J67=0,SQRT(G67^2+H67^2),J67*PI()*(1-(K67/360)))) -> 0 | K67: =IF(J67=0,0,IF(L67="90°",270,ASIN((L67/2)/(J67/2))*180/PI()*2)) -> 0 | P67: =IF(E67+F67+Q67=0,"",IF(F67=0,((D67*E67)+(250*M67)+(140*N67)-(D67*I67/2))*O67/1000+Q67,((D67*F67)+(250*M67)+(140*N67)-(D67*I67/2))*O67/1000+Q67)) | R67: =IF(R66>0,0,IF(A68&B68=A67&B67,0,IF(COUNTIFS(A:A,A67,B:B,B67)>=2,SUMIFS(P:P,A:A,A67,B:B,B67),0))) -> 0 | W67: =P67
D68: =IF(ISNA(VLOOKUP(C68,AC$1:AE$9999,2,FALSE)),"",VLOOKUP(C68,AC$1:AE$9999,2,FALSE)) | F68: =IF(J68+G68=0,0,IF(J68=0,SQRT(G68^2+H68^2),J68*PI()*(1-(K68/360)))) -> 0 | K68: =IF(J68=0,0,IF(L68="90°",270,ASIN((L68/2)/(J68/2))*180/PI()*2)) -> 0 | P68: =IF(E68+F68+Q68=0,"",IF(F68=0,((D68*E68)+(250*M68)+(140*N68)-(D68*I68/2))*O68/1000+Q68,((D68*F68)+(250*M68)+(140*N68)-(D68*I68/2))*O68/1000+Q68)) | R68: =IF(R67>0,0,IF(A69&B69=A68&B68,0,IF(COUNTIFS(A:A,A68,B:B,B68)>=2,SUMIFS(P:P,A:A,A68,B:B,B68),0))) -> 0 | W68: =P68
D69: =IF(ISNA(VLOOKUP(C69,AC$1:AE$9999,2,FALSE)),"",VLOOKUP(C69,AC$1:AE$9999,2,FALSE)) | F69: =IF(J69+G69=0,0,IF(J69=0,SQRT(G69^2+H69^2),J69*PI()*(1-(K69/360)))) -> 0 | K69: =IF(J69=0,0,IF(L69="90°",270,ASIN((L69/2)/(J69/2))*180/PI()*2)) -> 0 | P69: =IF(E69+F69+Q69=0,"",IF(F69=0,((D69*E69)+(250*M69)+(140*N69)-(D69*I69/2))*O69/1000+Q69,((D69*F69)+(250*M69)+(140*N69)-(D69*I69/2))*O69/1000+Q69)) | R69: =IF(R68>0,0,IF(A70&B70=A69&B69,0,IF(COUNTIFS(A:A,A69,B:B,B69)>=2,SUMIFS(P:P,A:A,A69,B:B,B69),0))) -> 0 | W69: =P69
D70: =IF(ISNA(VLOOKUP(C70,AC$1:AE$9999,2,FALSE)),"",VLOOKUP(C70,AC$1:AE$9999,2,FALSE)) | F70: =IF(J70+G70=0,0,IF(J70=0,SQRT(G70^2+H70^2),J70*PI()*(1-(K70/360)))) -> 0 | K70: =IF(J70=0,0,IF(L70="90°",270,ASIN((L70/2)/(J70/2))*180/PI()*2)) -> 0 | P70: =IF(E70+F70+Q70=0,"",IF(F70=0,((D70*E70)+(250*M70)+(140*N70)-(D70*I70/2))*O70/1000+Q70,((D70*F70)+(250*M70)+(140*N70)-(D70*I70/2))*O70/1000+Q70)) | R70: =IF(R69>0,0,IF(A71&B71=A70&B70,0,IF(COUNTIFS(A:A,A70,B:B,B70)>=2,SUMIFS(P:P,A:A,A70,B:B,B70),0))) -> 0 | W70: =P70
D71: =IF(ISNA(VLOOKUP(C71,AC$1:AE$9999,2,FALSE)),"",VLOOKUP(C71,AC$1:AE$9999,2,FALSE)) | F71: =IF(J71+G71=0,0,IF(J71=0,SQRT(G71^2+H71^2),J71*PI()*(1-(K71/360)))) -> 0 | K71: =IF(J71=0,0,IF(L71="90°",270,ASIN((L71/2)/(J71/2))*180/PI()*2)) -> 0 | P71: =IF(E71+F71+Q71=0,"",IF(F71=0,((D71*E71)+(250*M71)+(140*N71)-(D71*I71/2))*O71/1000+Q71,((D71*F71)+(250*M71)+(140*N71)-(D71*I71/2))*O71/1000+Q71)) | R71: =IF(R70>0,0,IF(A72&B72=A71&B71,0,IF(COUNTIFS(A:A,A71,B:B,B71)>=2,SUMIFS(P:P,A:A,A71,B:B,B71),0))) -> 0 | W71: =P71
... D1000: =IF(ISNA(VLOOKUP(C1000,AC$1:AE$9999,2,FALSE)),"",VLOOKUP(C1000,AC$1:AE$9999,2,FALSE)) | F1000: =IF(J1000+G1000=0,0,IF(J1000=0,SQRT(G1000^2+H1000^2),J1000*PI()*(1-(K1000/360)))) -> 0 | K1000: =IF(J1000=0,0,IF(L1000="90°",270,ASIN((L1000/2)/(J1000/2))*180/PI()*2)) -> 0 | P1000: =IF(E1000+F1000+Q1000=0,"",IF(F1000=0,((D1000*E1000)+(250*M1000)+(140*N1000)-(D1000*I1000/2))*O1000/1000+Q1000,((D1000*F1000)+(250*M1000)+(140*N1000)-(D1000*I1000/2))*O1000/1000+Q1000)) | R1000: =IF(R999>0,0,IF(A1001&B1001=A1000&B1000,0,IF(COUNTIFS(A:A,A1000,B:B,B1000)>=2,SUMIFS(P:P,A:A,A1000,B:B,B1000),0))) -> 0 | W1000: =P1000
D1001: =IF(ISNA(VLOOKUP(C1001,AC$1:AE$9999,2,FALSE)),"",VLOOKUP(C1001,AC$1:AE$9999,2,FALSE)) | P1001: =IF(E1001+F1001+Q1001=0,"",IF(F1001=0,((D1001*E1001)+(250*M1001)+(140*N1001)-(D1001*I1001/2))*O1001/1000+Q1001,((D1001*F1001)+(250*M1001)+(140*N1001)-(D1001*I1001/2))*O1001/1000+Q1001)) | R1001: =IF(R1000>0,0,IF(A1002&B1002=A1001&B1001,0,IF(COUNTIFS(A:A,A1001,B:B,B1001)>=2,SUMIFS(P:P,A:A,A1001,B:B,B1001),0))) -> 0 | W1001: =P1001
D1002: =IF(ISNA(VLOOKUP(C1002,AC$1:AE$9999,2,FALSE)),"",VLOOKUP(C1002,AC$1:AE$9999,2,FALSE)) | P1002: =IF(E1002+F1002+Q1002=0,"",IF(F1002=0,((D1002*E1002)+(250*M1002)+(140*N1002)-(D1002*I1002/2))*O1002/1000+Q1002,((D1002*F1002)+(250*M1002)+(140*N1002)-(D1002*I1002/2))*O1002/1000+Q1002)) | R1002: =IF(R1001>0,0,IF(A1003&B1003=A1002&B1002,0,IF(COUNTIFS(A:A,A1002,B:B,B1002)>=2,SUMIFS(P:P,A:A,A1002,B:B,B1002),0))) -> 0 | W1002: =P1002
D1003: =IF(ISNA(VLOOKUP(C1003,AC$1:AE$9999,2,FALSE)),"",VLOOKUP(C1003,AC$1:AE$9999,2,FALSE)) | P1003: =IF(E1003+F1003+Q1003=0,"",IF(F1003=0,((D1003*E1003)+(250*M1003)+(140*N1003)-(D1003*I1003/2))*O1003/1000+Q1003,((D1003*F1003)+(250*M1003)+(140*N1003)-(D1003*I1003/2))*O1003/1000+Q1003)) | R1003: =IF(R1002>0,0,IF(A1004&B1004=A1003&B1003,0,IF(COUNTIFS(A:A,A1003,B:B,B1003)>=2,SUMIFS(P:P,A:A,A1003,B:B,B1003),0))) -> 0 | W1003: =P1003
D1004: =IF(ISNA(VLOOKUP(C1004,AC$1:AE$9999,2,FALSE)),"",VLOOKUP(C1004,AC$1:AE$9999,2,FALSE)) | P1004: =IF(E1004+F1004+Q1004=0,"",IF(F1004=0,((D1004*E1004)+(250*M1004)+(140*N1004)-(D1004*I1004/2))*O1004/1000+Q1004,((D1004*F1004)+(250*M1004)+(140*N1004)-(D1004*I1004/2))*O1004/1000+Q1004)) | R1004: =IF(R1003>0,0,IF(A1005&B1005=A1004&B1004,0,IF(COUNTIFS(A:A,A1004,B:B,B1004)>=2,SUMIFS(P:P,A:A,A1004,B:B,B1004),0))) -> 0 | W1004: =P1004
D1005: =IF(ISNA(VLOOKUP(C1005,AC$1:AE$9999,2,FALSE)),"",VLOOKUP(C1005,AC$1:AE$9999,2,FALSE)) | P1005: =IF(E1005+F1005+Q1005=0,"",IF(F1005=0,((D1005*E1005)+(250*M1005)+(140*N1005)-(D1005*I1005/2))*O1005/1000+Q1005,((D1005*F1005)+(250*M1005)+(140*N1005)-(D1005*I1005/2))*O1005/1000+Q1005)) | R1005: =IF(R1004>0,0,IF(A1006&B1006=A1005&B1005,0,IF(COUNTIFS(A:A,A1005,B:B,B1005)>=2,SUMIFS(P:P,A:A,A1005,B:B,B1005),0))) -> 0 | W1005: =P1005
D1006: =IF(ISNA(VLOOKUP(C1006,AC$1:AE$9999,2,FALSE)),"",VLOOKUP(C1006,AC$1:AE$9999,2,FALSE)) | P1006: =IF(E1006+F1006+Q1006=0,"",IF(F1006=0,((D1006*E1006)+(250*M1006)+(140*N1006)-(D1006*I1006/2))*O1006/1000+Q1006,((D1006*F1006)+(250*M1006)+(140*N1006)-(D1006*I1006/2))*O1006/1000+Q1006)) | R1006: =IF(R1005>0,0,IF(A1007&B1007=A1006&B1006,0,IF(COUNTIFS(A:A,A1006,B:B,B1006)>=2,SUMIFS(P:P,A:A,A1006,B:B,B1006),0))) -> 0 | W1006: =P1006
D1007: =IF(ISNA(VLOOKUP(C1007,AC$1:AE$9999,2,FALSE)),"",VLOOKUP(C1007,AC$1:AE$9999,2,FALSE)) | P1007: =IF(E1007+F1007+Q1007=0,"",IF(F1007=0,((D1007*E1007)+(250*M1007)+(140*N1007)-(D1007*I1007/2))*O1007/1000+Q1007,((D1007*F1007)+(250*M1007)+(140*N1007)-(D1007*I1007/2))*O1007/1000+Q1007)) | R1007: =IF(R1006>0,0,IF(A1008&B1008=A1007&B1007,0,IF(COUNTIFS(A:A,A1007,B:B,B1007)>=2,SUMIFS(P:P,A:A,A1007,B:B,B1007),0))) -> 0 | W1007: =P1007
D1008: =IF(ISNA(VLOOKUP(C1008,AC$1:AE$9999,2,FALSE)),"",VLOOKUP(C1008,AC$1:AE$9999,2,FALSE)) | P1008: =IF(E1008+F1008+Q1008=0,"",IF(F1008=0,((D1008*E1008)+(250*M1008)+(140*N1008)-(D1008*I1008/2))*O1008/1000+Q1008,((D1008*F1008)+(250*M1008)+(140*N1008)-(D1008*I1008/2))*O1008/1000+Q1008)) | R1008: =IF(R1007>0,0,IF(A1009&B1009=A1008&B1008,0,IF(COUNTIFS(A:A,A1008,B:B,B1008)>=2,SUMIFS(P:P,A:A,A1008,B:B,B1008),0))) -> 0 | W1008: =P1008
D1009: =IF(ISNA(VLOOKUP(C1009,AC$1:AE$9999,2,FALSE)),"",VLOOKUP(C1009,AC$1:AE$9999,2,FALSE)) | P1009: =IF(E1009+F1009+Q1009=0,"",IF(F1009=0,((D1009*E1009)+(250*M1009)+(140*N1009)-(D1009*I1009/2))*O1009/1000+Q1009,((D1009*F1009)+(250*M1009)+(140*N1009)-(D1009*I1009/2))*O1009/1000+Q1009)) | R1009: =IF(R1008>0,0,IF(A1010&B1010=A1009&B1009,0,IF(COUNTIFS(A:A,A1009,B:B,B1009)>=2,SUMIFS(P:P,A:A,A1009,B:B,B1009),0))) -> 0 | W1009: =P1009
D1010: =IF(ISNA(VLOOKUP(C1010,AC$1:AE$9999,2,FALSE)),"",VLOOKUP(C1010,AC$1:AE$9999,2,FALSE)) | P1010: =IF(E1010+F1010+Q1010=0,"",IF(F1010=0,((D1010*E1010)+(250*M1010)+(140*N1010)-(D1010*I1010/2))*O1010/1000+Q1010,((D1010*F1010)+(250*M1010)+(140*N1010)-(D1010*I1010/2))*O1010/1000+Q1010)) | R1010: =IF(R1009>0,0,IF(A1011&B1011=A1010&B1010,0,IF(COUNTIFS(A:A,A1010,B:B,B1010)>=2,SUMIFS(P:P,A:A,A1010,B:B,B1010),0))) -> 0 | W1010: =P1010
D1011: =IF(ISNA(VLOOKUP(C1011,AC$1:AE$9999,2,FALSE)),"",VLOOKUP(C1011,AC$1:AE$9999,2,FALSE)) | P1011: =IF(E1011+F1011+Q1011=0,"",IF(F1011=0,((D1011*E1011)+(250*M1011)+(140*N1011)-(D1011*I1011/2))*O1011/1000+Q1011,((D1011*F1011)+(250*M1011)+(140*N1011)-(D1011*I1011/2))*O1011/1000+Q1011)) | R1011: =IF(R1010>0,0,IF(A1012&B1012=A1011&B1011,0,IF(COUNTIFS(A:A,A1011,B:B,B1011)>=2,SUMIFS(P:P,A:A,A1011,B:B,B1011),0))) -> 0 | W1011: =P1011
D1012: =IF(ISNA(VLOOKUP(C1012,AC$1:AE$9999,2,FALSE)),"",VLOOKUP(C1012,AC$1:AE$9999,2,FALSE)) | P1012: =IF(E1012+F1012+Q1012=0,"",IF(F1012=0,((D1012*E1012)+(250*M1012)+(140*N1012)-(D1012*I1012/2))*O1012/1000+Q1012,((D1012*F1012)+(250*M1012)+(140*N1012)-(D1012*I1012/2))*O1012/1000+Q1012)) | R1012: =IF(R1011>0,0,IF(A1013&B1013=A1012&B1012,0,IF(COUNTIFS(A:A,A1012,B:B,B1012)>=2,SUMIFS(P:P,A:A,A1012,B:B,B1012),0))) -> 0 | W1012: =P1012
... D2000: =IF(ISNA(VLOOKUP(C2000,AC$1:AE$9999,2,FALSE)),"",VLOOKUP(C2000,AC$1:AE$9999,2,FALSE)) | P2000: =IF(E2000+F2000+Q2000=0,"",IF(F2000=0,((D2000*E2000)+(250*M2000)+(140*N2000)-(D2000*I2000/2))*O2000/1000+Q2000,((D2000*F2000)+(250*M2000)+(140*N2000)-(D2000*I2000/2))*O2000/1000+Q2000)) | R2000: =IF(R1999>0,0,IF(A2001&B2001=A2000&B2000,0,IF(COUNTIFS(A:A,A2000,B:B,B2000)>=2,SUMIFS(P:P,A:A,A2000,B:B,B2000),0))) -> 0 | W2000: =P2000

Sheet 総計
A1: 総計参照図 | B1: 四角板部合計重量 | C1: FB部合計重量 | D1: 鋼材部合計重量 | E1: Φ部品合計重量 | F1: パイプ部品合計重量 | G1: 総計 | J1: 左表に入れますねぇ！リスト | K1: 左表に入れるか入れないか | L1: ⇔見る必要なし | M1: 同名案件同部位部品重量計算表 | N1: 参照図 | O1: 部位 | P1: 同部位合計 | R1: 参照図リスト | S1: 部位リスト
A2: =IF(ISNA(VLOOKUP(総計!J2,総計!K1:O9999,4,FALSE)),"",VLOOKUP(総計!J2,総計!K1:O9999,4,FALSE)) -> 本体 | B2: =IF(SUMIFS(四角板専用!T:T,四角板専用!A:A,A2)=0,"",SUMIFS(四角板専用!T:T,四角板専用!A:A,A2)) -> 3823.243 | C2: =IF(SUMIFS('FB&L専用'!V:V,'FB&L専用'!A:A,A2)=0,"",SUMIFS('FB&L専用'!V:V,'FB&L専用'!A:A,A2)) -> 197.95534 | D2: =IF(SUMIFS(鋼材専用!W:W,鋼材専用!A:A,A2)=0,"",SUMIFS(鋼材専用!W:W,鋼材専用!A:A,A2)) -> 1157.106 | E2: =IF(SUMIFS(Φ部品専用!W:W,Φ部品専用!A:A,A2)=0,"",SUMIFS(Φ部品専用!W:W,Φ部品専用!A:A,A2)) | F2: =IF(SUMIFS(パイプ専用!W:W,パイプ専用!A:A,A2)=0,"",SUMIFS(パイプ専用!W:W,パイプ専用!A:A,A2)) | G2: =IF(SUM(B2:F2)=0,"",SUM(B2:F2)) -> 5178.3044 | J2: 左表に入れますねぇ1 | K2: =IF(L2="","",IF(COUNTIF(INDIRECT("L$1:L"&ROW()),"左表に入れますねぇ")>=1,"左表に入れますねぇ"&COUNTIF(INDIRECT("L$1:L"&ROW()),"左表に入れますねぇ"),"")) -> 左表に入れますねぇ1 | L2: =IF(N2="","",IF(COUNTIF(N$1:N2,N2)>1,"",IF(COUNTIF(N:N,N2)>=1,"左表に入れますねぇ",""))) -> 左表に入れますねぇ | M2: =IF(ISNA(VLOOKUP('全表融合(関数用)'!W2,'全表融合(関数用)'!X$2:AB$9999,3,FALSE)),"",VLOOKUP('全表融合(関数用)'!W2,'全表融合(関数用)'!X$2:AB$9999,3,FALSE)) -> 本体FB | N2: =IF(ISNA(VLOOKUP('全表融合(関数用)'!W2,'全表融合(関数用)'!X$2:AB$9999,4,FALSE)),"",VLOOKUP('全表融合(関数用)'!W2,'全表融合(関数用)'!X$2:AB$9999,4,FALSE)) -> 本体 | O2: =IF(ISNA(VLOOKUP('全表融合(関数用)'!W2,'全表融合(関数用)'!X$2:AB$9999,5,FALSE)),"",VLOOKUP('全表融合(関数用)'!W2,'全表融合(関数用)'!X$2:AB$9999,5,FALSE)) -> FB | P2: =IF(SUMIF('全表融合(関数用)'!Z:Z,M2,'全表融合(関数用)'!AC:AC)=0,"",SUMIF('全表融合(関数用)'!Z:Z,M2,'全表融合(関数用)'!AC:AC)) -> 197.95534 | R2: 本体 | S2: 天板
A3: =IF(ISNA(VLOOKUP(総計!J3,総計!K2:O10000,4,FALSE)),"",VLOOKUP(総計!J3,総計!K2:O10000,4,FALSE)) -> ノズル他詳細 | B3: =IF(SUMIFS(四角板専用!T:T,四角板専用!A:A,A3)=0,"",SUMIFS(四角板専用!T:T,四角板専用!A:A,A3)) -> 54.474132 | C3: =IF(SUMIFS('FB&L専用'!V:V,'FB&L専用'!A:A,A3)=0,"",SUMIFS('FB&L専用'!V:V,'FB&L専用'!A:A,A3)) -> 1.5706804 | D3: =IF(SUMIFS(鋼材専用!W:W,鋼材専用!A:A,A3)=0,"",SUMIFS(鋼材専用!W:W,鋼材専用!A:A,A3)) | E3: =IF(SUMIFS(Φ部品専用!W:W,Φ部品専用!A:A,A3)=0,"",SUMIFS(Φ部品専用!W:W,Φ部品専用!A:A,A3)) -> 99.153754 | F3: =IF(SUMIFS(パイプ専用!W:W,パイプ専用!A:A,A3)=0,"",SUMIFS(パイプ専用!W:W,パイプ専用!A:A,A3)) -> 145.07408 | G3: =IF(SUM(B3:F3)=0,"",SUM(B3:F3)) -> 300.27264 | J3: 左表に入れますねぇ2 | K3: =IF(L3="","",IF(COUNTIF(INDIRECT("L$1:L"&ROW()),"左表に入れますねぇ")>=1,"左表に入れますねぇ"&COUNTIF(INDIRECT("L$1:L"&ROW()),"左表に入れますねぇ"),"")) | L3: =IF(N3="","",IF(COUNTIF(N$1:N3,N3)>1,"",IF(COUNTIF(N:N,N3)>=1,"左表に入れますねぇ",""))) | M3: =IF(ISNA(VLOOKUP('全表融合(関数用)'!W3,'全表融合(関数用)'!X$2:AB$9999,3,FALSE)),"",VLOOKUP('全表融合(関数用)'!W3,'全表融合(関数用)'!X$2:AB$9999,3,FALSE)) -> 本体鋼材 | N3: =IF(ISNA(VLOOKUP('全表融合(関数用)'!W3,'全表融合(関数用)'!X$2:AB$9999,4,FALSE)),"",VLOOKUP('全表融合(関数用)'!W3,'全表融合(関数用)'!X$2:AB$9999,4,FALSE)) -> 本体 | O3: =IF(ISNA(VLOOKUP('全表融合(関数用)'!W3,'全表融合(関数用)'!X$2:AB$9999,5,FALSE)),"",VLOOKUP('全表融合(関数用)'!W3,'全表融合(関数用)'!X$2:AB$9999,5,FALSE)) -> 鋼材 | P3: =IF(SUMIF('全表融合(関数用)'!Z:Z,M3,'全表融合(関数用)'!AC:AC)=0,"",SUMIF('全表融合(関数用)'!Z:Z,M3,'全表融合(関数用)'!AC:AC)) -> 1157.106 | R3: ノズル他詳細 | S3: 側板
A4: =IF(ISNA(VLOOKUP(総計!J4,総計!K3:O10001,4,FALSE)),"",VLOOKUP(総計!J4,総計!K3:O10001,4,FALSE)) -> 点検ステージ | B4: =IF(SUMIFS(四角板専用!T:T,四角板専用!A:A,A4)=0,"",SUMIFS(四角板専用!T:T,四角板専用!A:A,A4)) -> 401.45258 | C4: =IF(SUMIFS('FB&L専用'!V:V,'FB&L専用'!A:A,A4)=0,"",SUMIFS('FB&L専用'!V:V,'FB&L専用'!A:A,A4)) -> 31.794583 | D4: =IF(SUMIFS(鋼材専用!W:W,鋼材専用!A:A,A4)=0,"",SUMIFS(鋼材専用!W:W,鋼材専用!A:A,A4)) -> 427.179 | E4: =IF(SUMIFS(Φ部品専用!W:W,Φ部品専用!A:A,A4)=0,"",SUMIFS(Φ部品専用!W:W,Φ部品専用!A:A,A4)) | F4: =IF(SUMIFS(パイプ専用!W:W,パイプ専用!A:A,A4)=0,"",SUMIFS(パイプ専用!W:W,パイプ専用!A:A,A4)) -> 1.86912 | G4: =IF(SUM(B4:F4)=0,"",SUM(B4:F4)) -> 862.29528 | J4: 左表に入れますねぇ3 | K4: =IF(L4="","",IF(COUNTIF(INDIRECT("L$1:L"&ROW()),"左表に入れますねぇ")>=1,"左表に入れますねぇ"&COUNTIF(INDIRECT("L$1:L"&ROW()),"左表に入れますねぇ"),"")) -> 左表に入れますねぇ2 | L4: =IF(N4="","",IF(COUNTIF(N$1:N4,N4)>1,"",IF(COUNTIF(N:N,N4)>=1,"左表に入れますねぇ",""))) -> 左表に入れますねぇ | M4: =IF(ISNA(VLOOKUP('全表融合(関数用)'!W4,'全表融合(関数用)'!X$2:AB$9999,3,FALSE)),"",VLOOKUP('全表融合(関数用)'!W4,'全表融合(関数用)'!X$2:AB$9999,3,FALSE)) -> ノズル他詳細N-1 | N4: =IF(ISNA(VLOOKUP('全表融合(関数用)'!W4,'全表融合(関数用)'!X$2:AB$9999,4,FALSE)),"",VLOOKUP('全表融合(関数用)'!W4,'全表融合(関数用)'!X$2:AB$9999,4,FALSE)) -> ノズル他詳細 | O4: =IF(ISNA(VLOOKUP('全表融合(関数用)'!W4,'全表融合(関数用)'!X$2:AB$9999,5,FALSE)),"",VLOOKUP('全表融合(関数用)'!W4,'全表融合(関数用)'!X$2:AB$9999,5,FALSE)) -> N-1 | P4: =IF(SUMIF('全表融合(関数用)'!Z:Z,M4,'全表融合(関数用)'!AC:AC)=0,"",SUMIF('全表融合(関数用)'!Z:Z,M4,'全表融合(関数用)'!AC:AC)) -> 46.782864 | R4: 点検ステージ | S4: 底板 | Z4: INDIRECT("I$1:I"&ROW()-1)=I2,
A5: =IF(ISNA(VLOOKUP(総計!J5,総計!K4:O10002,4,FALSE)),"",VLOOKUP(総計!J5,総計!K4:O10002,4,FALSE)) -> 手摺配置 | B5: =IF(SUMIFS(四角板専用!T:T,四角板専用!A:A,A5)=0,"",SUMIFS(四角板専用!T:T,四角板専用!A:A,A5)) -> 11.5395 | C5: =IF(SUMIFS('FB&L専用'!V:V,'FB&L専用'!A:A,A5)=0,"",SUMIFS('FB&L専用'!V:V,'FB&L専用'!A:A,A5)) -> 33.800628 | D5: =IF(SUMIFS(鋼材専用!W:W,鋼材専用!A:A,A5)=0,"",SUMIFS(鋼材専用!W:W,鋼材専用!A:A,A5)) | E5: =IF(SUMIFS(Φ部品専用!W:W,Φ部品専用!A:A,A5)=0,"",SUMIFS(Φ部品専用!W:W,Φ部品専用!A:A,A5)) | F5: =IF(SUMIFS(パイプ専用!W:W,パイプ専用!A:A,A5)=0,"",SUMIFS(パイプ専用!W:W,パイプ専用!A:A,A5)) -> 176.19867 | G5: =IF(SUM(B5:F5)=0,"",SUM(B5:F5)) -> 221.5388 | J5: 左表に入れますねぇ4 | K5: =IF(L5="","",IF(COUNTIF(INDIRECT("L$1:L"&ROW()),"左表に入れますねぇ")>=1,"左表に入れますねぇ"&COUNTIF(INDIRECT("L$1:L"&ROW()),"左表に入れますねぇ"),"")) | L5: =IF(N5="","",IF(COUNTIF(N$1:N5,N5)>1,"",IF(COUNTIF(N:N,N5)>=1,"左表に入れますねぇ",""))) | M5: =IF(ISNA(VLOOKUP('全表融合(関数用)'!W5,'全表融合(関数用)'!X$2:AB$9999,3,FALSE)),"",VLOOKUP('全表融合(関数用)'!W5,'全表融合(関数用)'!X$2:AB$9999,3,FALSE)) -> 本体側板 | N5: =IF(ISNA(VLOOKUP('全表融合(関数用)'!W5,'全表融合(関数用)'!X$2:AB$9999,4,FALSE)),"",VLOOKUP('全表融合(関数用)'!W5,'全表融合(関数用)'!X$2:AB$9999,4,FALSE)) -> 本体 | O5: =IF(ISNA(VLOOKUP('全表融合(関数用)'!W5,'全表融合(関数用)'!X$2:AB$9999,5,FALSE)),"",VLOOKUP('全表融合(関数用)'!W5,'全表融合(関数用)'!X$2:AB$9999,5,FALSE)) -> 側板 | P5: =IF(SUMIF('全表融合(関数用)'!Z:Z,M5,'全表融合(関数用)'!AC:AC)=0,"",SUMIF('全表融合(関数用)'!Z:Z,M5,'全表融合(関数用)'!AC:AC)) -> 1834.4282 | R5: 手摺配置 | S5: G詳細
A6: =IF(ISNA(VLOOKUP(総計!J6,総計!K5:O10003,4,FALSE)),"",VLOOKUP(総計!J6,総計!K5:O10003,4,FALSE)) -> ラダー | B6: =IF(SUMIFS(四角板専用!T:T,四角板専用!A:A,A6)=0,"",SUMIFS(四角板専用!T:T,四角板専用!A:A,A6)) -> 5.6695448 | C6: =IF(SUMIFS('FB&L専用'!V:V,'FB&L専用'!A:A,A6)=0,"",SUMIFS('FB&L専用'!V:V,'FB&L専用'!A:A,A6)) -> 33.098281 | D6: =IF(SUMIFS(鋼材専用!W:W,鋼材専用!A:A,A6)=0,"",SUMIFS(鋼材専用!W:W,鋼材専用!A:A,A6)) -> 17.25984 | E6: =IF(SUMIFS(Φ部品専用!W:W,Φ部品専用!A:A,A6)=0,"",SUMIFS(Φ部品専用!W:W,Φ部品専用!A:A,A6)) -> 11.128503 | F6: =IF(SUMIFS(パイプ専用!W:W,パイプ専用!A:A,A6)=0,"",SUMIFS(パイプ専用!W:W,パイプ専用!A:A,A6)) -> 44.766746 | G6: =IF(SUM(B6:F6)=0,"",SUM(B6:F6)) -> 111.92291 | J6: 左表に入れますねぇ5 | K6: =IF(L6="","",IF(COUNTIF(INDIRECT("L$1:L"&ROW()),"左表に入れますねぇ")>=1,"左表に入れますねぇ"&COUNTIF(INDIRECT("L$1:L"&ROW()),"左表に入れますねぇ"),"")) | L6: =IF(N6="","",IF(COUNTIF(N$1:N6,N6)>1,"",IF(COUNTIF(N:N,N6)>=1,"左表に入れますねぇ",""))) | M6: =IF(ISNA(VLOOKUP('全表融合(関数用)'!W6,'全表融合(関数用)'!X$2:AB$9999,3,FALSE)),"",VLOOKUP('全表融合(関数用)'!W6,'全表融合(関数用)'!X$2:AB$9999,3,FALSE)) -> ノズル他詳細N-2 | N6: =IF(ISNA(VLOOKUP('全表融合(関数用)'!W6,'全表融合(関数用)'!X$2:AB$9999,4,FALSE)),"",VLOOKUP('全表融合(関数用)'!W6,'全表融合(関数用)'!X$2:AB$9999,4,FALSE)) -> ノズル他詳細 | O6: =IF(ISNA(VLOOKUP('全表融合(関数用)'!W6,'全表融合(関数用)'!X$2:AB$9999,5,FALSE)),"",VLOOKUP('全表融合(関数用)'!W6,'全表融合(関数用)'!X$2:AB$9999,5,FALSE)) -> N-2 | P6: =IF(SUMIF('全表融合(関数用)'!Z:Z,M6,'全表融合(関数用)'!AC:AC)=0,"",SUMIF('全表融合(関数用)'!Z:Z,M6,'全表融合(関数用)'!AC:AC)) -> 30.556046 | R6: ラダー | S6: H詳細
A7: =IF(ISNA(VLOOKUP(総計!J7,総計!K6:O10004,4,FALSE)),"",VLOOKUP(総計!J7,総計!K6:O10004,4,FALSE)) -> 東プラ2号ダクト | B7: =IF(SUMIFS(四角板専用!T:T,四角板専用!A:A,A7)=0,"",SUMIFS(四角板専用!T:T,四角板専用!A:A,A7)) | C7: =IF(SUMIFS('FB&L専用'!V:V,'FB&L専用'!A:A,A7)=0,"",SUMIFS('FB&L専用'!V:V,'FB&L専用'!A:A,A7)) | D7: =IF(SUMIFS(鋼材専用!W:W,鋼材専用!A:A,A7)=0,"",SUMIFS(鋼材専用!W:W,鋼材専用!A:A,A7)) | E7: =IF(SUMIFS(Φ部品専用!W:W,Φ部品専用!A:A,A7)=0,"",SUMIFS(Φ部品専用!W:W,Φ部品専用!A:A,A7)) -> 551.55261 | F7: =IF(SUMIFS(パイプ専用!W:W,パイプ専用!A:A,A7)=0,"",SUMIFS(パイプ専用!W:W,パイプ専用!A:A,A7)) | G7: =IF(SUM(B7:F7)=0,"",SUM(B7:F7)) -> 551.55261 | J7: 左表に入れますねぇ6 | K7: =IF(L7="","",IF(COUNTIF(INDIRECT("L$1:L"&ROW()),"左表に入れますねぇ")>=1,"左表に入れますねぇ"&COUNTIF(INDIRECT("L$1:L"&ROW()),"左表に入れますねぇ"),"")) | L7: =IF(N7="","",IF(COUNTIF(N$1:N7,N7)>1,"",IF(COUNTIF(N:N,N7)>=1,"左表に入れますねぇ",""))) | M7: =IF(ISNA(VLOOKUP('全表融合(関数用)'!W7,'全表融合(関数用)'!X$2:AB$9999,3,FALSE)),"",VLOOKUP('全表融合(関数用)'!W7,'全表融合(関数用)'!X$2:AB$9999,3,FALSE)) -> ノズル他詳細M-1蓋 | N7: =IF(ISNA(VLOOKUP('全表融合(関数用)'!W7,'全表融合(関数用)'!X$2:AB$9999,4,FALSE)),"",VLOOKUP('全表融合(関数用)'!W7,'全表融合(関数用)'!X$2:AB$9999,4,FALSE)) -> ノズル他詳細 | O7: =IF(ISNA(VLOOKUP('全表融合(関数用)'!W7,'全表融合(関数用)'!X$2:AB$9999,5,FALSE)),"",VLOOKUP('全表融合(関数用)'!W7,'全表融合(関数用)'!X$2:AB$9999,5,FALSE)) -> M-1蓋 | P7: =IF(SUMIF('全表融合(関数用)'!Z:Z,M7,'全表融合(関数用)'!AC:AC)=0,"",SUMIF('全表融合(関数用)'!Z:Z,M7,'全表融合(関数用)'!AC:AC)) -> 35.904838 | R7: 東プラ2号ダクト | S7: 吊金具
A8: =IF(ISNA(VLOOKUP(総計!J8,総計!K7:O10005,4,FALSE)),"",VLOOKUP(総計!J8,総計!K7:O10005,4,FALSE)) | B8: =IF(SUMIFS(四角板専用!T:T,四角板専用!A:A,A8)=0,"",SUMIFS(四角板専用!T:T,四角板専用!A:A,A8)) | C8: =IF(SUMIFS('FB&L専用'!V:V,'FB&L専用'!A:A,A8)=0,"",SUMIFS('FB&L専用'!V:V,'FB&L専用'!A:A,A8)) | D8: =IF(SUMIFS(鋼材専用!W:W,鋼材専用!A:A,A8)=0,"",SUMIFS(鋼材専用!W:W,鋼材専用!A:A,A8)) | E8: =IF(SUMIFS(Φ部品専用!W:W,Φ部品専用!A:A,A8)=0,"",SUMIFS(Φ部品専用!W:W,Φ部品専用!A:A,A8)) | F8: =IF(SUMIFS(パイプ専用!W:W,パイプ専用!A:A,A8)=0,"",SUMIFS(パイプ専用!W:W,パイプ専用!A:A,A8)) | G8: =IF(SUM(B8:F8)=0,"",SUM(B8:F8)) | J8: 左表に入れますねぇ7 | K8: =IF(L8="","",IF(COUNTIF(INDIRECT("L$1:L"&ROW()),"左表に入れますねぇ")>=1,"左表に入れますねぇ"&COUNTIF(INDIRECT("L$1:L"&ROW()),"左表に入れますねぇ"),"")) -> 左表に入れますねぇ3 | L8: =IF(N8="","",IF(COUNTIF(N$1:N8,N8)>1,"",IF(COUNTIF(N:N,N8)>=1,"左表に入れますねぇ",""))) -> 左表に入れますねぇ | M8: =IF(ISNA(VLOOKUP('全表融合(関数用)'!W8,'全表融合(関数用)'!X$2:AB$9999,3,FALSE)),"",VLOOKUP('全表融合(関数用)'!W8,'全表融合(関数用)'!X$2:AB$9999,3,FALSE)) -> 点検ステージステージ外梁C | N8: =IF(ISNA(VLOOKUP('全表融合(関数用)'!W8,'全表融合(関数用)'!X$2:AB$9999,4,FALSE)),"",VLOOKUP('全表融合(関数用)'!W8,'全表融合(関数用)'!X$2:AB$9999,4,FALSE)) -> 点検ステージ | O8: =IF(ISNA(VLOOKUP('全表融合(関数用)'!W8,'全表融合(関数用)'!X$2:AB$9999,5,FALSE)),"",VLOOKUP('全表融合(関数用)'!W8,'全表融合(関数用)'!X$2:AB$9999,5,FALSE)) -> ステージ外梁C | P8: =IF(SUMIF('全表融合(関数用)'!Z:Z,M8,'全表融合(関数用)'!AC:AC)=0,"",SUMIF('全表融合(関数用)'!Z:Z,M8,'全表融合(関数用)'!AC:AC)) -> 320.943 | S8: 銘板取付座
A9: =IF(ISNA(VLOOKUP(総計!J9,総計!K8:O10006,4,FALSE)),"",VLOOKUP(総計!J9,総計!K8:O10006,4,FALSE)) | B9: =IF(SUMIFS(四角板専用!T:T,四角板専用!A:A,A9)=0,"",SUMIFS(四角板専用!T:T,四角板専用!A:A,A9)) | C9: =IF(SUMIFS('FB&L専用'!V:V,'FB&L専用'!A:A,A9)=0,"",SUMIFS('FB&L専用'!V:V,'FB&L専用'!A:A,A9)) | D9: =IF(SUMIFS(鋼材専用!W:W,鋼材専用!A:A,A9)=0,"",SUMIFS(鋼材専用!W:W,鋼材専用!A:A,A9)) | E9: =IF(SUMIFS(Φ部品専用!W:W,Φ部品専用!A:A,A9)=0,"",SUMIFS(Φ部品専用!W:W,Φ部品専用!A:A,A9)) | F9: =IF(SUMIFS(パイプ専用!W:W,パイプ専用!A:A,A9)=0,"",SUMIFS(パイプ専用!W:W,パイプ専用!A:A,A9)) | G9: =IF(SUM(B9:F9)=0,"",SUM(B9:F9)) | J9: 左表に入れますねぇ8 | K9: =IF(L9="","",IF(COUNTIF(INDIRECT("L$1:L"&ROW()),"左表に入れますねぇ")>=1,"左表に入れますねぇ"&COUNTIF(INDIRECT("L$1:L"&ROW()),"左表に入れますねぇ"),"")) | L9: =IF(N9="","",IF(COUNTIF(N$1:N9,N9)>1,"",IF(COUNTIF(N:N,N9)>=1,"左表に入れますねぇ",""))) | M9: =IF(ISNA(VLOOKUP('全表融合(関数用)'!W9,'全表融合(関数用)'!X$2:AB$9999,3,FALSE)),"",VLOOKUP('全表融合(関数用)'!W9,'全表融合(関数用)'!X$2:AB$9999,3,FALSE)) -> ノズル他詳細落下防止 | N9: =IF(ISNA(VLOOKUP('全表融合(関数用)'!W9,'全表融合(関数用)'!X$2:AB$9999,4,FALSE)),"",VLOOKUP('全表融合(関数用)'!W9,'全表融合(関数用)'!X$2:AB$9999,4,FALSE)) -> ノズル他詳細 | O9: =IF(ISNA(VLOOKUP('全表融合(関数用)'!W9,'全表融合(関数用)'!X$2:AB$9999,5,FALSE)),"",VLOOKUP('全表融合(関数用)'!W9,'全表融合(関数用)'!X$2:AB$9999,5,FALSE)) -> 落下防止 | P9: =IF(SUMIF('全表融合(関数用)'!Z:Z,M9,'全表融合(関数用)'!AC:AC)=0,"",SUMIF('全表融合(関数用)'!Z:Z,M9,'全表融合(関数用)'!AC:AC)) -> 5.1341637 | S9: N-1
A10: =IF(ISNA(VLOOKUP(総計!J10,総計!K9:O10007,4,FALSE)),"",VLOOKUP(総計!J10,総計!K9:O10007,4,FALSE)) | B10: =IF(SUMIFS(四角板専用!T:T,四角板専用!A:A,A10)=0,"",SUMIFS(四角板専用!T:T,四角板専用!A:A,A10)) | C10: =IF(SUMIFS('FB&L専用'!V:V,'FB&L専用'!A:A,A10)=0,"",SUMIFS('FB&L専用'!V:V,'FB&L専用'!A:A,A10)) | D10: =IF(SUMIFS(鋼材専用!W:W,鋼材専用!A:A,A10)=0,"",SUMIFS(鋼材専用!W:W,鋼材専用!A:A,A10)) | E10: =IF(SUMIFS(Φ部品専用!W:W,Φ部品専用!A:A,A10)=0,"",SUMIFS(Φ部品専用!W:W,Φ部品専用!A:A,A10)) | F10: =IF(SUMIFS(パイプ専用!W:W,パイプ専用!A:A,A10)=0,"",SUMIFS(パイプ専用!W:W,パイプ専用!A:A,A10)) | G10: =IF(SUM(B10:F10)=0,"",SUM(B10:F10)) | J10: 左表に入れますねぇ9 | K10: =IF(L10="","",IF(COUNTIF(INDIRECT("L$1:L"&ROW()),"左表に入れますねぇ")>=1,"左表に入れますねぇ"&COUNTIF(INDIRECT("L$1:L"&ROW()),"左表に入れますねぇ"),"")) | L10: =IF(N10="","",IF(COUNTIF(N$1:N10,N10)>1,"",IF(COUNTIF(N:N,N10)>=1,"左表に入れますねぇ",""))) | M10: =IF(ISNA(VLOOKUP('全表融合(関数用)'!W10,'全表融合(関数用)'!X$2:AB$9999,3,FALSE)),"",VLOOKUP('全表融合(関数用)'!W10,'全表融合(関数用)'!X$2:AB$9999,3,FALSE)) -> ノズル他詳細N-6 | N10: =IF(ISNA(VLOOKUP('全表融合(関数用)'!W10,'全表融合(関数用)'!X$2:AB$9999,4,FALSE)),"",VLOOKUP('全表融合(関数用)'!W10,'全表融合(関数用)'!X$2:AB$9999,4,FALSE)) -> ノズル他詳細 | O10: =IF(ISNA(VLOOKUP('全表融合(関数用)'!W10,'全表融合(関数用)'!X$2:AB$9999,5,FALSE)),"",VLOOKUP('全表融合(関数用)'!W10,'全表融合(関数用)'!X$2:AB$9999,5,FALSE)) -> N-6 | P10: =IF(SUMIF('全表融合(関数用)'!Z:Z,M10,'全表融合(関数用)'!AC:AC)=0,"",SUMIF('全表融合(関数用)'!Z:Z,M10,'全表融合(関数用)'!AC:AC)) -> 48.883272 | S10: N-2
A11: =IF(ISNA(VLOOKUP(総計!J11,総計!K10:O10008,4,FALSE)),"",VLOOKUP(総計!J11,総計!K10:O10008,4,FALSE)) | B11: =IF(SUMIFS(四角板専用!T:T,四角板専用!A:A,A11)=0,"",SUMIFS(四角板専用!T:T,四角板専用!A:A,A11)) | C11: =IF(SUMIFS('FB&L専用'!V:V,'FB&L専用'!A:A,A11)=0,"",SUMIFS('FB&L専用'!V:V,'FB&L専用'!A:A,A11)) | D11: =IF(SUMIFS(鋼材専用!W:W,鋼材専用!A:A,A11)=0,"",SUMIFS(鋼材専用!W:W,鋼材専用!A:A,A11)) | E11: =IF(SUMIFS(Φ部品専用!W:W,Φ部品専用!A:A,A11)=0,"",SUMIFS(Φ部品専用!W:W,Φ部品専用!A:A,A11)) | F11: =IF(SUMIFS(パイプ専用!W:W,パイプ専用!A:A,A11)=0,"",SUMIFS(パイプ専用!W:W,パイプ専用!A:A,A11)) | G11: =IF(SUM(B11:F11)=0,"",SUM(B11:F11)) | J11: 左表に入れますねぇ10 | K11: =IF(L11="","",IF(COUNTIF(INDIRECT("L$1:L"&ROW()),"左表に入れますねぇ")>=1,"左表に入れますねぇ"&COUNTIF(INDIRECT("L$1:L"&ROW()),"左表に入れますねぇ"),"")) | L11: =IF(N11="","",IF(COUNTIF(N$1:N11,N11)>1,"",IF(COUNTIF(N:N,N11)>=1,"左表に入れますねぇ",""))) | M11: =IF(ISNA(VLOOKUP('全表融合(関数用)'!W11,'全表融合(関数用)'!X$2:AB$9999,3,FALSE)),"",VLOOKUP('全表融合(関数用)'!W11,'全表融合(関数用)'!X$2:AB$9999,3,FALSE)) -> 点検ステージステージ内梁L | N11: =IF(ISNA(VLOOKUP('全表融合(関数用)'!W11,'全表融合(関数用)'!X$2:AB$9999,4,FALSE)),"",VLOOKUP('全表融合(関数用)'!W11,'全表融合(関数用)'!X$2:AB$9999,4,FALSE)) -> 点検ステージ | O11: =IF(ISNA(VLOOKUP('全表融合(関数用)'!W11,'全表融合(関数用)'!X$2:AB$9999,5,FALSE)),"",VLOOKUP('全表融合(関数用)'!W11,'全表融合(関数用)'!X$2:AB$9999,5,FALSE)) -> ステージ内梁L | P11: =IF(SUMIF('全表融合(関数用)'!Z:Z,M11,'全表融合(関数用)'!AC:AC)=0,"",SUMIF('全表融合(関数用)'!Z:Z,M11,'全表融合(関数用)'!AC:AC)) -> 31.794583 | S11: N-3
A12: =IF(ISNA(VLOOKUP(総計!J12,総計!K11:O10009,4,FALSE)),"",VLOOKUP(総計!J12,総計!K11:O10009,4,FALSE)) | B12: =IF(SUMIFS(四角板専用!T:T,四角板専用!A:A,A12)=0,"",SUMIFS(四角板専用!T:T,四角板専用!A:A,A12)) | C12: =IF(SUMIFS('FB&L専用'!V:V,'FB&L専用'!A:A,A12)=0,"",SUMIFS('FB&L専用'!V:V,'FB&L専用'!A:A,A12)) | D12: =IF(SUMIFS(鋼材専用!W:W,鋼材専用!A:A,A12)=0,"",SUMIFS(鋼材専用!W:W,鋼材専用!A:A,A12)) | E12: =IF(SUMIFS(Φ部品専用!W:W,Φ部品専用!A:A,A12)=0,"",SUMIFS(Φ部品専用!W:W,Φ部品専用!A:A,A12)) | F12: =IF(SUMIFS(パイプ専用!W:W,パイプ専用!A:A,A12)=0,"",SUMIFS(パイプ専用!W:W,パイプ専用!A:A,A12)) | G12: =IF(SUM(B12:F12)=0,"",SUM(B12:F12)) | J12: 左表に入れますねぇ11 | K12: =IF(L12="","",IF(COUNTIF(INDIRECT("L$1:L"&ROW()),"左表に入れますねぇ")>=1,"左表に入れますねぇ"&COUNTIF(INDIRECT("L$1:L"&ROW()),"左表に入れますねぇ"),"")) | L12: =IF(N12="","",IF(COUNTIF(N$1:N12,N12)>1,"",IF(COUNTIF(N:N,N12)>=1,"左表に入れますねぇ",""))) | M12: =IF(ISNA(VLOOKUP('全表融合(関数用)'!W12,'全表融合(関数用)'!X$2:AB$9999,3,FALSE)),"",VLOOKUP('全表融合(関数用)'!W12,'全表融合(関数用)'!X$2:AB$9999,3,FALSE)) -> ノズル他詳細M-1受 | N12: =IF(ISNA(VLOOKUP('全表融合(関数用)'!W12,'全表融合(関数用)'!X$2:AB$9999,4,FALSE)),"",VLOOKUP('全表融合(関数用)'!W12,'全表融合(関数用)'!X$2:AB$9999,4,FALSE)) -> ノズル他詳細 | O12: =IF(ISNA(VLOOKUP('全表融合(関数用)'!W12,'全表融合(関数用)'!X$2:AB$9999,5,FALSE)),"",VLOOKUP('全表融合(関数用)'!W12,'全表融合(関数用)'!X$2:AB$9999,5,FALSE)) -> M-1受 | P12: =IF(SUMIF('全表融合(関数用)'!Z:Z,M12,'全表融合(関数用)'!AC:AC)=0,"",SUMIF('全表融合(関数用)'!Z:Z,M12,'全表融合(関数用)'!AC:AC)) -> 44.845487 | S12: N-4,5
A13: =IF(ISNA(VLOOKUP(総計!J13,総計!K12:O10010,4,FALSE)),"",VLOOKUP(総計!J13,総計!K12:O10010,4,FALSE)) | B13: =IF(SUMIFS(四角板専用!T:T,四角板専用!A:A,A13)=0,"",SUMIFS(四角板専用!T:T,四角板専用!A:A,A13)) | C13: =IF(SUMIFS('FB&L専用'!V:V,'FB&L専用'!A:A,A13)=0,"",SUMIFS('FB&L専用'!V:V,'FB&L専用'!A:A,A13)) | D13: =IF(SUMIFS(鋼材専用!W:W,鋼材専用!A:A,A13)=0,"",SUMIFS(鋼材専用!W:W,鋼材専用!A:A,A13)) | E13: =IF(SUMIFS(Φ部品専用!W:W,Φ部品専用!A:A,A13)=0,"",SUMIFS(Φ部品専用!W:W,Φ部品専用!A:A,A13)) | F13: =IF(SUMIFS(パイプ専用!W:W,パイプ専用!A:A,A13)=0,"",SUMIFS(パイプ専用!W:W,パイプ専用!A:A,A13)) | G13: =IF(SUM(B13:F13)=0,"",SUM(B13:F13)) | J13: 左表に入れますねぇ12 | K13: =IF(L13="","",IF(COUNTIF(INDIRECT("L$1:L"&ROW()),"左表に入れますねぇ")>=1,"左表に入れますねぇ"&COUNTIF(INDIRECT("L$1:L"&ROW()),"左表に入れますねぇ"),"")) | L13: =IF(N13="","",IF(COUNTIF(N$1:N13,N13)>1,"",IF(COUNTIF(N:N,N13)>=1,"左表に入れますねぇ",""))) | M13: =IF(ISNA(VLOOKUP('全表融合(関数用)'!W13,'全表融合(関数用)'!X$2:AB$9999,3,FALSE)),"",VLOOKUP('全表融合(関数用)'!W13,'全表融合(関数用)'!X$2:AB$9999,3,FALSE)) -> ノズル他詳細N-7 | N13: =IF(ISNA(VLOOKUP('全表融合(関数用)'!W13,'全表融合(関数用)'!X$2:AB$9999,4,FALSE)),"",VLOOKUP('全表融合(関数用)'!W13,'全表融合(関数用)'!X$2:AB$9999,4,FALSE)) -> ノズル他詳細 | O13: =IF(ISNA(VLOOKUP('全表融合(関数用)'!W13,'全表融合(関数用)'!X$2:AB$9999,5,FALSE)),"",VLOOKUP('全表融合(関数用)'!W13,'全表融合(関数用)'!X$2:AB$9999,5,FALSE)) -> N-7 | P13: =IF(SUMIF('全表融合(関数用)'!Z:Z,M13,'全表融合(関数用)'!AC:AC)=0,"",SUMIF('全表融合(関数用)'!Z:Z,M13,'全表融合(関数用)'!AC:AC)) -> 29.45709 | S13: N-6
A14: =IF(ISNA(VLOOKUP(総計!J14,総計!K13:O10011,4,FALSE)),"",VLOOKUP(総計!J14,総計!K13:O10011,4,FALSE)) | B14: =IF(SUMIFS(四角板専用!T:T,四角板専用!A:A,A14)=0,"",SUMIFS(四角板専用!T:T,四角板専用!A:A,A14)) | C14: =IF(SUMIFS('FB&L専用'!V:V,'FB&L専用'!A:A,A14)=0,"",SUMIFS('FB&L専用'!V:V,'FB&L専用'!A:A,A14)) | D14: =IF(SUMIFS(鋼材専用!W:W,鋼材専用!A:A,A14)=0,"",SUMIFS(鋼材専用!W:W,鋼材専用!A:A,A14)) | E14: =IF(SUMIFS(Φ部品専用!W:W,Φ部品専用!A:A,A14)=0,"",SUMIFS(Φ部品専用!W:W,Φ部品専用!A:A,A14)) | F14: =IF(SUMIFS(パイプ専用!W:W,パイプ専用!A:A,A14)=0,"",SUMIFS(パイプ専用!W:W,パイプ専用!A:A,A14)) | G14: =IF(SUM(B14:F14)=0,"",SUM(B14:F14)) | J14: 左表に入れますねぇ13 | K14: =IF(L14="","",IF(COUNTIF(INDIRECT("L$1:L"&ROW()),"左表に入れますねぇ")>=1,"左表に入れますねぇ"&COUNTIF(INDIRECT("L$1:L"&ROW()),"左表に入れますねぇ"),"")) | L14: =IF(N14="","",IF(COUNTIF(N$1:N14,N14)>1,"",IF(COUNTIF(N:N,N14)>=1,"左表に入れますねぇ",""))) | M14: =IF(ISNA(VLOOKUP('全表融合(関数用)'!W14,'全表融合(関数用)'!X$2:AB$9999,3,FALSE)),"",VLOOKUP('全表融合(関数用)'!W14,'全表融合(関数用)'!X$2:AB$9999,3,FALSE)) -> 本体銘板取付座 | N14: =IF(ISNA(VLOOKUP('全表融合(関数用)'!W14,'全表融合(関数用)'!X$2:AB$9999,4,FALSE)),"",VLOOKUP('全表融合(関数用)'!W14,'全表融合(関数用)'!X$2:AB$9999,4,FALSE)) -> 本体 | O14: =IF(ISNA(VLOOKUP('全表融合(関数用)'!W14,'全表融合(関数用)'!X$2:AB$9999,5,FALSE)),"",VLOOKUP('全表融合(関数用)'!W14,'全表融合(関数用)'!X$2:AB$9999,5,FALSE)) -> 銘板取付座 | P14: =IF(SUMIF('全表融合(関数用)'!Z:Z,M14,'全表融合(関数用)'!AC:AC)=0,"",SUMIF('全表融合(関数用)'!Z:Z,M14,'全表融合(関数用)'!AC:AC)) -> 1.9472906 | S14: N-7
A15: =IF(ISNA(VLOOKUP(総計!J15,総計!K14:O10012,4,FALSE)),"",VLOOKUP(総計!J15,総計!K14:O10012,4,FALSE)) | B15: =IF(SUMIFS(四角板専用!T:T,四角板専用!A:A,A15)=0,"",SUMIFS(四角板専用!T:T,四角板専用!A:A,A15)) | C15: =IF(SUMIFS('FB&L専用'!V:V,'FB&L専用'!A:A,A15)=0,"",SUMIFS('FB&L専用'!V:V,'FB&L専用'!A:A,A15)) | D15: =IF(SUMIFS(鋼材専用!W:W,鋼材専用!A:A,A15)=0,"",SUMIFS(鋼材専用!W:W,鋼材専用!A:A,A15)) | E15: =IF(SUMIFS(Φ部品専用!W:W,Φ部品専用!A:A,A15)=0,"",SUMIFS(Φ部品専用!W:W,Φ部品専用!A:A,A15)) | F15: =IF(SUMIFS(パイプ専用!W:W,パイプ専用!A:A,A15)=0,"",SUMIFS(パイプ専用!W:W,パイプ専用!A:A,A15)) | G15: =IF(SUM(B15:F15)=0,"",SUM(B15:F15)) | J15: 左表に入れますねぇ14 | K15: =IF(L15="","",IF(COUNTIF(INDIRECT("L$1:L"&ROW()),"左表に入れますねぇ")>=1,"左表に入れますねぇ"&COUNTIF(INDIRECT("L$1:L"&ROW()),"左表に入れますねぇ"),"")) | L15: =IF(N15="","",IF(COUNTIF(N$1:N15,N15)>1,"",IF(COUNTIF(N:N,N15)>=1,"左表に入れますねぇ",""))) | M15: =IF(ISNA(VLOOKUP('全表融合(関数用)'!W15,'全表融合(関数用)'!X$2:AB$9999,3,FALSE)),"",VLOOKUP('全表融合(関数用)'!W15,'全表融合(関数用)'!X$2:AB$9999,3,FALSE)) -> 点検ステージステージ内梁C | N15: =IF(ISNA(VLOOKUP('全表融合(関数用)'!W15,'全表融合(関数用)'!X$2:AB$9999,4,FALSE)),"",VLOOKUP('全表融合(関数用)'!W15,'全表融合(関数用)'!X$2:AB$9999,4,FALSE)) -> 点検ステージ | O15: =IF(ISNA(VLOOKUP('全表融合(関数用)'!W15,'全表融合(関数用)'!X$2:AB$9999,5,FALSE)),"",VLOOKUP('全表融合(関数用)'!W15,'全表融合(関数用)'!X$2:AB$9999,5,FALSE)) -> ステージ内梁C | P15: =IF(SUMIF('全表融合(関数用)'!Z:Z,M15,'全表融合(関数用)'!AC:AC)=0,"",SUMIF('全表融合(関数用)'!Z:Z,M15,'全表融合(関数用)'!AC:AC)) -> 106.236 | S15: N-8
B16: =IF(SUMIFS(四角板専用!T:T,四角板専用!A:A,A16)=0,"",SUMIFS(四角板専用!T:T,四角板専用!A:A,A16)) | C16: =IF(SUMIFS('FB&L専用'!V:V,'FB&L専用'!A:A,A16)=0,"",SUMIFS('FB&L専用'!V:V,'FB&L専用'!A:A,A16)) | D16: =IF(SUMIFS(鋼材専用!W:W,鋼材専用!A:A,A16)=0,"",SUMIFS(鋼材専用!W:W,鋼材専用!A:A,A16)) | E16: =IF(SUMIFS(Φ部品専用!W:W,Φ部品専用!A:A,A16)=0,"",SUMIFS(Φ部品専用!W:W,Φ部品専用!A:A,A16)) | F16: =IF(SUMIFS(パイプ専用!W:W,パイプ専用!A:A,A16)=0,"",SUMIFS(パイプ専用!W:W,パイプ専用!A:A,A16)) | G16: =IF(SUM(B16:F16)=0,"",SUM(B16:F16)) | J16: 左表に入れますねぇ15 | K16: =IF(L16="","",IF(COUNTIF(INDIRECT("L$1:L"&ROW()),"左表に入れますねぇ")>=1,"左表に入れますねぇ"&COUNTIF(INDIRECT("L$1:L"&ROW()),"左表に入れますねぇ"),"")) | L16: =IF(N16="","",IF(COUNTIF(N$1:N16,N16)>1,"",IF(COUNTIF(N:N,N16)>=1,"左表に入れますねぇ",""))) | M16: =IF(ISNA(VLOOKUP('全表融合(関数用)'!W16,'全表融合(関数用)'!X$2:AB$9999,3,FALSE)),"",VLOOKUP('全表融合(関数用)'!W16,'全表融合(関数用)'!X$2:AB$9999,3,FALSE)) -> ノズル他詳細内部ラダー | N16: =IF(ISNA(VLOOKUP('全表融合(関数用)'!W16,'全表融合(関数用)'!X$2:AB$9999,4,FALSE)),"",VLOOKUP('全表融合(関数用)'!W16,'全表融合(関数用)'!X$2:AB$9999,4,FALSE)) -> ノズル他詳細 | O16: =IF(ISNA(VLOOKUP('全表融合(関数用)'!W16,'全表融合(関数用)'!X$2:AB$9999,5,FALSE)),"",VLOOKUP('全表融合(関数用)'!W16,'全表融合(関数用)'!X$2:AB$9999,5,FALSE)) -> 内部ラダー | P16: =IF(SUMIF('全表融合(関数用)'!Z:Z,M16,'全表融合(関数用)'!AC:AC)=0,"",SUMIF('全表融合(関数用)'!Z:Z,M16,'全表融合(関数用)'!AC:AC)) -> 2.1834123 | S16: N-9
B17: =IF(SUMIFS(四角板専用!T:T,四角板専用!A:A,A17)=0,"",SUMIFS(四角板専用!T:T,四角板専用!A:A,A17)) | C17: =IF(SUMIFS('FB&L専用'!V:V,'FB&L専用'!A:A,A17)=0,"",SUMIFS('FB&L専用'!V:V,'FB&L専用'!A:A,A17)) | D17: =IF(SUMIFS(鋼材専用!W:W,鋼材専用!A:A,A17)=0,"",SUMIFS(鋼材専用!W:W,鋼材専用!A:A,A17)) | E17: =IF(SUMIFS(Φ部品専用!W:W,Φ部品専用!A:A,A17)=0,"",SUMIFS(Φ部品専用!W:W,Φ部品専用!A:A,A17)) | F17: =IF(SUMIFS(パイプ専用!W:W,パイプ専用!A:A,A17)=0,"",SUMIFS(パイプ専用!W:W,パイプ専用!A:A,A17)) | G17: =IF(SUM(B17:F17)=0,"",SUM(B17:F17)) | J17: 左表に入れますねぇ16 | K17: =IF(L17="","",IF(COUNTIF(INDIRECT("L$1:L"&ROW()),"左表に入れますねぇ")>=1,"左表に入れますねぇ"&COUNTIF(INDIRECT("L$1:L"&ROW()),"左表に入れますねぇ"),"")) -> 左表に入れますねぇ4 | L17: =IF(N17="","",IF(COUNTIF(N$1:N17,N17)>1,"",IF(COUNTIF(N:N,N17)>=1,"左表に入れますねぇ",""))) -> 左表に入れますねぇ | M17: =IF(ISNA(VLOOKUP('全表融合(関数用)'!W17,'全表融合(関数用)'!X$2:AB$9999,3,FALSE)),"",VLOOKUP('全表融合(関数用)'!W17,'全表融合(関数用)'!X$2:AB$9999,3,FALSE)) -> 手摺配置正面 | N17: =IF(ISNA(VLOOKUP('全表融合(関数用)'!W17,'全表融合(関数用)'!X$2:AB$9999,4,FALSE)),"",VLOOKUP('全表融合(関数用)'!W17,'全表融合(関数用)'!X$2:AB$9999,4,FALSE)) -> 手摺配置 | O17: =IF(ISNA(VLOOKUP('全表融合(関数用)'!W17,'全表融合(関数用)'!X$2:AB$9999,5,FALSE)),"",VLOOKUP('全表融合(関数用)'!W17,'全表融合(関数用)'!X$2:AB$9999,5,FALSE)) -> 正面 | P17: =IF(SUMIF('全表融合(関数用)'!Z:Z,M17,'全表融合(関数用)'!AC:AC)=0,"",SUMIF('全表融合(関数用)'!Z:Z,M17,'全表融合(関数用)'!AC:AC)) -> 51.382364 | S17: N10
B18: =IF(SUMIFS(四角板専用!T:T,四角板専用!A:A,A18)=0,"",SUMIFS(四角板専用!T:T,四角板専用!A:A,A18)) | C18: =IF(SUMIFS('FB&L専用'!V:V,'FB&L専用'!A:A,A18)=0,"",SUMIFS('FB&L専用'!V:V,'FB&L専用'!A:A,A18)) | D18: =IF(SUMIFS(鋼材専用!W:W,鋼材専用!A:A,A18)=0,"",SUMIFS(鋼材専用!W:W,鋼材専用!A:A,A18)) | E18: =IF(SUMIFS(Φ部品専用!W:W,Φ部品専用!A:A,A18)=0,"",SUMIFS(Φ部品専用!W:W,Φ部品専用!A:A,A18)) | F18: =IF(SUMIFS(パイプ専用!W:W,パイプ専用!A:A,A18)=0,"",SUMIFS(パイプ専用!W:W,パイプ専用!A:A,A18)) | G18: =IF(SUM(B18:F18)=0,"",SUM(B18:F18)) | J18: 左表に入れますねぇ17 | K18: =IF(L18="","",IF(COUNTIF(INDIRECT("L$1:L"&ROW()),"左表に入れますねぇ")>=1,"左表に入れますねぇ"&COUNTIF(INDIRECT("L$1:L"&ROW()),"左表に入れますねぇ"),"")) -> 左表に入れますねぇ5 | L18: =IF(N18="","",IF(COUNTIF(N$1:N18,N18)>1,"",IF(COUNTIF(N:N,N18)>=1,"左表に入れますねぇ",""))) -> 左表に入れますねぇ | M18: =IF(ISNA(VLOOKUP('全表融合(関数用)'!W18,'全表融合(関数用)'!X$2:AB$9999,3,FALSE)),"",VLOOKUP('全表融合(関数用)'!W18,'全表融合(関数用)'!X$2:AB$9999,3,FALSE)) -> ラダーAB詳細 | N18: =IF(ISNA(VLOOKUP('全表融合(関数用)'!W18,'全表融合(関数用)'!X$2:AB$9999,4,FALSE)),"",VLOOKUP('全表融合(関数用)'!W18,'全表融合(関数用)'!X$2:AB$9999,4,FALSE)) -> ラダー | O18: =IF(ISNA(VLOOKUP('全表融合(関数用)'!W18,'全表融合(関数用)'!X$2:AB$9999,5,FALSE)),"",VLOOKUP('全表融合(関数用)'!W18,'全表融合(関数用)'!X$2:AB$9999,5,FALSE)) -> AB詳細 | P18: =IF(SUMIF('全表融合(関数用)'!Z:Z,M18,'全表融合(関数用)'!AC:AC)=0,"",SUMIF('全表融合(関数用)'!Z:Z,M18,'全表融合(関数用)'!AC:AC)) -> 21.884589 | S18: 落下防止
B19: =IF(SUMIFS(四角板専用!T:T,四角板専用!A:A,A19)=0,"",SUMIFS(四角板専用!T:T,四角板専用!A:A,A19)) | C19: =IF(SUMIFS('FB&L専用'!V:V,'FB&L専用'!A:A,A19)=0,"",SUMIFS('FB&L専用'!V:V,'FB&L専用'!A:A,A19)) | D19: =IF(SUMIFS(鋼材専用!W:W,鋼材専用!A:A,A19)=0,"",SUMIFS(鋼材専用!W:W,鋼材専用!A:A,A19)) | E19: =IF(SUMIFS(Φ部品専用!W:W,Φ部品専用!A:A,A19)=0,"",SUMIFS(Φ部品専用!W:W,Φ部品専用!A:A,A19)) | F19: =IF(SUMIFS(パイプ専用!W:W,パイプ専用!A:A,A19)=0,"",SUMIFS(パイプ専用!W:W,パイプ専用!A:A,A19)) | G19: =IF(SUM(B19:F19)=0,"",SUM(B19:F19)) | J19: 左表に入れますねぇ18 | K19: =IF(L19="","",IF(COUNTIF(INDIRECT("L$1:L"&ROW()),"左表に入れますねぇ")>=1,"左表に入れますねぇ"&COUNTIF(INDIRECT("L$1:L"&ROW()),"左表に入れますねぇ"),"")) | L19: =IF(N19="","",IF(COUNTIF(N$1:N19,N19)>1,"",IF(COUNTIF(N:N,N19)>=1,"左表に入れますねぇ",""))) | M19: =IF(ISNA(VLOOKUP('全表融合(関数用)'!W19,'全表融合(関数用)'!X$2:AB$9999,3,FALSE)),"",VLOOKUP('全表融合(関数用)'!W19,'全表融合(関数用)'!X$2:AB$9999,3,FALSE)) -> 手摺配置右側面 | N19: =IF(ISNA(VLOOKUP('全表融合(関数用)'!W19,'全表融合(関数用)'!X$2:AB$9999,4,FALSE)),"",VLOOKUP('全表融合(関数用)'!W19,'全表融合(関数用)'!X$2:AB$9999,4,FALSE)) -> 手摺配置 | O19: =IF(ISNA(VLOOKUP('全表融合(関数用)'!W19,'全表融合(関数用)'!X$2:AB$9999,5,FALSE)),"",VLOOKUP('全表融合(関数用)'!W19,'全表融合(関数用)'!X$2:AB$9999,5,FALSE)) -> 右側面 | P19: =IF(SUMIF('全表融合(関数用)'!Z:Z,M19,'全表融合(関数用)'!AC:AC)=0,"",SUMIF('全表融合(関数用)'!Z:Z,M19,'全表融合(関数用)'!AC:AC)) -> 37.885723 | S19: M-1蓋
B20: =IF(SUMIFS(四角板専用!T:T,四角板専用!A:A,A20)=0,"",SUMIFS(四角板専用!T:T,四角板専用!A:A,A20)) | C20: =IF(SUMIFS('FB&L専用'!V:V,'FB&L専用'!A:A,A20)=0,"",SUMIFS('FB&L専用'!V:V,'FB&L専用'!A:A,A20)) | D20: =IF(SUMIFS(鋼材専用!W:W,鋼材専用!A:A,A20)=0,"",SUMIFS(鋼材専用!W:W,鋼材専用!A:A,A20)) | E20: =IF(SUMIFS(Φ部品専用!W:W,Φ部品専用!A:A,A20)=0,"",SUMIFS(Φ部品専用!W:W,Φ部品専用!A:A,A20)) | F20: =IF(SUMIFS(パイプ専用!W:W,パイプ専用!A:A,A20)=0,"",SUMIFS(パイプ専用!W:W,パイプ専用!A:A,A20)) | G20: =IF(SUM(B20:F20)=0,"",SUM(B20:F20)) | J20: 左表に入れますねぇ19 | K20: =IF(L20="","",IF(COUNTIF(INDIRECT("L$1:L"&ROW()),"左表に入れますねぇ")>=1,"左表に入れますねぇ"&COUNTIF(INDIRECT("L$1:L"&ROW()),"左表に入れますねぇ"),"")) | L20: =IF(N20="","",IF(COUNTIF(N$1:N20,N20)>1,"",IF(COUNTIF(N:N,N20)>=1,"左表に入れますねぇ",""))) | M20: =IF(ISNA(VLOOKUP('全表融合(関数用)'!W20,'全表融合(関数用)'!X$2:AB$9999,3,FALSE)),"",VLOOKUP('全表融合(関数用)'!W20,'全表融合(関数用)'!X$2:AB$9999,3,FALSE)) -> 点検ステージC詳細(スペーサ) | N20: =IF(ISNA(VLOOKUP('全表融合(関数用)'!W20,'全表融合(関数用)'!X$2:AB$9999,4,FALSE)),"",VLOOKUP('全表融合(関数用)'!W20,'全表融合(関数用)'!X$2:AB$9999,4,FALSE)) -> 点検ステージ | O20: =IF(ISNA(VLOOKUP('全表融合(関数用)'!W20,'全表融合(関数用)'!X$2:AB$9999,5,FALSE)),"",VLOOKUP('全表融合(関数用)'!W20,'全表融合(関数用)'!X$2:AB$9999,5,FALSE)) -> C詳細(スペーサ) | P20: =IF(SUMIF('全表融合(関数用)'!Z:Z,M20,'全表融合(関数用)'!AC:AC)=0,"",SUMIF('全表融合(関数用)'!Z:Z,M20,'全表融合(関数用)'!AC:AC)) -> 6.67332 | S20: M-1受
B21: =IF(SUMIFS(四角板専用!T:T,四角板専用!A:A,A21)=0,"",SUMIFS(四角板専用!T:T,四角板専用!A:A,A21)) | C21: =IF(SUMIFS('FB&L専用'!V:V,'FB&L専用'!A:A,A21)=0,"",SUMIFS('FB&L専用'!V:V,'FB&L専用'!A:A,A21)) | D21: =IF(SUMIFS(鋼材専用!W:W,鋼材専用!A:A,A21)=0,"",SUMIFS(鋼材専用!W:W,鋼材専用!A:A,A21)) | E21: =IF(SUMIFS(Φ部品専用!W:W,Φ部品専用!A:A,A21)=0,"",SUMIFS(Φ部品専用!W:W,Φ部品専用!A:A,A21)) | F21: =IF(SUMIFS(パイプ専用!W:W,パイプ専用!A:A,A21)=0,"",SUMIFS(パイプ専用!W:W,パイプ専用!A:A,A21)) | G21: =IF(SUM(B21:F21)=0,"",SUM(B21:F21)) | J21: 左表に入れますねぇ20 | K21: =IF(L21="","",IF(COUNTIF(INDIRECT("L$1:L"&ROW()),"左表に入れますねぇ")>=1,"左表に入れますねぇ"&COUNTIF(INDIRECT("L$1:L"&ROW()),"左表に入れますねぇ"),"")) | L21: =IF(N21="","",IF(COUNTIF(N$1:N21,N21)>1,"",IF(COUNTIF(N:N,N21)>=1,"左表に入れますねぇ",""))) | M21: =IF(ISNA(VLOOKUP('全表融合(関数用)'!W21,'全表融合(関数用)'!X$2:AB$9999,3,FALSE)),"",VLOOKUP('全表融合(関数用)'!W21,'全表融合(関数用)'!X$2:AB$9999,3,FALSE)) -> 手摺配置左側面1 | N21: =IF(ISNA(VLOOKUP('全表融合(関数用)'!W21,'全表融合(関数用)'!X$2:AB$9999,4,FALSE)),"",VLOOKUP('全表融合(関数用)'!W21,'全表融合(関数用)'!X$2:AB$9999,4,FALSE)) -> 手摺配置 | O21: =IF(ISNA(VLOOKUP('全表融合(関数用)'!W21,'全表融合(関数用)'!X$2:AB$9999,5,FALSE)),"",VLOOKUP('全表融合(関数用)'!W21,'全表融合(関数用)'!X$2:AB$9999,5,FALSE)) -> 左側面1 | P21: =IF(SUMIF('全表融合(関数用)'!Z:Z,M21,'全表融合(関数用)'!AC:AC)=0,"",SUMIF('全表融合(関数用)'!Z:Z,M21,'全表融合(関数用)'!AC:AC)) -> 37.072406 | S21: ヒンジピン
B22: =IF(SUMIFS(四角板専用!T:T,四角板専用!A:A,A22)=0,"",SUMIFS(四角板専用!T:T,四角板専用!A:A,A22)) | C22: =IF(SUMIFS('FB&L専用'!V:V,'FB&L専用'!A:A,A22)=0,"",SUMIFS('FB&L専用'!V:V,'FB&L専用'!A:A,A22)) | D22: =IF(SUMIFS(鋼材専用!W:W,鋼材専用!A:A,A22)=0,"",SUMIFS(鋼材専用!W:W,鋼材専用!A:A,A22)) | E22: =IF(SUMIFS(Φ部品専用!W:W,Φ部品専用!A:A,A22)=0,"",SUMIFS(Φ部品専用!W:W,Φ部品専用!A:A,A22)) | F22: =IF(SUMIFS(パイプ専用!W:W,パイプ専用!A:A,A22)=0,"",SUMIFS(パイプ専用!W:W,パイプ専用!A:A,A22)) | G22: =IF(SUM(B22:F22)=0,"",SUM(B22:F22)) | J22: 左表に入れますねぇ21 | K22: =IF(L22="","",IF(COUNTIF(INDIRECT("L$1:L"&ROW()),"左表に入れますねぇ")>=1,"左表に入れますねぇ"&COUNTIF(INDIRECT("L$1:L"&ROW()),"左表に入れますねぇ"),"")) -> 左表に入れますねぇ6 | L22: =IF(N22="","",IF(COUNTIF(N$1:N22,N22)>1,"",IF(COUNTIF(N:N,N22)>=1,"左表に入れますねぇ",""))) -> 左表に入れますねぇ | M22: =IF(ISNA(VLOOKUP('全表融合(関数用)'!W22,'全表融合(関数用)'!X$2:AB$9999,3,FALSE)),"",VLOOKUP('全表融合(関数用)'!W22,'全表融合(関数用)'!X$2:AB$9999,3,FALSE)) -> 東プラ2号ダクトダクトノズル | N22: =IF(ISNA(VLOOKUP('全表融合(関数用)'!W22,'全表融合(関数用)'!X$2:AB$9999,4,FALSE)),"",VLOOKUP('全表融合(関数用)'!W22,'全表融合(関数用)'!X$2:AB$9999,4,FALSE)) -> 東プラ2号ダクト | O22: =IF(ISNA(VLOOKUP('全表融合(関数用)'!W22,'全表融合(関数用)'!X$2:AB$9999,5,FALSE)),"",VLOOKUP('全表融合(関数用)'!W22,'全表融合(関数用)'!X$2:AB$9999,5,FALSE)) -> ダクトノズル | P22: =IF(SUMIF('全表融合(関数用)'!Z:Z,M22,'全表融合(関数用)'!AC:AC)=0,"",SUMIF('全表融合(関数用)'!Z:Z,M22,'全表融合(関数用)'!AC:AC)) -> 551.55261 | S22: 内部ラダー
B23: =IF(SUMIFS(四角板専用!T:T,四角板専用!A:A,A23)=0,"",SUMIFS(四角板専用!T:T,四角板専用!A:A,A23)) | C23: =IF(SUMIFS('FB&L専用'!V:V,'FB&L専用'!A:A,A23)=0,"",SUMIFS('FB&L専用'!V:V,'FB&L専用'!A:A,A23)) | D23: =IF(SUMIFS(鋼材専用!W:W,鋼材専用!A:A,A23)=0,"",SUMIFS(鋼材専用!W:W,鋼材専用!A:A,A23)) | E23: =IF(SUMIFS(Φ部品専用!W:W,Φ部品専用!A:A,A23)=0,"",SUMIFS(Φ部品専用!W:W,Φ部品専用!A:A,A23)) | F23: =IF(SUMIFS(パイプ専用!W:W,パイプ専用!A:A,A23)=0,"",SUMIFS(パイプ専用!W:W,パイプ専用!A:A,A23)) | G23: =IF(SUM(B23:F23)=0,"",SUM(B23:F23)) | J23: 左表に入れますねぇ22 | K23: =IF(L23="","",IF(COUNTIF(INDIRECT("L$1:L"&ROW()),"左表に入れますねぇ")>=1,"左表に入れますねぇ"&COUNTIF(INDIRECT("L$1:L"&ROW()),"左表に入れますねぇ"),"")) | L23: =IF(N23="","",IF(COUNTIF(N$1:N23,N23)>1,"",IF(COUNTIF(N:N,N23)>=1,"左表に入れますねぇ",""))) | M23: =IF(ISNA(VLOOKUP('全表融合(関数用)'!W23,'全表融合(関数用)'!X$2:AB$9999,3,FALSE)),"",VLOOKUP('全表融合(関数用)'!W23,'全表融合(関数用)'!X$2:AB$9999,3,FALSE)) -> 手摺配置左側面2 | N23: =IF(ISNA(VLOOKUP('全表融合(関数用)'!W23,'全表融合(関数用)'!X$2:AB$9999,4,FALSE)),"",VLOOKUP('全表融合(関数用)'!W23,'全表融合(関数用)'!X$2:AB$9999,4,FALSE)) -> 手摺配置 | O23: =IF(ISNA(VLOOKUP('全表融合(関数用)'!W23,'全表融合(関数用)'!X$2:AB$9999,5,FALSE)),"",VLOOKUP('全表融合(関数用)'!W23,'全表融合(関数用)'!X$2:AB$9999,5,FALSE)) -> 左側面2 | P23: =IF(SUMIF('全表融合(関数用)'!Z:Z,M23,'全表融合(関数用)'!AC:AC)=0,"",SUMIF('全表融合(関数用)'!Z:Z,M23,'全表融合(関数用)'!AC:AC)) -> 24.502644 | S23: M-2
B24: =IF(SUMIFS(四角板専用!T:T,四角板専用!A:A,A24)=0,"",SUMIFS(四角板専用!T:T,四角板専用!A:A,A24)) | C24: =IF(SUMIFS('FB&L専用'!V:V,'FB&L専用'!A:A,A24)=0,"",SUMIFS('FB&L専用'!V:V,'FB&L専用'!A:A,A24)) | D24: =IF(SUMIFS(鋼材専用!W:W,鋼材専用!A:A,A24)=0,"",SUMIFS(鋼材専用!W:W,鋼材専用!A:A,A24)) | E24: =IF(SUMIFS(Φ部品専用!W:W,Φ部品専用!A:A,A24)=0,"",SUMIFS(Φ部品専用!W:W,Φ部品専用!A:A,A24)) | F24: =IF(SUMIFS(パイプ専用!W:W,パイプ専用!A:A,A24)=0,"",SUMIFS(パイプ専用!W:W,パイプ専用!A:A,A24)) | G24: =IF(SUM(B24:F24)=0,"",SUM(B24:F24)) | J24: 左表に入れますねぇ23 | K24: =IF(L24="","",IF(COUNTIF(INDIRECT("L$1:L"&ROW()),"左表に入れますねぇ")>=1,"左表に入れますねぇ"&COUNTIF(INDIRECT("L$1:L"&ROW()),"左表に入れますねぇ"),"")) | L24: =IF(N24="","",IF(COUNTIF(N$1:N24,N24)>1,"",IF(COUNTIF(N:N,N24)>=1,"左表に入れますねぇ",""))) | M24: =IF(ISNA(VLOOKUP('全表融合(関数用)'!W24,'全表融合(関数用)'!X$2:AB$9999,3,FALSE)),"",VLOOKUP('全表融合(関数用)'!W24,'全表融合(関数用)'!X$2:AB$9999,3,FALSE)) -> 手摺配置背面1 | N24: =IF(ISNA(VLOOKUP('全表融合(関数用)'!W24,'全表融合(関数用)'!X$2:AB$9999,4,FALSE)),"",VLOOKUP('全表融合(関数用)'!W24,'全表融合(関数用)'!X$2:AB$9999,4,FALSE)) -> 手摺配置 | O24: =IF(ISNA(VLOOKUP('全表融合(関数用)'!W24,'全表融合(関数用)'!X$2:AB$9999,5,FALSE)),"",VLOOKUP('全表融合(関数用)'!W24,'全表融合(関数用)'!X$2:AB$9999,5,FALSE)) -> 背面1 | P24: =IF(SUMIF('全表融合(関数用)'!Z:Z,M24,'全表融合(関数用)'!AC:AC)=0,"",SUMIF('全表融合(関数用)'!Z:Z,M24,'全表融合(関数用)'!AC:AC)) -> 24.207706 | S24: 8詳細
B25: =IF(SUMIFS(四角板専用!T:T,四角板専用!A:A,A25)=0,"",SUMIFS(四角板専用!T:T,四角板専用!A:A,A25)) | C25: =IF(SUMIFS('FB&L専用'!V:V,'FB&L専用'!A:A,A25)=0,"",SUMIFS('FB&L専用'!V:V,'FB&L専用'!A:A,A25)) | D25: =IF(SUMIFS(鋼材専用!W:W,鋼材専用!A:A,A25)=0,"",SUMIFS(鋼材専用!W:W,鋼材専用!A:A,A25)) | E25: =IF(SUMIFS(Φ部品専用!W:W,Φ部品専用!A:A,A25)=0,"",SUMIFS(Φ部品専用!W:W,Φ部品専用!A:A,A25)) | F25: =IF(SUMIFS(パイプ専用!W:W,パイプ専用!A:A,A25)=0,"",SUMIFS(パイプ専用!W:W,パイプ専用!A:A,A25)) | G25: =IF(SUM(B25:F25)=0,"",SUM(B25:F25)) | J25: 左表に入れますねぇ24 | K25: =IF(L25="","",IF(COUNTIF(INDIRECT("L$1:L"&ROW()),"左表に入れますねぇ")>=1,"左表に入れますねぇ"&COUNTIF(INDIRECT("L$1:L"&ROW()),"左表に入れますねぇ"),"")) | L25: =IF(N25="","",IF(COUNTIF(N$1:N25,N25)>1,"",IF(COUNTIF(N:N,N25)>=1,"左表に入れますねぇ",""))) | M25: =IF(ISNA(VLOOKUP('全表融合(関数用)'!W25,'全表融合(関数用)'!X$2:AB$9999,3,FALSE)),"",VLOOKUP('全表融合(関数用)'!W25,'全表融合(関数用)'!X$2:AB$9999,3,FALSE)) -> 手摺配置背面2 | N25: =IF(ISNA(VLOOKUP('全表融合(関数用)'!W25,'全表融合(関数用)'!X$2:AB$9999,4,FALSE)),"",VLOOKUP('全表融合(関数用)'!W25,'全表融合(関数用)'!X$2:AB$9999,4,FALSE)) -> 手摺配置 | O25: =IF(ISNA(VLOOKUP('全表融合(関数用)'!W25,'全表融合(関数用)'!X$2:AB$9999,5,FALSE)),"",VLOOKUP('全表融合(関数用)'!W25,'全表融合(関数用)'!X$2:AB$9999,5,FALSE)) -> 背面2 | P25: =IF(SUMIF('全表融合(関数用)'!Z:Z,M25,'全表融合(関数用)'!AC:AC)=0,"",SUMIF('全表融合(関数用)'!Z:Z,M25,'全表融合(関数用)'!AC:AC)) -> 34.325447 | S25: 鋼材
B26: =IF(SUMIFS(四角板専用!T:T,四角板専用!A:A,A26)=0,"",SUMIFS(四角板専用!T:T,四角板専用!A:A,A26)) | C26: =IF(SUMIFS('FB&L専用'!V:V,'FB&L専用'!A:A,A26)=0,"",SUMIFS('FB&L専用'!V:V,'FB&L専用'!A:A,A26)) | D26: =IF(SUMIFS(鋼材専用!W:W,鋼材専用!A:A,A26)=0,"",SUMIFS(鋼材専用!W:W,鋼材専用!A:A,A26)) | E26: =IF(SUMIFS(Φ部品専用!W:W,Φ部品専用!A:A,A26)=0,"",SUMIFS(Φ部品専用!W:W,Φ部品専用!A:A,A26)) | F26: =IF(SUMIFS(パイプ専用!W:W,パイプ専用!A:A,A26)=0,"",SUMIFS(パイプ専用!W:W,パイプ専用!A:A,A26)) | G26: =IF(SUM(B26:F26)=0,"",SUM(B26:F26)) | J26: 左表に入れますねぇ25 | K26: =IF(L26="","",IF(COUNTIF(INDIRECT("L$1:L"&ROW()),"左表に入れますねぇ")>=1,"左表に入れますねぇ"&COUNTIF(INDIRECT("L$1:L"&ROW()),"左表に入れますねぇ"),"")) | L26: =IF(N26="","",IF(COUNTIF(N$1:N26,N26)>1,"",IF(COUNTIF(N:N,N26)>=1,"左表に入れますねぇ",""))) | M26: =IF(ISNA(VLOOKUP('全表融合(関数用)'!W26,'全表融合(関数用)'!X$2:AB$9999,3,FALSE)),"",VLOOKUP('全表融合(関数用)'!W26,'全表融合(関数用)'!X$2:AB$9999,3,FALSE)) -> ノズル他詳細M-2 | N26: =IF(ISNA(VLOOKUP('全表融合(関数用)'!W26,'全表融合(関数用)'!X$2:AB$9999,4,FALSE)),"",VLOOKUP('全表融合(関数用)'!W26,'全表融合(関数用)'!X$2:AB$9999,4,FALSE)) -> ノズル他詳細 | O26: =IF(ISNA(VLOOKUP('全表融合(関数用)'!W26,'全表融合(関数用)'!X$2:AB$9999,5,FALSE)),"",VLOOKUP('全表融合(関数用)'!W26,'全表融合(関数用)'!X$2:AB$9999,5,FALSE)) -> M-2 | P26: =IF(SUMIF('全表融合(関数用)'!Z:Z,M26,'全表融合(関数用)'!AC:AC)=0,"",SUMIF('全表融合(関数用)'!Z:Z,M26,'全表融合(関数用)'!AC:AC)) -> 16.017 | S26: ステージ外梁C
B27: =IF(SUMIFS(四角板専用!T:T,四角板専用!A:A,A27)=0,"",SUMIFS(四角板専用!T:T,四角板専用!A:A,A27)) | C27: =IF(SUMIFS('FB&L専用'!V:V,'FB&L専用'!A:A,A27)=0,"",SUMIFS('FB&L専用'!V:V,'FB&L専用'!A:A,A27)) | D27: =IF(SUMIFS(鋼材専用!W:W,鋼材専用!A:A,A27)=0,"",SUMIFS(鋼材専用!W:W,鋼材専用!A:A,A27)) | E27: =IF(SUMIFS(Φ部品専用!W:W,Φ部品専用!A:A,A27)=0,"",SUMIFS(Φ部品専用!W:W,Φ部品専用!A:A,A27)) | F27: =IF(SUMIFS(パイプ専用!W:W,パイプ専用!A:A,A27)=0,"",SUMIFS(パイプ専用!W:W,パイプ専用!A:A,A27)) | G27: =IF(SUM(B27:F27)=0,"",SUM(B27:F27)) | J27: 左表に入れますねぇ26 | K27: =IF(L27="","",IF(COUNTIF(INDIRECT("L$1:L"&ROW()),"左表に入れますねぇ")>=1,"左表に入れますねぇ"&COUNTIF(INDIRECT("L$1:L"&ROW()),"左表に入れますねぇ"),"")) | L27: =IF(N27="","",IF(COUNTIF(N$1:N27,N27)>1,"",IF(COUNTIF(N:N,N27)>=1,"左表に入れますねぇ",""))) | M27: =IF(ISNA(VLOOKUP('全表融合(関数用)'!W27,'全表融合(関数用)'!X$2:AB$9999,3,FALSE)),"",VLOOKUP('全表融合(関数用)'!W27,'全表融合(関数用)'!X$2:AB$9999,3,FALSE)) -> ラダーFB | N27: =IF(ISNA(VLOOKUP('全表融合(関数用)'!W27,'全表融合(関数用)'!X$2:AB$9999,4,FALSE)),"",VLOOKUP('全表融合(関数用)'!W27,'全表融合(関数用)'!X$2:AB$9999,4,FALSE)) -> ラダー | O27: =IF(ISNA(VLOOKUP('全表融合(関数用)'!W27,'全表融合(関数用)'!X$2:AB$9999,5,FALSE)),"",VLOOKUP('全表融合(関数用)'!W27,'全表融合(関数用)'!X$2:AB$9999,5,FALSE)) -> FB | P27: =IF(SUMIF('全表融合(関数用)'!Z:Z,M27,'全表融合(関数用)'!AC:AC)=0,"",SUMIF('全表融合(関数用)'!Z:Z,M27,'全表融合(関数用)'!AC:AC)) -> 33.098281 | S27: ステージ内梁C
... B48: =IF(SUMIFS(四角板専用!T:T,四角板専用!A:A,A48)=0,"",SUMIFS(四角板専用!T:T,四角板専用!A:A,A48)) | C48: =IF(SUMIFS('FB&L専用'!V:V,'FB&L専用'!A:A,A48)=0,"",SUMIFS('FB&L専用'!V:V,'FB&L専用'!A:A,A48)) | D48: =IF(SUMIFS(鋼材専用!W:W,鋼材専用!A:A,A48)=0,"",SUMIFS(鋼材専用!W:W,鋼材専用!A:A,A48)) | E48: =IF(SUMIFS(Φ部品専用!W:W,Φ部品専用!A:A,A48)=0,"",SUMIFS(Φ部品専用!W:W,Φ部品専用!A:A,A48)) | F48: =IF(SUMIFS(パイプ専用!W:W,パイプ専用!A:A,A48)=0,"",SUMIFS(パイプ専用!W:W,パイプ専用!A:A,A48)) | G48: =IF(SUM(B48:F48)=0,"",SUM(B48:F48)) | J48: 左表に入れますねぇ47 | K48: =IF(L48="","",IF(COUNTIF(INDIRECT("L$1:L"&ROW()),"左表に入れますねぇ")>=1,"左表に入れますねぇ"&COUNTIF(INDIRECT("L$1:L"&ROW()),"左表に入れますねぇ"),"")) | L48: =IF(N48="","",IF(COUNTIF(N$1:N48,N48)>1,"",IF(COUNTIF(N:N,N48)>=1,"左表に入れますねぇ",""))) | M48: =IF(ISNA(VLOOKUP('全表融合(関数用)'!W48,'全表融合(関数用)'!X$2:AB$9999,3,FALSE)),"",VLOOKUP('全表融合(関数用)'!W48,'全表融合(関数用)'!X$2:AB$9999,3,FALSE)) | N48: =IF(ISNA(VLOOKUP('全表融合(関数用)'!W48,'全表融合(関数用)'!X$2:AB$9999,4,FALSE)),"",VLOOKUP('全表融合(関数用)'!W48,'全表融合(関数用)'!X$2:AB$9999,4,FALSE)) | O48: =IF(ISNA(VLOOKUP('全表融合(関数用)'!W48,'全表融合(関数用)'!X$2:AB$9999,5,FALSE)),"",VLOOKUP('全表融合(関数用)'!W48,'全表融合(関数用)'!X$2:AB$9999,5,FALSE)) | P48: =IF(SUMIF('全表融合(関数用)'!Z:Z,M48,'全表融合(関数用)'!AC:AC)=0,"",SUMIF('全表融合(関数用)'!Z:Z,M48,'全表融合(関数用)'!AC:AC)) | S48: ダクトノズル
B49: =IF(SUMIFS(四角板専用!T:T,四角板専用!A:A,A49)=0,"",SUMIFS(四角板専用!T:T,四角板専用!A:A,A49)) | C49: =IF(SUMIFS('FB&L専用'!V:V,'FB&L専用'!A:A,A49)=0,"",SUMIFS('FB&L専用'!V:V,'FB&L専用'!A:A,A49)) | D49: =IF(SUMIFS(鋼材専用!W:W,鋼材専用!A:A,A49)=0,"",SUMIFS(鋼材専用!W:W,鋼材専用!A:A,A49)) | E49: =IF(SUMIFS(Φ部品専用!W:W,Φ部品専用!A:A,A49)=0,"",SUMIFS(Φ部品専用!W:W,Φ部品専用!A:A,A49)) | F49: =IF(SUMIFS(パイプ専用!W:W,パイプ専用!A:A,A49)=0,"",SUMIFS(パイプ専用!W:W,パイプ専用!A:A,A49)) | G49: =IF(SUM(B49:F49)=0,"",SUM(B49:F49)) | J49: 左表に入れますねぇ48 | K49: =IF(L49="","",IF(COUNTIF(INDIRECT("L$1:L"&ROW()),"左表に入れますねぇ")>=1,"左表に入れますねぇ"&COUNTIF(INDIRECT("L$1:L"&ROW()),"左表に入れますねぇ"),"")) | L49: =IF(N49="","",IF(COUNTIF(N$1:N49,N49)>1,"",IF(COUNTIF(N:N,N49)>=1,"左表に入れますねぇ",""))) | M49: =IF(ISNA(VLOOKUP('全表融合(関数用)'!W49,'全表融合(関数用)'!X$2:AB$9999,3,FALSE)),"",VLOOKUP('全表融合(関数用)'!W49,'全表融合(関数用)'!X$2:AB$9999,3,FALSE)) | N49: =IF(ISNA(VLOOKUP('全表融合(関数用)'!W49,'全表融合(関数用)'!X$2:AB$9999,4,FALSE)),"",VLOOKUP('全表融合(関数用)'!W49,'全表融合(関数用)'!X$2:AB$9999,4,FALSE)) | O49: =IF(ISNA(VLOOKUP('全表融合(関数用)'!W49,'全表融合(関数用)'!X$2:AB$9999,5,FALSE)),"",VLOOKUP('全表融合(関数用)'!W49,'全表融合(関数用)'!X$2:AB$9999,5,FALSE)) | P49: =IF(SUMIF('全表融合(関数用)'!Z:Z,M49,'全表融合(関数用)'!AC:AC)=0,"",SUMIF('全表融合(関数用)'!Z:Z,M49,'全表融合(関数用)'!AC:AC))
B50: =IF(SUMIFS(四角板専用!T:T,四角板専用!A:A,A50)=0,"",SUMIFS(四角板専用!T:T,四角板専用!A:A,A50)) | C50: =IF(SUMIFS('FB&L専用'!V:V,'FB&L専用'!A:A,A50)=0,"",SUMIFS('FB&L専用'!V:V,'FB&L専用'!A:A,A50)) | D50: =IF(SUMIFS(鋼材専用!W:W,鋼材専用!A:A,A50)=0,"",SUMIFS(鋼材専用!W:W,鋼材専用!A:A,A50)) | E50: =IF(SUMIFS(Φ部品専用!W:W,Φ部品専用!A:A,A50)=0,"",SUMIFS(Φ部品専用!W:W,Φ部品専用!A:A,A50)) | F50: =IF(SUMIFS(パイプ専用!W:W,パイプ専用!A:A,A50)=0,"",SUMIFS(パイプ専用!W:W,パイプ専用!A:A,A50)) | G50: =IF(SUM(B50:F50)=0,"",SUM(B50:F50)) | J50: 左表に入れますねぇ49 | K50: =IF(L50="","",IF(COUNTIF(INDIRECT("L$1:L"&ROW()),"左表に入れますねぇ")>=1,"左表に入れますねぇ"&COUNTIF(INDIRECT("L$1:L"&ROW()),"左表に入れますねぇ"),"")) | L50: =IF(N50="","",IF(COUNTIF(N$1:N50,N50)>1,"",IF(COUNTIF(N:N,N50)>=1,"左表に入れますねぇ",""))) | M50: =IF(ISNA(VLOOKUP('全表融合(関数用)'!W50,'全表融合(関数用)'!X$2:AB$9999,3,FALSE)),"",VLOOKUP('全表融合(関数用)'!W50,'全表融合(関数用)'!X$2:AB$9999,3,FALSE)) | N50: =IF(ISNA(VLOOKUP('全表融合(関数用)'!W50,'全表融合(関数用)'!X$2:AB$9999,4,FALSE)),"",VLOOKUP('全表融合(関数用)'!W50,'全表融合(関数用)'!X$2:AB$9999,4,FALSE)) | O50: =IF(ISNA(VLOOKUP('全表融合(関数用)'!W50,'全表融合(関数用)'!X$2:AB$9999,5,FALSE)),"",VLOOKUP('全表融合(関数用)'!W50,'全表融合(関数用)'!X$2:AB$9999,5,FALSE)) | P50: =IF(SUMIF('全表融合(関数用)'!Z:Z,M50,'全表融合(関数用)'!AC:AC)=0,"",SUMIF('全表融合(関数用)'!Z:Z,M50,'全表融合(関数用)'!AC:AC))
B51: =IF(SUMIFS(四角板専用!T:T,四角板専用!A:A,A51)=0,"",SUMIFS(四角板専用!T:T,四角板専用!A:A,A51)) | C51: =IF(SUMIFS('FB&L専用'!V:V,'FB&L専用'!A:A,A51)=0,"",SUMIFS('FB&L専用'!V:V,'FB&L専用'!A:A,A51)) | D51: =IF(SUMIFS(鋼材専用!W:W,鋼材専用!A:A,A51)=0,"",SUMIFS(鋼材専用!W:W,鋼材専用!A:A,A51)) | E51: =IF(SUMIFS(Φ部品専用!W:W,Φ部品専用!A:A,A51)=0,"",SUMIFS(Φ部品専用!W:W,Φ部品専用!A:A,A51)) | F51: =IF(SUMIFS(パイプ専用!W:W,パイプ専用!A:A,A51)=0,"",SUMIFS(パイプ専用!W:W,パイプ専用!A:A,A51)) | G51: =IF(SUM(B51:F51)=0,"",SUM(B51:F51)) | J51: 左表に入れますねぇ50 | K51: =IF(L51="","",IF(COUNTIF(INDIRECT("L$1:L"&ROW()),"左表に入れますねぇ")>=1,"左表に入れますねぇ"&COUNTIF(INDIRECT("L$1:L"&ROW()),"左表に入れますねぇ"),"")) | L51: =IF(N51="","",IF(COUNTIF(N$1:N51,N51)>1,"",IF(COUNTIF(N:N,N51)>=1,"左表に入れますねぇ",""))) | M51: =IF(ISNA(VLOOKUP('全表融合(関数用)'!W51,'全表融合(関数用)'!X$2:AB$9999,3,FALSE)),"",VLOOKUP('全表融合(関数用)'!W51,'全表融合(関数用)'!X$2:AB$9999,3,FALSE)) | N51: =IF(ISNA(VLOOKUP('全表融合(関数用)'!W51,'全表融合(関数用)'!X$2:AB$9999,4,FALSE)),"",VLOOKUP('全表融合(関数用)'!W51,'全表融合(関数用)'!X$2:AB$9999,4,FALSE)) | O51: =IF(ISNA(VLOOKUP('全表融合(関数用)'!W51,'全表融合(関数用)'!X$2:AB$9999,5,FALSE)),"",VLOOKUP('全表融合(関数用)'!W51,'全表融合(関数用)'!X$2:AB$9999,5,FALSE)) | P51: =IF(SUMIF('全表融合(関数用)'!Z:Z,M51,'全表融合(関数用)'!AC:AC)=0,"",SUMIF('全表融合(関数用)'!Z:Z,M51,'全表融合(関数用)'!AC:AC))
B52: =IF(SUMIFS(四角板専用!T:T,四角板専用!A:A,A52)=0,"",SUMIFS(四角板専用!T:T,四角板専用!A:A,A52)) | C52: =IF(SUMIFS('FB&L専用'!V:V,'FB&L専用'!A:A,A52)=0,"",SUMIFS('FB&L専用'!V:V,'FB&L専用'!A:A,A52)) | D52: =IF(SUMIFS(鋼材専用!W:W,鋼材専用!A:A,A52)=0,"",SUMIFS(鋼材専用!W:W,鋼材専用!A:A,A52)) | E52: =IF(SUMIFS(Φ部品専用!W:W,Φ部品専用!A:A,A52)=0,"",SUMIFS(Φ部品専用!W:W,Φ部品専用!A:A,A52)) | F52: =IF(SUMIFS(パイプ専用!W:W,パイプ専用!A:A,A52)=0,"",SUMIFS(パイプ専用!W:W,パイプ専用!A:A,A52)) | G52: =IF(SUM(B52:F52)=0,"",SUM(B52:F52)) | J52: 左表に入れますねぇ51 | K52: =IF(L52="","",IF(COUNTIF(INDIRECT("L$1:L"&ROW()),"左表に入れますねぇ")>=1,"左表に入れますねぇ"&COUNTIF(INDIRECT("L$1:L"&ROW()),"左表に入れますねぇ"),"")) | L52: =IF(N52="","",IF(COUNTIF(N$1:N52,N52)>1,"",IF(COUNTIF(N:N,N52)>=1,"左表に入れますねぇ",""))) | M52: =IF(ISNA(VLOOKUP('全表融合(関数用)'!W52,'全表融合(関数用)'!X$2:AB$9999,3,FALSE)),"",VLOOKUP('全表融合(関数用)'!W52,'全表融合(関数用)'!X$2:AB$9999,3,FALSE)) | N52: =IF(ISNA(VLOOKUP('全表融合(関数用)'!W52,'全表融合(関数用)'!X$2:AB$9999,4,FALSE)),"",VLOOKUP('全表融合(関数用)'!W52,'全表融合(関数用)'!X$2:AB$9999,4,FALSE)) | O52: =IF(ISNA(VLOOKUP('全表融合(関数用)'!W52,'全表融合(関数用)'!X$2:AB$9999,5,FALSE)),"",VLOOKUP('全表融合(関数用)'!W52,'全表融合(関数用)'!X$2:AB$9999,5,FALSE)) | P52: =IF(SUMIF('全表融合(関数用)'!Z:Z,M52,'全表融合(関数用)'!AC:AC)=0,"",SUMIF('全表融合(関数用)'!Z:Z,M52,'全表融合(関数用)'!AC:AC))
B53: =IF(SUMIFS(四角板専用!T:T,四角板専用!A:A,A53)=0,"",SUMIFS(四角板専用!T:T,四角板専用!A:A,A53)) | C53: =IF(SUMIFS('FB&L専用'!V:V,'FB&L専用'!A:A,A53)=0,"",SUMIFS('FB&L専用'!V:V,'FB&L専用'!A:A,A53)) | D53: =IF(SUMIFS(鋼材専用!W:W,鋼材専用!A:A,A53)=0,"",SUMIFS(鋼材専用!W:W,鋼材専用!A:A,A53)) | E53: =IF(SUMIFS(Φ部品専用!W:W,Φ部品専用!A:A,A53)=0,"",SUMIFS(Φ部品専用!W:W,Φ部品専用!A:A,A53)) | F53: =IF(SUMIFS(パイプ専用!W:W,パイプ専用!A:A,A53)=0,"",SUMIFS(パイプ専用!W:W,パイプ専用!A:A,A53)) | G53: =IF(SUM(B53:F53)=0,"",SUM(B53:F53)) | J53: 左表に入れますねぇ52 | K53: =IF(L53="","",IF(COUNTIF(INDIRECT("L$1:L"&ROW()),"左表に入れますねぇ")>=1,"左表に入れますねぇ"&COUNTIF(INDIRECT("L$1:L"&ROW()),"左表に入れますねぇ"),"")) | L53: =IF(N53="","",IF(COUNTIF(N$1:N53,N53)>1,"",IF(COUNTIF(N:N,N53)>=1,"左表に入れますねぇ",""))) | M53: =IF(ISNA(VLOOKUP('全表融合(関数用)'!W53,'全表融合(関数用)'!X$2:AB$9999,3,FALSE)),"",VLOOKUP('全表融合(関数用)'!W53,'全表融合(関数用)'!X$2:AB$9999,3,FALSE)) | N53: =IF(ISNA(VLOOKUP('全表融合(関数用)'!W53,'全表融合(関数用)'!X$2:AB$9999,4,FALSE)),"",VLOOKUP('全表融合(関数用)'!W53,'全表融合(関数用)'!X$2:AB$9999,4,FALSE)) | O53: =IF(ISNA(VLOOKUP('全表融合(関数用)'!W53,'全表融合(関数用)'!X$2:AB$9999,5,FALSE)),"",VLOOKUP('全表融合(関数用)'!W53,'全表融合(関数用)'!X$2:AB$9999,5,FALSE)) | P53: =IF(SUMIF('全表融合(関数用)'!Z:Z,M53,'全表融合(関数用)'!AC:AC)=0,"",SUMIF('全表融合(関数用)'!Z:Z,M53,'全表融合(関数用)'!AC:AC))
B54: =IF(SUMIFS(四角板専用!T:T,四角板専用!A:A,A54)=0,"",SUMIFS(四角板専用!T:T,四角板専用!A:A,A54)) | C54: =IF(SUMIFS('FB&L専用'!V:V,'FB&L専用'!A:A,A54)=0,"",SUMIFS('FB&L専用'!V:V,'FB&L専用'!A:A,A54)) | D54: =IF(SUMIFS(鋼材専用!W:W,鋼材専用!A:A,A54)=0,"",SUMIFS(鋼材専用!W:W,鋼材専用!A:A,A54)) | E54: =IF(SUMIFS(Φ部品専用!W:W,Φ部品専用!A:A,A54)=0,"",SUMIFS(Φ部品専用!W:W,Φ部品専用!A:A,A54)) | F54: =IF(SUMIFS(パイプ専用!W:W,パイプ専用!A:A,A54)=0,"",SUMIFS(パイプ専用!W:W,パイプ専用!A:A,A54)) | G54: =IF(SUM(B54:F54)=0,"",SUM(B54:F54)) | J54: 左表に入れますねぇ53 | K54: =IF(L54="","",IF(COUNTIF(INDIRECT("L$1:L"&ROW()),"左表に入れますねぇ")>=1,"左表に入れますねぇ"&COUNTIF(INDIRECT("L$1:L"&ROW()),"左表に入れますねぇ"),"")) | L54: =IF(N54="","",IF(COUNTIF(N$1:N54,N54)>1,"",IF(COUNTIF(N:N,N54)>=1,"左表に入れますねぇ",""))) | M54: =IF(ISNA(VLOOKUP('全表融合(関数用)'!W54,'全表融合(関数用)'!X$2:AB$9999,3,FALSE)),"",VLOOKUP('全表融合(関数用)'!W54,'全表融合(関数用)'!X$2:AB$9999,3,FALSE)) | N54: =IF(ISNA(VLOOKUP('全表融合(関数用)'!W54,'全表融合(関数用)'!X$2:AB$9999,4,FALSE)),"",VLOOKUP('全表融合(関数用)'!W54,'全表融合(関数用)'!X$2:AB$9999,4,FALSE)) | O54: =IF(ISNA(VLOOKUP('全表融合(関数用)'!W54,'全表融合(関数用)'!X$2:AB$9999,5,FALSE)),"",VLOOKUP('全表融合(関数用)'!W54,'全表融合(関数用)'!X$2:AB$9999,5,FALSE)) | P54: =IF(SUMIF('全表融合(関数用)'!Z:Z,M54,'全表融合(関数用)'!AC:AC)=0,"",SUMIF('全表融合(関数用)'!Z:Z,M54,'全表融合(関数用)'!AC:AC))
B55: =IF(SUMIFS(四角板専用!T:T,四角板専用!A:A,A55)=0,"",SUMIFS(四角板専用!T:T,四角板専用!A:A,A55)) | C55: =IF(SUMIFS('FB&L専用'!V:V,'FB&L専用'!A:A,A55)=0,"",SUMIFS('FB&L専用'!V:V,'FB&L専用'!A:A,A55)) | D55: =IF(SUMIFS(鋼材専用!W:W,鋼材専用!A:A,A55)=0,"",SUMIFS(鋼材専用!W:W,鋼材専用!A:A,A55)) | E55: =IF(SUMIFS(Φ部品専用!W:W,Φ部品専用!A:A,A55)=0,"",SUMIFS(Φ部品専用!W:W,Φ部品専用!A:A,A55)) | F55: =IF(SUMIFS(パイプ専用!W:W,パイプ専用!A:A,A55)=0,"",SUMIFS(パイプ専用!W:W,パイプ専用!A:A,A55)) | G55: =IF(SUM(B55:F55)=0,"",SUM(B55:F55)) | J55: 左表に入れますねぇ54 | K55: =IF(L55="","",IF(COUNTIF(INDIRECT("L$1:L"&ROW()),"左表に入れますねぇ")>=1,"左表に入れますねぇ"&COUNTIF(INDIRECT("L$1:L"&ROW()),"左表に入れますねぇ"),"")) | L55: =IF(N55="","",IF(COUNTIF(N$1:N55,N55)>1,"",IF(COUNTIF(N:N,N55)>=1,"左表に入れますねぇ",""))) | M55: =IF(ISNA(VLOOKUP('全表融合(関数用)'!W55,'全表融合(関数用)'!X$2:AB$9999,3,FALSE)),"",VLOOKUP('全表融合(関数用)'!W55,'全表融合(関数用)'!X$2:AB$9999,3,FALSE)) | N55: =IF(ISNA(VLOOKUP('全表融合(関数用)'!W55,'全表融合(関数用)'!X$2:AB$9999,4,FALSE)),"",VLOOKUP('全表融合(関数用)'!W55,'全表融合(関数用)'!X$2:AB$9999,4,FALSE)) | O55: =IF(ISNA(VLOOKUP('全表融合(関数用)'!W55,'全表融合(関数用)'!X$2:AB$9999,5,FALSE)),"",VLOOKUP('全表融合(関数用)'!W55,'全表融合(関数用)'!X$2:AB$9999,5,FALSE)) | P55: =IF(SUMIF('全表融合(関数用)'!Z:Z,M55,'全表融合(関数用)'!AC:AC)=0,"",SUMIF('全表融合(関数用)'!Z:Z,M55,'全表融合(関数用)'!AC:AC))
B56: =IF(SUMIFS(四角板専用!T:T,四角板専用!A:A,A56)=0,"",SUMIFS(四角板専用!T:T,四角板専用!A:A,A56)) | C56: =IF(SUMIFS('FB&L専用'!V:V,'FB&L専用'!A:A,A56)=0,"",SUMIFS('FB&L専用'!V:V,'FB&L専用'!A:A,A56)) | D56: =IF(SUMIFS(鋼材専用!W:W,鋼材専用!A:A,A56)=0,"",SUMIFS(鋼材専用!W:W,鋼材専用!A:A,A56)) | E56: =IF(SUMIFS(Φ部品専用!W:W,Φ部品専用!A:A,A56)=0,"",SUMIFS(Φ部品専用!W:W,Φ部品専用!A:A,A56)) | F56: =IF(SUMIFS(パイプ専用!W:W,パイプ専用!A:A,A56)=0,"",SUMIFS(パイプ専用!W:W,パイプ専用!A:A,A56)) | G56: =IF(SUM(B56:F56)=0,"",SUM(B56:F56)) | J56: 左表に入れますねぇ55 | K56: =IF(L56="","",IF(COUNTIF(INDIRECT("L$1:L"&ROW()),"左表に入れますねぇ")>=1,"左表に入れますねぇ"&COUNTIF(INDIRECT("L$1:L"&ROW()),"左表に入れますねぇ"),"")) | L56: =IF(N56="","",IF(COUNTIF(N$1:N56,N56)>1,"",IF(COUNTIF(N:N,N56)>=1,"左表に入れますねぇ",""))) | M56: =IF(ISNA(VLOOKUP('全表融合(関数用)'!W56,'全表融合(関数用)'!X$2:AB$9999,3,FALSE)),"",VLOOKUP('全表融合(関数用)'!W56,'全表融合(関数用)'!X$2:AB$9999,3,FALSE)) | N56: =IF(ISNA(VLOOKUP('全表融合(関数用)'!W56,'全表融合(関数用)'!X$2:AB$9999,4,FALSE)),"",VLOOKUP('全表融合(関数用)'!W56,'全表融合(関数用)'!X$2:AB$9999,4,FALSE)) | O56: =IF(ISNA(VLOOKUP('全表融合(関数用)'!W56,'全表融合(関数用)'!X$2:AB$9999,5,FALSE)),"",VLOOKUP('全表融合(関数用)'!W56,'全表融合(関数用)'!X$2:AB$9999,5,FALSE)) | P56: =IF(SUMIF('全表融合(関数用)'!Z:Z,M56,'全表融合(関数用)'!AC:AC)=0,"",SUMIF('全表融合(関数用)'!Z:Z,M56,'全表融合(関数用)'!AC:AC))
B57: =IF(SUMIFS(四角板専用!T:T,四角板専用!A:A,A57)=0,"",SUMIFS(四角板専用!T:T,四角板専用!A:A,A57)) | C57: =IF(SUMIFS('FB&L専用'!V:V,'FB&L専用'!A:A,A57)=0,"",SUMIFS('FB&L専用'!V:V,'FB&L専用'!A:A,A57)) | D57: =IF(SUMIFS(鋼材専用!W:W,鋼材専用!A:A,A57)=0,"",SUMIFS(鋼材専用!W:W,鋼材専用!A:A,A57)) | E57: =IF(SUMIFS(Φ部品専用!W:W,Φ部品専用!A:A,A57)=0,"",SUMIFS(Φ部品専用!W:W,Φ部品専用!A:A,A57)) | F57: =IF(SUMIFS(パイプ専用!W:W,パイプ専用!A:A,A57)=0,"",SUMIFS(パイプ専用!W:W,パイプ専用!A:A,A57)) | G57: =IF(SUM(B57:F57)=0,"",SUM(B57:F57)) | J57: 左表に入れますねぇ56 | K57: =IF(L57="","",IF(COUNTIF(INDIRECT("L$1:L"&ROW()),"左表に入れますねぇ")>=1,"左表に入れますねぇ"&COUNTIF(INDIRECT("L$1:L"&ROW()),"左表に入れますねぇ"),"")) | L57: =IF(N57="","",IF(COUNTIF(N$1:N57,N57)>1,"",IF(COUNTIF(N:N,N57)>=1,"左表に入れますねぇ",""))) | M57: =IF(ISNA(VLOOKUP('全表融合(関数用)'!W57,'全表融合(関数用)'!X$2:AB$9999,3,FALSE)),"",VLOOKUP('全表融合(関数用)'!W57,'全表融合(関数用)'!X$2:AB$9999,3,FALSE)) | N57: =IF(ISNA(VLOOKUP('全表融合(関数用)'!W57,'全表融合(関数用)'!X$2:AB$9999,4,FALSE)),"",VLOOKUP('全表融合(関数用)'!W57,'全表融合(関数用)'!X$2:AB$9999,4,FALSE)) | O57: =IF(ISNA(VLOOKUP('全表融合(関数用)'!W57,'全表融合(関数用)'!X$2:AB$9999,5,FALSE)),"",VLOOKUP('全表融合(関数用)'!W57,'全表融合(関数用)'!X$2:AB$9999,5,FALSE)) | P57: =IF(SUMIF('全表融合(関数用)'!Z:Z,M57,'全表融合(関数用)'!AC:AC)=0,"",SUMIF('全表融合(関数用)'!Z:Z,M57,'全表融合(関数用)'!AC:AC))
B58: =IF(SUMIFS(四角板専用!T:T,四角板専用!A:A,A58)=0,"",SUMIFS(四角板専用!T:T,四角板専用!A:A,A58)) | C58: =IF(SUMIFS('FB&L専用'!V:V,'FB&L専用'!A:A,A58)=0,"",SUMIFS('FB&L専用'!V:V,'FB&L専用'!A:A,A58)) | D58: =IF(SUMIFS(鋼材専用!W:W,鋼材専用!A:A,A58)=0,"",SUMIFS(鋼材専用!W:W,鋼材専用!A:A,A58)) | E58: =IF(SUMIFS(Φ部品専用!W:W,Φ部品専用!A:A,A58)=0,"",SUMIFS(Φ部品専用!W:W,Φ部品専用!A:A,A58)) | F58: =IF(SUMIFS(パイプ専用!W:W,パイプ専用!A:A,A58)=0,"",SUMIFS(パイプ専用!W:W,パイプ専用!A:A,A58)) | G58: =IF(SUM(B58:F58)=0,"",SUM(B58:F58)) | J58: 左表に入れますねぇ57 | K58: =IF(L58="","",IF(COUNTIF(INDIRECT("L$1:L"&ROW()),"左表に入れますねぇ")>=1,"左表に入れますねぇ"&COUNTIF(INDIRECT("L$1:L"&ROW()),"左表に入れますねぇ"),"")) | L58: =IF(N58="","",IF(COUNTIF(N$1:N58,N58)>1,"",IF(COUNTIF(N:N,N58)>=1,"左表に入れますねぇ",""))) | M58: =IF(ISNA(VLOOKUP('全表融合(関数用)'!W58,'全表融合(関数用)'!X$2:AB$9999,3,FALSE)),"",VLOOKUP('全表融合(関数用)'!W58,'全表融合(関数用)'!X$2:AB$9999,3,FALSE)) | N58: =IF(ISNA(VLOOKUP('全表融合(関数用)'!W58,'全表融合(関数用)'!X$2:AB$9999,4,FALSE)),"",VLOOKUP('全表融合(関数用)'!W58,'全表融合(関数用)'!X$2:AB$9999,4,FALSE)) | O58: =IF(ISNA(VLOOKUP('全表融合(関数用)'!W58,'全表融合(関数用)'!X$2:AB$9999,5,FALSE)),"",VLOOKUP('全表融合(関数用)'!W58,'全表融合(関数用)'!X$2:AB$9999,5,FALSE)) | P58: =IF(SUMIF('全表融合(関数用)'!Z:Z,M58,'全表融合(関数用)'!AC:AC)=0,"",SUMIF('全表融合(関数用)'!Z:Z,M58,'全表融合(関数用)'!AC:AC))
B59: =IF(SUMIFS(四角板専用!T:T,四角板専用!A:A,A59)=0,"",SUMIFS(四角板専用!T:T,四角板専用!A:A,A59)) | C59: =IF(SUMIFS('FB&L専用'!V:V,'FB&L専用'!A:A,A59)=0,"",SUMIFS('FB&L専用'!V:V,'FB&L専用'!A:A,A59)) | D59: =IF(SUMIFS(鋼材専用!W:W,鋼材専用!A:A,A59)=0,"",SUMIFS(鋼材専用!W:W,鋼材専用!A:A,A59)) | E59: =IF(SUMIFS(Φ部品専用!W:W,Φ部品専用!A:A,A59)=0,"",SUMIFS(Φ部品専用!W:W,Φ部品専用!A:A,A59)) | F59: =IF(SUMIFS(パイプ専用!W:W,パイプ専用!A:A,A59)=0,"",SUMIFS(パイプ専用!W:W,パイプ専用!A:A,A59)) | G59: =IF(SUM(B59:F59)=0,"",SUM(B59:F59)) | J59: 左表に入れますねぇ58 | K59: =IF(L59="","",IF(COUNTIF(INDIRECT("L$1:L"&ROW()),"左表に入れますねぇ")>=1,"左表に入れますねぇ"&COUNTIF(INDIRECT("L$1:L"&ROW()),"左表に入れますねぇ"),"")) | L59: =IF(N59="","",IF(COUNTIF(N$1:N59,N59)>1,"",IF(COUNTIF(N:N,N59)>=1,"左表に入れますねぇ",""))) | M59: =IF(ISNA(VLOOKUP('全表融合(関数用)'!W59,'全表融合(関数用)'!X$2:AB$9999,3,FALSE)),"",VLOOKUP('全表融合(関数用)'!W59,'全表融合(関数用)'!X$2:AB$9999,3,FALSE)) | N59: =IF(ISNA(VLOOKUP('全表融合(関数用)'!W59,'全表融合(関数用)'!X$2:AB$9999,4,FALSE)),"",VLOOKUP('全表融合(関数用)'!W59,'全表融合(関数用)'!X$2:AB$9999,4,FALSE)) | O59: =IF(ISNA(VLOOKUP('全表融合(関数用)'!W59,'全表融合(関数用)'!X$2:AB$9999,5,FALSE)),"",VLOOKUP('全表融合(関数用)'!W59,'全表融合(関数用)'!X$2:AB$9999,5,FALSE)) | P59: =IF(SUMIF('全表融合(関数用)'!Z:Z,M59,'全表融合(関数用)'!AC:AC)=0,"",SUMIF('全表融合(関数用)'!Z:Z,M59,'全表融合(関数用)'!AC:AC))
B60: =IF(SUMIFS(四角板専用!T:T,四角板専用!A:A,A60)=0,"",SUMIFS(四角板専用!T:T,四角板専用!A:A,A60)) | C60: =IF(SUMIFS('FB&L専用'!V:V,'FB&L専用'!A:A,A60)=0,"",SUMIFS('FB&L専用'!V:V,'FB&L専用'!A:A,A60)) | D60: =IF(SUMIFS(鋼材専用!W:W,鋼材専用!A:A,A60)=0,"",SUMIFS(鋼材専用!W:W,鋼材専用!A:A,A60)) | E60: =IF(SUMIFS(Φ部品専用!W:W,Φ部品専用!A:A,A60)=0,"",SUMIFS(Φ部品専用!W:W,Φ部品専用!A:A,A60)) | F60: =IF(SUMIFS(パイプ専用!W:W,パイプ専用!A:A,A60)=0,"",SUMIFS(パイプ専用!W:W,パイプ専用!A:A,A60)) | G60: =IF(SUM(B60:F60)=0,"",SUM(B60:F60)) | J60: 左表に入れますねぇ59 | K60: =IF(L60="","",IF(COUNTIF(INDIRECT("L$1:L"&ROW()),"左表に入れますねぇ")>=1,"左表に入れますねぇ"&COUNTIF(INDIRECT("L$1:L"&ROW()),"左表に入れますねぇ"),"")) | L60: =IF(N60="","",IF(COUNTIF(N$1:N60,N60)>1,"",IF(COUNTIF(N:N,N60)>=1,"左表に入れますねぇ",""))) | M60: =IF(ISNA(VLOOKUP('全表融合(関数用)'!W60,'全表融合(関数用)'!X$2:AB$9999,3,FALSE)),"",VLOOKUP('全表融合(関数用)'!W60,'全表融合(関数用)'!X$2:AB$9999,3,FALSE)) | N60: =IF(ISNA(VLOOKUP('全表融合(関数用)'!W60,'全表融合(関数用)'!X$2:AB$9999,4,FALSE)),"",VLOOKUP('全表融合(関数用)'!W60,'全表融合(関数用)'!X$2:AB$9999,4,FALSE)) | O60: =IF(ISNA(VLOOKUP('全表融合(関数用)'!W60,'全表融合(関数用)'!X$2:AB$9999,5,FALSE)),"",VLOOKUP('全表融合(関数用)'!W60,'全表融合(関数用)'!X$2:AB$9999,5,FALSE)) | P60: =IF(SUMIF('全表融合(関数用)'!Z:Z,M60,'全表融合(関数用)'!AC:AC)=0,"",SUMIF('全表融合(関数用)'!Z:Z,M60,'全表融合(関数用)'!AC:AC))
... B1113: =IF(SUMIFS(四角板専用!T:T,四角板専用!A:A,A1113)=0,"",SUMIFS(四角板専用!T:T,四角板専用!A:A,A1113)) | C1113: =IF(SUMIFS('FB&L専用'!V:V,'FB&L専用'!A:A,A1113)=0,"",SUMIFS('FB&L専用'!V:V,'FB&L専用'!A:A,A1113)) | D1113: =IF(SUMIFS(鋼材専用!W:W,鋼材専用!A:A,A1113)=0,"",SUMIFS(鋼材専用!W:W,鋼材専用!A:A,A1113)) | E1113: =IF(SUMIFS(Φ部品専用!W:W,Φ部品専用!A:A,A1113)=0,"",SUMIFS(Φ部品専用!W:W,Φ部品専用!A:A,A1113)) | F1113: =IF(SUMIFS(パイプ専用!W:W,パイプ専用!A:A,A1113)=0,"",SUMIFS(パイプ専用!W:W,パイプ専用!A:A,A1113)) | G1113: =IF(SUM(B1113:F1113)=0,"",SUM(B1113:F1113)) | J1113: 左表に入れますねぇ1112 | K1113: =IF(L1113="","",IF(COUNTIF(INDIRECT("L$1:L"&ROW()),"左表に入れますねぇ")>=1,"左表に入れますねぇ"&COUNTIF(INDIRECT("L$1:L"&ROW()),"左表に入れますねぇ"),"")) | L1113: =IF(N1113="","",IF(COUNTIF(N$1:N1113,N1113)>1,"",IF(COUNTIF(N:N,N1113)>=1,"左表に入れますねぇ",""))) | M1113: =IF(ISNA(VLOOKUP('全表融合(関数用)'!W1113,'全表融合(関数用)'!X$2:AB$9999,3,FALSE)),"",VLOOKUP('全表融合(関数用)'!W1113,'全表融合(関数用)'!X$2:AB$9999,3,FALSE)) | N1113: =IF(ISNA(VLOOKUP('全表融合(関数用)'!W1113,'全表融合(関数用)'!X$2:AB$9999,4,FALSE)),"",VLOOKUP('全表融合(関数用)'!W1113,'全表融合(関数用)'!X$2:AB$9999,4,FALSE)) | O1113: =IF(ISNA(VLOOKUP('全表融合(関数用)'!W1113,'全表融合(関数用)'!X$2:AB$9999,5,FALSE)),"",VLOOKUP('全表融合(関数用)'!W1113,'全表融合(関数用)'!X$2:AB$9999,5,FALSE)) | P1113: =IF(SUMIF('全表融合(関数用)'!Z:Z,M1113,'全表融合(関数用)'!AC:AC)=0,"",SUMIF('全表融合(関数用)'!Z:Z,M1113,'全表融合(関数用)'!AC:AC))
