Workbook
Name _4432mm×3632mm×6mm×7.85Kg__100万_758.17Kg: #REF!

Sheet ※取り扱い説明書
A1: 1.【業務内容と時間メモ】のシートに日にちと案件とかけた時間を入れる
A3: 2.【提出用】に【業務内容と時間メモ】に書いた情報が整理＆計算されたうえで書かれてるので、その月のフィルターをかけて範囲を選択して印刷

Sheet 月毎の作業時間
A1: 月 | B1: 代表案件 | C1: 合計時間(H)/月毎 | J1: 分類 | K1: 左表に入れますねぇ！リスト | L1: 左表に入れるか入れないか | M1: ⇔見る必要なし | N1: 月 | O1: 同名案件同名作業計算表 | P1: 案件 | Q1: 作業対象/内容 | R1: 作業対象 | S1: 作業内容 | T1: 作図枚数 | U1: 同月作業合計(H)
A2: =IF(ISNA(VLOOKUP(K2,L2:S9999,3,FALSE)),"",VLOOKUP(K2,L1:S9999,3,FALSE)) | B2: =IF(ISNA(VLOOKUP(K2,L2:S9999,5,FALSE)),"",VLOOKUP(K2,L1:S9999,5,FALSE)&"など") | C2: =IF(SUMIF(N:N,A2,U:U)=0,"",SUMIF(N:N,A2,U:U)) | J2: =IF(O2="","",IF(OR(COUNTIF(O2,"*職場*"),COUNTIF(O2,"*後輩教育*")),"サブ","メイン")) | K2: 左表に入れますねぇ115 | L2: =IF(M2="","",IF(COUNTIF(INDIRECT("M$1:M"&ROW()),"左表に入れますねぇ")>=1,"左表に入れますねぇ"&COUNTIF(INDIRECT("M$1:M"&ROW()),"左表に入れますねぇ"),"")) | M2: =IF(N2="","",IF(COUNTIF(N$1:N2,N2)>1,"",IF(COUNTIF(N:N,N2)>=1,"左表に入れますねぇ",""))) | N2: =IF(ISNA(VLOOKUP(業務内容と時間メモ!M116,業務内容と時間メモ!R$2:AI$9999,11,FALSE)),"",VLOOKUP(業務内容と時間メモ!M116,業務内容と時間メモ!R$2:AI$9999,11,FALSE)) | O2: =IF(ISNA(VLOOKUP(業務内容と時間メモ!M116,業務内容と時間メモ!R$2:AI$9999,13,FALSE)),"",VLOOKUP(業務内容と時間メモ!M116,業務内容と時間メモ!R$2:AI$9999,13,FALSE)) | P2: =IF(ISNA(VLOOKUP(業務内容と時間メモ!M116,業務内容と時間メモ!R$2:AI$9999,15,FALSE)),"",VLOOKUP(業務内容と時間メモ!M116,業務内容と時間メモ!R$2:AI$9999,15,FALSE)) | Q2: =IF(ISNA(VLOOKUP(業務内容と時間メモ!M116,業務内容と時間メモ!R$2:AI$9999,14,FALSE)),"",VLOOKUP(業務内容と時間メモ!M116,業務内容と時間メモ!R$2:AI$9999,14,FALSE)) | R2: =IF(ISNA(VLOOKUP(業務内容と時間メモ!M116,業務内容と時間メモ!R$2:AI$9999,16,FALSE)),"",VLOOKUP(業務内容と時間メモ!M116,業務内容と時間メモ!R$2:AI$9999,16,FALSE)) | S2: =IF(ISNA(VLOOKUP(業務内容と時間メモ!M116,業務内容と時間メモ!R$2:AI$9999,17,FALSE)),"",VLOOKUP(業務内容と時間メモ!M116,業務内容と時間メモ!R$2:AI$9999,17,FALSE)) | T2: =IF(SUMIFS(業務内容と時間メモ!E:E,業務内容と時間メモ!AB:AB,N2,業務内容と時間メモ!AD:AD,O2)=0,"",SUMIFS(業務内容と時間メモ!E:E,業務内容と時間メモ!AB:AB,N2,業務内容と時間メモ!AD:AD,O2)) | U2: =IF(SUMIFS(業務内容と時間メモ!F:F,業務内容と時間メモ!AB:AB,N2,業務内容と時間メモ!AD:AD,O2)=0,"",SUMIFS(業務内容と時間メモ!F:F,業務内容と時間メモ!AB:AB,N2,業務内容と時間メモ!AD:AD,O2))
A3: =IF(ISNA(VLOOKUP(K3,L3:S10000,3,FALSE)),"",VLOOKUP(K3,L2:S10000,3,FALSE)) -> 10 | B3: =IF(ISNA(VLOOKUP(K3,L3:S10000,5,FALSE)),"",VLOOKUP(K3,L2:S10000,5,FALSE)&"など") -> 舞洲1号など | C3: =IF(SUMIF(N:N,A3,U:U)=0,"",SUMIF(N:N,A3,U:U)) -> 112.75 | J3: =IF(O3="","",IF(OR(COUNTIF(O3,"*職場*"),COUNTIF(O3,"*後輩教育*")),"サブ","メイン")) -> メイン | K3: 左表に入れますねぇ1 | L3: =IF(M3="","",IF(COUNTIF(INDIRECT("M$1:M"&ROW()),"左表に入れますねぇ")>=1,"左表に入れますねぇ"&COUNTIF(INDIRECT("M$1:M"&ROW()),"左表に入れますねぇ"),"")) -> 左表に入れますねぇ1 | M3: =IF(N3="","",IF(COUNTIF(N$1:N3,N3)>1,"",IF(COUNTIF(N:N,N3)>=1,"左表に入れますねぇ",""))) -> 左表に入れますねぇ | N3: =IF(ISNA(VLOOKUP(業務内容と時間メモ!M2,業務内容と時間メモ!R$2:AI$9999,11,FALSE)),"",VLOOKUP(業務内容と時間メモ!M2,業務内容と時間メモ!R$2:AI$9999,11,FALSE)) -> 10 | O3: =IF(ISNA(VLOOKUP(業務内容と時間メモ!M2,業務内容と時間メモ!R$2:AI$9999,13,FALSE)),"",VLOOKUP(業務内容と時間メモ!M2,業務内容と時間メモ!R$2:AI$9999,13,FALSE)) -> 舞洲1号砂硅砂コンベヤ振止メ・上部サポート作図 | P3: =IF(ISNA(VLOOKUP(業務内容と時間メモ!M2,業務内容と時間メモ!R$2:AI$9999,15,FALSE)),"",VLOOKUP(業務内容と時間メモ!M2,業務内容と時間メモ!R$2:AI$9999,15,FALSE)) -> 舞洲1号 | Q3: =IF(ISNA(VLOOKUP(業務内容と時間メモ!M2,業務内容と時間メモ!R$2:AI$9999,14,FALSE)),"",VLOOKUP(業務内容と時間メモ!M2,業務内容と時間メモ!R$2:AI$9999,14,FALSE)) -> 砂硅砂コンベヤ振止メ・上部サポート作図 | R3: =IF(ISNA(VLOOKUP(業務内容と時間メモ!M2,業務内容と時間メモ!R$2:AI$9999,16,FALSE)),"",VLOOKUP(業務内容と時間メモ!M2,業務内容と時間メモ!R$2:AI$9999,16,FALSE)) | S3: =IF(ISNA(VLOOKUP(業務内容と時間メモ!M2,業務内容と時間メモ!R$2:AI$9999,17,FALSE)),"",VLOOKUP(業務内容と時間メモ!M2,業務内容と時間メモ!R$2:AI$9999,17,FALSE)) -> 砂硅砂コンベヤ振止メ・上部サポート | T3: =IF(SUMIFS(業務内容と時間メモ!E:E,業務内容と時間メモ!AB:AB,N3,業務内容と時間メモ!AD:AD,O3)=0,"",SUMIFS(業務内容と時間メモ!E:E,業務内容と時間メモ!AB:AB,N3,業務内容と時間メモ!AD:AD,O3)) | U3: =IF(SUMIFS(業務内容と時間メモ!F:F,業務内容と時間メモ!AB:AB,N3,業務内容と時間メモ!AD:AD,O3)=0,"",SUMIFS(業務内容と時間メモ!F:F,業務内容と時間メモ!AB:AB,N3,業務内容と時間メモ!AD:AD,O3)) -> 98.25
A4: =IF(ISNA(VLOOKUP(K4,L4:S10001,3,FALSE)),"",VLOOKUP(K4,L3:S10001,3,FALSE)) -> 12 | B4: =IF(ISNA(VLOOKUP(K4,L4:S10001,5,FALSE)),"",VLOOKUP(K4,L3:S10001,5,FALSE)&"など") -> 職場など | C4: =IF(SUMIF(N:N,A4,U:U)=0,"",SUMIF(N:N,A4,U:U)) -> 176 | J4: =IF(O4="","",IF(OR(COUNTIF(O4,"*職場*"),COUNTIF(O4,"*後輩教育*")),"サブ","メイン")) -> メイン | K4: 左表に入れますねぇ3 | L4: =IF(M4="","",IF(COUNTIF(INDIRECT("M$1:M"&ROW()),"左表に入れますねぇ")>=1,"左表に入れますねぇ"&COUNTIF(INDIRECT("M$1:M"&ROW()),"左表に入れますねぇ"),"")) | M4: =IF(N4="","",IF(COUNTIF(N$1:N4,N4)>1,"",IF(COUNTIF(N:N,N4)>=1,"左表に入れますねぇ",""))) | N4: =IF(ISNA(VLOOKUP(業務内容と時間メモ!M4,業務内容と時間メモ!R$2:AI$9999,11,FALSE)),"",VLOOKUP(業務内容と時間メモ!M4,業務内容と時間メモ!R$2:AI$9999,11,FALSE)) -> 10 | O4: =IF(ISNA(VLOOKUP(業務内容と時間メモ!M4,業務内容と時間メモ!R$2:AI$9999,13,FALSE)),"",VLOOKUP(業務内容と時間メモ!M4,業務内容と時間メモ!R$2:AI$9999,13,FALSE)) -> 舞洲1号灰移送コンベヤ上部サポート作図 | P4: =IF(ISNA(VLOOKUP(業務内容と時間メモ!M4,業務内容と時間メモ!R$2:AI$9999,15,FALSE)),"",VLOOKUP(業務内容と時間メモ!M4,業務内容と時間メモ!R$2:AI$9999,15,FALSE)) -> 舞洲1号 | Q4: =IF(ISNA(VLOOKUP(業務内容と時間メモ!M4,業務内容と時間メモ!R$2:AI$9999,14,FALSE)),"",VLOOKUP(業務内容と時間メモ!M4,業務内容と時間メモ!R$2:AI$9999,14,FALSE)) -> 灰移送コンベヤ上部サポート作図 | R4: =IF(ISNA(VLOOKUP(業務内容と時間メモ!M4,業務内容と時間メモ!R$2:AI$9999,16,FALSE)),"",VLOOKUP(業務内容と時間メモ!M4,業務内容と時間メモ!R$2:AI$9999,16,FALSE)) | S4: =IF(ISNA(VLOOKUP(業務内容と時間メモ!M4,業務内容と時間メモ!R$2:AI$9999,17,FALSE)),"",VLOOKUP(業務内容と時間メモ!M4,業務内容と時間メモ!R$2:AI$9999,17,FALSE)) -> 灰移送コンベヤ上部サポート | T4: =IF(SUMIFS(業務内容と時間メモ!E:E,業務内容と時間メモ!AB:AB,N4,業務内容と時間メモ!AD:AD,O4)=0,"",SUMIFS(業務内容と時間メモ!E:E,業務内容と時間メモ!AB:AB,N4,業務内容と時間メモ!AD:AD,O4)) | U4: =IF(SUMIFS(業務内容と時間メモ!F:F,業務内容と時間メモ!AB:AB,N4,業務内容と時間メモ!AD:AD,O4)=0,"",SUMIFS(業務内容と時間メモ!F:F,業務内容と時間メモ!AB:AB,N4,業務内容と時間メモ!AD:AD,O4)) -> 6.75
A5: =IF(ISNA(VLOOKUP(K5,L5:S10002,3,FALSE)),"",VLOOKUP(K5,L4:S10002,3,FALSE)) -> 4 | B5: =IF(ISNA(VLOOKUP(K5,L5:S10002,5,FALSE)),"",VLOOKUP(K5,L4:S10002,5,FALSE)&"など") -> 東プラ2号など | C5: =IF(SUMIF(N:N,A5,U:U)=0,"",SUMIF(N:N,A5,U:U)) -> 160.75 | J5: =IF(O5="","",IF(OR(COUNTIF(O5,"*職場*"),COUNTIF(O5,"*後輩教育*")),"サブ","メイン")) -> メイン | K5: 左表に入れますねぇ7 | L5: =IF(M5="","",IF(COUNTIF(INDIRECT("M$1:M"&ROW()),"左表に入れますねぇ")>=1,"左表に入れますねぇ"&COUNTIF(INDIRECT("M$1:M"&ROW()),"左表に入れますねぇ"),"")) -> 左表に入れますねぇ2 | M5: =IF(N5="","",IF(COUNTIF(N$1:N5,N5)>1,"",IF(COUNTIF(N:N,N5)>=1,"左表に入れますねぇ",""))) -> 左表に入れますねぇ | N5: =IF(ISNA(VLOOKUP(業務内容と時間メモ!M8,業務内容と時間メモ!R$2:AI$9999,11,FALSE)),"",VLOOKUP(業務内容と時間メモ!M8,業務内容と時間メモ!R$2:AI$9999,11,FALSE)) -> 11 | O5: =IF(ISNA(VLOOKUP(業務内容と時間メモ!M8,業務内容と時間メモ!R$2:AI$9999,13,FALSE)),"",VLOOKUP(業務内容と時間メモ!M8,業務内容と時間メモ!R$2:AI$9999,13,FALSE)) -> 舞洲1号流動ブロワ用ホイストレール作図 | P5: =IF(ISNA(VLOOKUP(業務内容と時間メモ!M8,業務内容と時間メモ!R$2:AI$9999,15,FALSE)),"",VLOOKUP(業務内容と時間メモ!M8,業務内容と時間メモ!R$2:AI$9999,15,FALSE)) -> 舞洲1号 | Q5: =IF(ISNA(VLOOKUP(業務内容と時間メモ!M8,業務内容と時間メモ!R$2:AI$9999,14,FALSE)),"",VLOOKUP(業務内容と時間メモ!M8,業務内容と時間メモ!R$2:AI$9999,14,FALSE)) -> 流動ブロワ用ホイストレール作図 | R5: =IF(ISNA(VLOOKUP(業務内容と時間メモ!M8,業務内容と時間メモ!R$2:AI$9999,16,FALSE)),"",VLOOKUP(業務内容と時間メモ!M8,業務内容と時間メモ!R$2:AI$9999,16,FALSE)) | S5: =IF(ISNA(VLOOKUP(業務内容と時間メモ!M8,業務内容と時間メモ!R$2:AI$9999,17,FALSE)),"",VLOOKUP(業務内容と時間メモ!M8,業務内容と時間メモ!R$2:AI$9999,17,FALSE)) -> 流動ブロワ用ホイストレール | T5: =IF(SUMIFS(業務内容と時間メモ!E:E,業務内容と時間メモ!AB:AB,N5,業務内容と時間メモ!AD:AD,O5)=0,"",SUMIFS(業務内容と時間メモ!E:E,業務内容と時間メモ!AB:AB,N5,業務内容と時間メモ!AD:AD,O5)) | U5: =IF(SUMIFS(業務内容と時間メモ!F:F,業務内容と時間メモ!AB:AB,N5,業務内容と時間メモ!AD:AD,O5)=0,"",SUMIFS(業務内容と時間メモ!F:F,業務内容と時間メモ!AB:AB,N5,業務内容と時間メモ!AD:AD,O5)) -> 8.75
A6: =IF(ISNA(VLOOKUP(K6,L6:S10003,3,FALSE)),"",VLOOKUP(K6,L5:S10003,3,FALSE)) -> 2 | B6: =IF(ISNA(VLOOKUP(K6,L6:S10003,5,FALSE)),"",VLOOKUP(K6,L5:S10003,5,FALSE)&"など") -> 舞洲1号など | C6: =IF(SUMIF(N:N,A6,U:U)=0,"",SUMIF(N:N,A6,U:U)) -> 154.25 | J6: =IF(O6="","",IF(OR(COUNTIF(O6,"*職場*"),COUNTIF(O6,"*後輩教育*")),"サブ","メイン")) -> メイン | K6: 左表に入れますねぇ5 | L6: =IF(M6="","",IF(COUNTIF(INDIRECT("M$1:M"&ROW()),"左表に入れますねぇ")>=1,"左表に入れますねぇ"&COUNTIF(INDIRECT("M$1:M"&ROW()),"左表に入れますねぇ"),"")) | M6: =IF(N6="","",IF(COUNTIF(N$1:N6,N6)>1,"",IF(COUNTIF(N:N,N6)>=1,"左表に入れますねぇ",""))) | N6: =IF(ISNA(VLOOKUP(業務内容と時間メモ!M6,業務内容と時間メモ!R$2:AI$9999,11,FALSE)),"",VLOOKUP(業務内容と時間メモ!M6,業務内容と時間メモ!R$2:AI$9999,11,FALSE)) -> 11 | O6: =IF(ISNA(VLOOKUP(業務内容と時間メモ!M6,業務内容と時間メモ!R$2:AI$9999,13,FALSE)),"",VLOOKUP(業務内容と時間メモ!M6,業務内容と時間メモ!R$2:AI$9999,13,FALSE)) -> 舞洲1号乾燥スクラバ・乾燥排ガスファン用ホイストレール作図 | P6: =IF(ISNA(VLOOKUP(業務内容と時間メモ!M6,業務内容と時間メモ!R$2:AI$9999,15,FALSE)),"",VLOOKUP(業務内容と時間メモ!M6,業務内容と時間メモ!R$2:AI$9999,15,FALSE)) -> 舞洲1号 | Q6: =IF(ISNA(VLOOKUP(業務内容と時間メモ!M6,業務内容と時間メモ!R$2:AI$9999,14,FALSE)),"",VLOOKUP(業務内容と時間メモ!M6,業務内容と時間メモ!R$2:AI$9999,14,FALSE)) -> 乾燥スクラバ・乾燥排ガスファン用ホイストレール作図 | R6: =IF(ISNA(VLOOKUP(業務内容と時間メモ!M6,業務内容と時間メモ!R$2:AI$9999,16,FALSE)),"",VLOOKUP(業務内容と時間メモ!M6,業務内容と時間メモ!R$2:AI$9999,16,FALSE)) | S6: =IF(ISNA(VLOOKUP(業務内容と時間メモ!M6,業務内容と時間メモ!R$2:AI$9999,17,FALSE)),"",VLOOKUP(業務内容と時間メモ!M6,業務内容と時間メモ!R$2:AI$9999,17,FALSE)) -> 乾燥スクラバ・乾燥排ガスファン用ホイストレール | T6: =IF(SUMIFS(業務内容と時間メモ!E:E,業務内容と時間メモ!AB:AB,N6,業務内容と時間メモ!AD:AD,O6)=0,"",SUMIFS(業務内容と時間メモ!E:E,業務内容と時間メモ!AB:AB,N6,業務内容と時間メモ!AD:AD,O6)) | U6: =IF(SUMIFS(業務内容と時間メモ!F:F,業務内容と時間メモ!AB:AB,N6,業務内容と時間メモ!AD:AD,O6)=0,"",SUMIFS(業務内容と時間メモ!F:F,業務内容と時間メモ!AB:AB,N6,業務内容と時間メモ!AD:AD,O6)) -> 10.25
A7: =IF(ISNA(VLOOKUP(K7,L7:S10004,3,FALSE)),"",VLOOKUP(K7,L6:S10004,3,FALSE)) -> 3 | B7: =IF(ISNA(VLOOKUP(K7,L7:S10004,5,FALSE)),"",VLOOKUP(K7,L6:S10004,5,FALSE)&"など") -> 東プラ2号など | C7: =IF(SUMIF(N:N,A7,U:U)=0,"",SUMIF(N:N,A7,U:U)) -> 159.25 | J7: =IF(O7="","",IF(OR(COUNTIF(O7,"*職場*"),COUNTIF(O7,"*後輩教育*")),"サブ","メイン")) -> メイン | K7: 左表に入れますねぇ6 | L7: =IF(M7="","",IF(COUNTIF(INDIRECT("M$1:M"&ROW()),"左表に入れますねぇ")>=1,"左表に入れますねぇ"&COUNTIF(INDIRECT("M$1:M"&ROW()),"左表に入れますねぇ"),"")) | M7: =IF(N7="","",IF(COUNTIF(N$1:N7,N7)>1,"",IF(COUNTIF(N:N,N7)>=1,"左表に入れますねぇ",""))) | N7: =IF(ISNA(VLOOKUP(業務内容と時間メモ!M7,業務内容と時間メモ!R$2:AI$9999,11,FALSE)),"",VLOOKUP(業務内容と時間メモ!M7,業務内容と時間メモ!R$2:AI$9999,11,FALSE)) -> 11 | O7: =IF(ISNA(VLOOKUP(業務内容と時間メモ!M7,業務内容と時間メモ!R$2:AI$9999,13,FALSE)),"",VLOOKUP(業務内容と時間メモ!M7,業務内容と時間メモ!R$2:AI$9999,13,FALSE)) -> 南プラ7号防液提用渡り歩廊用ブラケット作図 | P7: =IF(ISNA(VLOOKUP(業務内容と時間メモ!M7,業務内容と時間メモ!R$2:AI$9999,15,FALSE)),"",VLOOKUP(業務内容と時間メモ!M7,業務内容と時間メモ!R$2:AI$9999,15,FALSE)) -> 南プラ7号 | Q7: =IF(ISNA(VLOOKUP(業務内容と時間メモ!M7,業務内容と時間メモ!R$2:AI$9999,14,FALSE)),"",VLOOKUP(業務内容と時間メモ!M7,業務内容と時間メモ!R$2:AI$9999,14,FALSE)) -> 防液提用渡り歩廊用ブラケット作図 | R7: =IF(ISNA(VLOOKUP(業務内容と時間メモ!M7,業務内容と時間メモ!R$2:AI$9999,16,FALSE)),"",VLOOKUP(業務内容と時間メモ!M7,業務内容と時間メモ!R$2:AI$9999,16,FALSE)) | S7: =IF(ISNA(VLOOKUP(業務内容と時間メモ!M7,業務内容と時間メモ!R$2:AI$9999,17,FALSE)),"",VLOOKUP(業務内容と時間メモ!M7,業務内容と時間メモ!R$2:AI$9999,17,FALSE)) -> 防液提用渡り歩廊用ブラケット | T7: =IF(SUMIFS(業務内容と時間メモ!E:E,業務内容と時間メモ!AB:AB,N7,業務内容と時間メモ!AD:AD,O7)=0,"",SUMIFS(業務内容と時間メモ!E:E,業務内容と時間メモ!AB:AB,N7,業務内容と時間メモ!AD:AD,O7)) | U7: =IF(SUMIFS(業務内容と時間メモ!F:F,業務内容と時間メモ!AB:AB,N7,業務内容と時間メモ!AD:AD,O7)=0,"",SUMIFS(業務内容と時間メモ!F:F,業務内容と時間メモ!AB:AB,N7,業務内容と時間メモ!AD:AD,O7)) -> 17
A8: =IF(ISNA(VLOOKUP(K8,L8:S10005,3,FALSE)),"",VLOOKUP(K8,L7:S10005,3,FALSE)) | B8: =IF(ISNA(VLOOKUP(K8,L8:S10005,5,FALSE)),"",VLOOKUP(K8,L7:S10005,5,FALSE)&"など") | C8: =IF(SUMIF(N:N,A8,U:U)=0,"",SUMIF(N:N,A8,U:U)) | J8: =IF(O8="","",IF(OR(COUNTIF(O8,"*職場*"),COUNTIF(O8,"*後輩教育*")),"サブ","メイン")) -> メイン | K8: 左表に入れますねぇ2 | L8: =IF(M8="","",IF(COUNTIF(INDIRECT("M$1:M"&ROW()),"左表に入れますねぇ")>=1,"左表に入れますねぇ"&COUNTIF(INDIRECT("M$1:M"&ROW()),"左表に入れますねぇ"),"")) | M8: =IF(N8="","",IF(COUNTIF(N$1:N8,N8)>1,"",IF(COUNTIF(N:N,N8)>=1,"左表に入れますねぇ",""))) | N8: =IF(ISNA(VLOOKUP(業務内容と時間メモ!M3,業務内容と時間メモ!R$2:AI$9999,11,FALSE)),"",VLOOKUP(業務内容と時間メモ!M3,業務内容と時間メモ!R$2:AI$9999,11,FALSE)) -> 10 | O8: =IF(ISNA(VLOOKUP(業務内容と時間メモ!M3,業務内容と時間メモ!R$2:AI$9999,13,FALSE)),"",VLOOKUP(業務内容と時間メモ!M3,業務内容と時間メモ!R$2:AI$9999,13,FALSE)) -> 舞洲1号乾燥ケーキ振止メ・上部サポート作図 | P8: =IF(ISNA(VLOOKUP(業務内容と時間メモ!M3,業務内容と時間メモ!R$2:AI$9999,15,FALSE)),"",VLOOKUP(業務内容と時間メモ!M3,業務内容と時間メモ!R$2:AI$9999,15,FALSE)) -> 舞洲1号 | Q8: =IF(ISNA(VLOOKUP(業務内容と時間メモ!M3,業務内容と時間メモ!R$2:AI$9999,14,FALSE)),"",VLOOKUP(業務内容と時間メモ!M3,業務内容と時間メモ!R$2:AI$9999,14,FALSE)) -> 乾燥ケーキ振止メ・上部サポート作図 | R8: =IF(ISNA(VLOOKUP(業務内容と時間メモ!M3,業務内容と時間メモ!R$2:AI$9999,16,FALSE)),"",VLOOKUP(業務内容と時間メモ!M3,業務内容と時間メモ!R$2:AI$9999,16,FALSE)) | S8: =IF(ISNA(VLOOKUP(業務内容と時間メモ!M3,業務内容と時間メモ!R$2:AI$9999,17,FALSE)),"",VLOOKUP(業務内容と時間メモ!M3,業務内容と時間メモ!R$2:AI$9999,17,FALSE)) -> 乾燥ケーキ振止メ・上部サポート | T8: =IF(SUMIFS(業務内容と時間メモ!E:E,業務内容と時間メモ!AB:AB,N8,業務内容と時間メモ!AD:AD,O8)=0,"",SUMIFS(業務内容と時間メモ!E:E,業務内容と時間メモ!AB:AB,N8,業務内容と時間メモ!AD:AD,O8)) | U8: =IF(SUMIFS(業務内容と時間メモ!F:F,業務内容と時間メモ!AB:AB,N8,業務内容と時間メモ!AD:AD,O8)=0,"",SUMIFS(業務内容と時間メモ!F:F,業務内容と時間メモ!AB:AB,N8,業務内容と時間メモ!AD:AD,O8)) -> 7.75
A9: =IF(ISNA(VLOOKUP(K9,L9:S10006,3,FALSE)),"",VLOOKUP(K9,L8:S10006,3,FALSE)) -> 5 | B9: =IF(ISNA(VLOOKUP(K9,L9:S10006,5,FALSE)),"",VLOOKUP(K9,L8:S10006,5,FALSE)&"など") -> 舞洲1号など | C9: =IF(SUMIF(N:N,A9,U:U)=0,"",SUMIF(N:N,A9,U:U)) -> 147.25 | J9: =IF(O9="","",IF(OR(COUNTIF(O9,"*職場*"),COUNTIF(O9,"*後輩教育*")),"サブ","メイン")) -> サブ | K9: 左表に入れますねぇ8 | L9: =IF(M9="","",IF(COUNTIF(INDIRECT("M$1:M"&ROW()),"左表に入れますねぇ")>=1,"左表に入れますねぇ"&COUNTIF(INDIRECT("M$1:M"&ROW()),"左表に入れますねぇ"),"")) | M9: =IF(N9="","",IF(COUNTIF(N$1:N9,N9)>1,"",IF(COUNTIF(N:N,N9)>=1,"左表に入れますねぇ",""))) | N9: =IF(ISNA(VLOOKUP(業務内容と時間メモ!M9,業務内容と時間メモ!R$2:AI$9999,11,FALSE)),"",VLOOKUP(業務内容と時間メモ!M9,業務内容と時間メモ!R$2:AI$9999,11,FALSE)) -> 11 | O9: =IF(ISNA(VLOOKUP(業務内容と時間メモ!M9,業務内容と時間メモ!R$2:AI$9999,13,FALSE)),"",VLOOKUP(業務内容と時間メモ!M9,業務内容と時間メモ!R$2:AI$9999,13,FALSE)) -> 職場自分のデスク回り整理整頓/清掃 | P9: =IF(ISNA(VLOOKUP(業務内容と時間メモ!M9,業務内容と時間メモ!R$2:AI$9999,15,FALSE)),"",VLOOKUP(業務内容と時間メモ!M9,業務内容と時間メモ!R$2:AI$9999,15,FALSE)) -> 職場 | Q9: =IF(ISNA(VLOOKUP(業務内容と時間メモ!M9,業務内容と時間メモ!R$2:AI$9999,14,FALSE)),"",VLOOKUP(業務内容と時間メモ!M9,業務内容と時間メモ!R$2:AI$9999,14,FALSE)) -> 自分のデスク回り整理整頓/清掃 | R9: =IF(ISNA(VLOOKUP(業務内容と時間メモ!M9,業務内容と時間メモ!R$2:AI$9999,16,FALSE)),"",VLOOKUP(業務内容と時間メモ!M9,業務内容と時間メモ!R$2:AI$9999,16,FALSE)) | S9: =IF(ISNA(VLOOKUP(業務内容と時間メモ!M9,業務内容と時間メモ!R$2:AI$9999,17,FALSE)),"",VLOOKUP(業務内容と時間メモ!M9,業務内容と時間メモ!R$2:AI$9999,17,FALSE)) -> 自分のデスク回り | T9: =IF(SUMIFS(業務内容と時間メモ!E:E,業務内容と時間メモ!AB:AB,N9,業務内容と時間メモ!AD:AD,O9)=0,"",SUMIFS(業務内容と時間メモ!E:E,業務内容と時間メモ!AB:AB,N9,業務内容と時間メモ!AD:AD,O9)) | U9: =IF(SUMIFS(業務内容と時間メモ!F:F,業務内容と時間メモ!AB:AB,N9,業務内容と時間メモ!AD:AD,O9)=0,"",SUMIFS(業務内容と時間メモ!F:F,業務内容と時間メモ!AB:AB,N9,業務内容と時間メモ!AD:AD,O9)) -> 1
A10: =IF(ISNA(VLOOKUP(K10,L10:S10007,3,FALSE)),"",VLOOKUP(K10,L9:S10007,3,FALSE)) -> 6 | B10: =IF(ISNA(VLOOKUP(K10,L10:S10007,5,FALSE)),"",VLOOKUP(K10,L9:S10007,5,FALSE)&"など") -> 舞洲1号など | C10: =IF(SUMIF(N:N,A10,U:U)=0,"",SUMIF(N:N,A10,U:U)) -> 163.75 | J10: =IF(O10="","",IF(OR(COUNTIF(O10,"*職場*"),COUNTIF(O10,"*後輩教育*")),"サブ","メイン")) -> メイン | K10: 左表に入れますねぇ9 | L10: =IF(M10="","",IF(COUNTIF(INDIRECT("M$1:M"&ROW()),"左表に入れますねぇ")>=1,"左表に入れますねぇ"&COUNTIF(INDIRECT("M$1:M"&ROW()),"左表に入れますねぇ"),"")) | M10: =IF(N10="","",IF(COUNTIF(N$1:N10,N10)>1,"",IF(COUNTIF(N:N,N10)>=1,"左表に入れますねぇ",""))) | N10: =IF(ISNA(VLOOKUP(業務内容と時間メモ!M10,業務内容と時間メモ!R$2:AI$9999,11,FALSE)),"",VLOOKUP(業務内容と時間メモ!M10,業務内容と時間メモ!R$2:AI$9999,11,FALSE)) -> 11 | O10: =IF(ISNA(VLOOKUP(業務内容と時間メモ!M10,業務内容と時間メモ!R$2:AI$9999,13,FALSE)),"",VLOOKUP(業務内容と時間メモ!M10,業務内容と時間メモ!R$2:AI$9999,13,FALSE)) -> 舞洲1号上部サポート・振止メ複数修正 | P10: =IF(ISNA(VLOOKUP(業務内容と時間メモ!M10,業務内容と時間メモ!R$2:AI$9999,15,FALSE)),"",VLOOKUP(業務内容と時間メモ!M10,業務内容と時間メモ!R$2:AI$9999,15,FALSE)) -> 舞洲1号 | Q10: =IF(ISNA(VLOOKUP(業務内容と時間メモ!M10,業務内容と時間メモ!R$2:AI$9999,14,FALSE)),"",VLOOKUP(業務内容と時間メモ!M10,業務内容と時間メモ!R$2:AI$9999,14,FALSE)) -> 上部サポート・振止メ複数修正 | R10: =IF(ISNA(VLOOKUP(業務内容と時間メモ!M10,業務内容と時間メモ!R$2:AI$9999,16,FALSE)),"",VLOOKUP(業務内容と時間メモ!M10,業務内容と時間メモ!R$2:AI$9999,16,FALSE)) | S10: =IF(ISNA(VLOOKUP(業務内容と時間メモ!M10,業務内容と時間メモ!R$2:AI$9999,17,FALSE)),"",VLOOKUP(業務内容と時間メモ!M10,業務内容と時間メモ!R$2:AI$9999,17,FALSE)) -> 上部サポート・振止メ複数 | T10: =IF(SUMIFS(業務内容と時間メモ!E:E,業務内容と時間メモ!AB:AB,N10,業務内容と時間メモ!AD:AD,O10)=0,"",SUMIFS(業務内容と時間メモ!E:E,業務内容と時間メモ!AB:AB,N10,業務内容と時間メモ!AD:AD,O10)) | U10: =IF(SUMIFS(業務内容と時間メモ!F:F,業務内容と時間メモ!AB:AB,N10,業務内容と時間メモ!AD:AD,O10)=0,"",SUMIFS(業務内容と時間メモ!F:F,業務内容と時間メモ!AB:AB,N10,業務内容と時間メモ!AD:AD,O10)) -> 1.75
A11: =IF(ISNA(VLOOKUP(K11,L11:S10008,3,FALSE)),"",VLOOKUP(K11,L10:S10008,3,FALSE)) -> 7 | B11: =IF(ISNA(VLOOKUP(K11,L11:S10008,5,FALSE)),"",VLOOKUP(K11,L10:S10008,5,FALSE)&"など") -> 新河岸5号など | C11: =IF(SUMIF(N:N,A11,U:U)=0,"",SUMIF(N:N,A11,U:U)) -> 177.25 | J11: =IF(O11="","",IF(OR(COUNTIF(O11,"*職場*"),COUNTIF(O11,"*後輩教育*")),"サブ","メイン")) -> メイン | K11: 左表に入れますねぇ10 | L11: =IF(M11="","",IF(COUNTIF(INDIRECT("M$1:M"&ROW()),"左表に入れますねぇ")>=1,"左表に入れますねぇ"&COUNTIF(INDIRECT("M$1:M"&ROW()),"左表に入れますねぇ"),"")) | M11: =IF(N11="","",IF(COUNTIF(N$1:N11,N11)>1,"",IF(COUNTIF(N:N,N11)>=1,"左表に入れますねぇ",""))) | N11: =IF(ISNA(VLOOKUP(業務内容と時間メモ!M11,業務内容と時間メモ!R$2:AI$9999,11,FALSE)),"",VLOOKUP(業務内容と時間メモ!M11,業務内容と時間メモ!R$2:AI$9999,11,FALSE)) -> 11 | O11: =IF(ISNA(VLOOKUP(業務内容と時間メモ!M11,業務内容と時間メモ!R$2:AI$9999,13,FALSE)),"",VLOOKUP(業務内容と時間メモ!M11,業務内容と時間メモ!R$2:AI$9999,13,FALSE)) -> 舞洲1号乾燥ガス循環ファン用ホイストレール作図 | P11: =IF(ISNA(VLOOKUP(業務内容と時間メモ!M11,業務内容と時間メモ!R$2:AI$9999,15,FALSE)),"",VLOOKUP(業務内容と時間メモ!M11,業務内容と時間メモ!R$2:AI$9999,15,FALSE)) -> 舞洲1号 | Q11: =IF(ISNA(VLOOKUP(業務内容と時間メモ!M11,業務内容と時間メモ!R$2:AI$9999,14,FALSE)),"",VLOOKUP(業務内容と時間メモ!M11,業務内容と時間メモ!R$2:AI$9999,14,FALSE)) -> 乾燥ガス循環ファン用ホイストレール作図 | R11: =IF(ISNA(VLOOKUP(業務内容と時間メモ!M11,業務内容と時間メモ!R$2:AI$9999,16,FALSE)),"",VLOOKUP(業務内容と時間メモ!M11,業務内容と時間メモ!R$2:AI$9999,16,FALSE)) | S11: =IF(ISNA(VLOOKUP(業務内容と時間メモ!M11,業務内容と時間メモ!R$2:AI$9999,17,FALSE)),"",VLOOKUP(業務内容と時間メモ!M11,業務内容と時間メモ!R$2:AI$9999,17,FALSE)) -> 乾燥ガス循環ファン用ホイストレール | T11: =IF(SUMIFS(業務内容と時間メモ!E:E,業務内容と時間メモ!AB:AB,N11,業務内容と時間メモ!AD:AD,O11)=0,"",SUMIFS(業務内容と時間メモ!E:E,業務内容と時間メモ!AB:AB,N11,業務内容と時間メモ!AD:AD,O11)) | U11: =IF(SUMIFS(業務内容と時間メモ!F:F,業務内容と時間メモ!AB:AB,N11,業務内容と時間メモ!AD:AD,O11)=0,"",SUMIFS(業務内容と時間メモ!F:F,業務内容と時間メモ!AB:AB,N11,業務内容と時間メモ!AD:AD,O11)) -> 6.75
A12: =IF(ISNA(VLOOKUP(K12,L12:S10009,3,FALSE)),"",VLOOKUP(K12,L11:S10009,3,FALSE)) -> 8 | B12: =IF(ISNA(VLOOKUP(K12,L12:S10009,5,FALSE)),"",VLOOKUP(K12,L11:S10009,5,FALSE)&"など") -> 仙塩浄化センターなど | C12: =IF(SUMIF(N:N,A12,U:U)=0,"",SUMIF(N:N,A12,U:U)) -> 124 | J12: =IF(O12="","",IF(OR(COUNTIF(O12,"*職場*"),COUNTIF(O12,"*後輩教育*")),"サブ","メイン")) -> メイン | K12: 左表に入れますねぇ11 | L12: =IF(M12="","",IF(COUNTIF(INDIRECT("M$1:M"&ROW()),"左表に入れますねぇ")>=1,"左表に入れますねぇ"&COUNTIF(INDIRECT("M$1:M"&ROW()),"左表に入れますねぇ"),"")) | M12: =IF(N12="","",IF(COUNTIF(N$1:N12,N12)>1,"",IF(COUNTIF(N:N,N12)>=1,"左表に入れますねぇ",""))) | N12: =IF(ISNA(VLOOKUP(業務内容と時間メモ!M12,業務内容と時間メモ!R$2:AI$9999,11,FALSE)),"",VLOOKUP(業務内容と時間メモ!M12,業務内容と時間メモ!R$2:AI$9999,11,FALSE)) -> 11 | O12: =IF(ISNA(VLOOKUP(業務内容と時間メモ!M12,業務内容と時間メモ!R$2:AI$9999,13,FALSE)),"",VLOOKUP(業務内容と時間メモ!M12,業務内容と時間メモ!R$2:AI$9999,13,FALSE)) -> 舞洲1号バーナファン用ホイストレール作図 | P12: =IF(ISNA(VLOOKUP(業務内容と時間メモ!M12,業務内容と時間メモ!R$2:AI$9999,15,FALSE)),"",VLOOKUP(業務内容と時間メモ!M12,業務内容と時間メモ!R$2:AI$9999,15,FALSE)) -> 舞洲1号 | Q12: =IF(ISNA(VLOOKUP(業務内容と時間メモ!M12,業務内容と時間メモ!R$2:AI$9999,14,FALSE)),"",VLOOKUP(業務内容と時間メモ!M12,業務内容と時間メモ!R$2:AI$9999,14,FALSE)) -> バーナファン用ホイストレール作図 | R12: =IF(ISNA(VLOOKUP(業務内容と時間メモ!M12,業務内容と時間メモ!R$2:AI$9999,16,FALSE)),"",VLOOKUP(業務内容と時間メモ!M12,業務内容と時間メモ!R$2:AI$9999,16,FALSE)) | S12: =IF(ISNA(VLOOKUP(業務内容と時間メモ!M12,業務内容と時間メモ!R$2:AI$9999,17,FALSE)),"",VLOOKUP(業務内容と時間メモ!M12,業務内容と時間メモ!R$2:AI$9999,17,FALSE)) -> バーナファン用ホイストレール | T12: =IF(SUMIFS(業務内容と時間メモ!E:E,業務内容と時間メモ!AB:AB,N12,業務内容と時間メモ!AD:AD,O12)=0,"",SUMIFS(業務内容と時間メモ!E:E,業務内容と時間メモ!AB:AB,N12,業務内容と時間メモ!AD:AD,O12)) | U12: =IF(SUMIFS(業務内容と時間メモ!F:F,業務内容と時間メモ!AB:AB,N12,業務内容と時間メモ!AD:AD,O12)=0,"",SUMIFS(業務内容と時間メモ!F:F,業務内容と時間メモ!AB:AB,N12,業務内容と時間メモ!AD:AD,O12)) -> 7.75
A13: =IF(ISNA(VLOOKUP(K13,L13:S10010,3,FALSE)),"",VLOOKUP(K13,L12:S10010,3,FALSE)) -> 9 | B13: =IF(ISNA(VLOOKUP(K13,L13:S10010,5,FALSE)),"",VLOOKUP(K13,L12:S10010,5,FALSE)&"など") -> 新河岸5号など | C13: =IF(SUMIF(N:N,A13,U:U)=0,"",SUMIF(N:N,A13,U:U)) -> 54.25 | J13: =IF(O13="","",IF(OR(COUNTIF(O13,"*職場*"),COUNTIF(O13,"*後輩教育*")),"サブ","メイン")) -> メイン | K13: 左表に入れますねぇ12 | L13: =IF(M13="","",IF(COUNTIF(INDIRECT("M$1:M"&ROW()),"左表に入れますねぇ")>=1,"左表に入れますねぇ"&COUNTIF(INDIRECT("M$1:M"&ROW()),"左表に入れますねぇ"),"")) | M13: =IF(N13="","",IF(COUNTIF(N$1:N13,N13)>1,"",IF(COUNTIF(N:N,N13)>=1,"左表に入れますねぇ",""))) | N13: =IF(ISNA(VLOOKUP(業務内容と時間メモ!M13,業務内容と時間メモ!R$2:AI$9999,11,FALSE)),"",VLOOKUP(業務内容と時間メモ!M13,業務内容と時間メモ!R$2:AI$9999,11,FALSE)) -> 11 | O13: =IF(ISNA(VLOOKUP(業務内容と時間メモ!M13,業務内容と時間メモ!R$2:AI$9999,13,FALSE)),"",VLOOKUP(業務内容と時間メモ!M13,業務内容と時間メモ!R$2:AI$9999,13,FALSE)) -> 舞洲1号メインバーナ/熱風炉 配管ユニット作図 | P13: =IF(ISNA(VLOOKUP(業務内容と時間メモ!M13,業務内容と時間メモ!R$2:AI$9999,15,FALSE)),"",VLOOKUP(業務内容と時間メモ!M13,業務内容と時間メモ!R$2:AI$9999,15,FALSE)) -> 舞洲1号 | Q13: =IF(ISNA(VLOOKUP(業務内容と時間メモ!M13,業務内容と時間メモ!R$2:AI$9999,14,FALSE)),"",VLOOKUP(業務内容と時間メモ!M13,業務内容と時間メモ!R$2:AI$9999,14,FALSE)) -> メインバーナ/熱風炉 配管ユニット作図 | R13: =IF(ISNA(VLOOKUP(業務内容と時間メモ!M13,業務内容と時間メモ!R$2:AI$9999,16,FALSE)),"",VLOOKUP(業務内容と時間メモ!M13,業務内容と時間メモ!R$2:AI$9999,16,FALSE)) | S13: =IF(ISNA(VLOOKUP(業務内容と時間メモ!M13,業務内容と時間メモ!R$2:AI$9999,17,FALSE)),"",VLOOKUP(業務内容と時間メモ!M13,業務内容と時間メモ!R$2:AI$9999,17,FALSE)) -> メインバーナ/熱風炉 配管ユニット | T13: =IF(SUMIFS(業務内容と時間メモ!E:E,業務内容と時間メモ!AB:AB,N13,業務内容と時間メモ!AD:AD,O13)=0,"",SUMIFS(業務内容と時間メモ!E:E,業務内容と時間メモ!AB:AB,N13,業務内容と時間メモ!AD:AD,O13)) | U13: =IF(SUMIFS(業務内容と時間メモ!F:F,業務内容と時間メモ!AB:AB,N13,業務内容と時間メモ!AD:AD,O13)=0,"",SUMIFS(業務内容と時間メモ!F:F,業務内容と時間メモ!AB:AB,N13,業務内容と時間メモ!AD:AD,O13)) -> 10.25
A14: =IF(ISNA(VLOOKUP(K14,L14:S10011,3,FALSE)),"",VLOOKUP(K14,L13:S10011,3,FALSE)) | B14: =IF(ISNA(VLOOKUP(K14,L14:S10011,5,FALSE)),"",VLOOKUP(K14,L13:S10011,5,FALSE)&"など") | C14: =IF(SUMIF(N:N,A14,U:U)=0,"",SUMIF(N:N,A14,U:U)) | J14: =IF(O14="","",IF(OR(COUNTIF(O14,"*職場*"),COUNTIF(O14,"*後輩教育*")),"サブ","メイン")) -> メイン | K14: 左表に入れますねぇ13 | L14: =IF(M14="","",IF(COUNTIF(INDIRECT("M$1:M"&ROW()),"左表に入れますねぇ")>=1,"左表に入れますねぇ"&COUNTIF(INDIRECT("M$1:M"&ROW()),"左表に入れますねぇ"),"")) | M14: =IF(N14="","",IF(COUNTIF(N$1:N14,N14)>1,"",IF(COUNTIF(N:N,N14)>=1,"左表に入れますねぇ",""))) | N14: =IF(ISNA(VLOOKUP(業務内容と時間メモ!M14,業務内容と時間メモ!R$2:AI$9999,11,FALSE)),"",VLOOKUP(業務内容と時間メモ!M14,業務内容と時間メモ!R$2:AI$9999,11,FALSE)) -> 11 | O14: =IF(ISNA(VLOOKUP(業務内容と時間メモ!M14,業務内容と時間メモ!R$2:AI$9999,13,FALSE)),"",VLOOKUP(業務内容と時間メモ!M14,業務内容と時間メモ!R$2:AI$9999,13,FALSE)) -> 舞洲1号仕舞板詳細図作図 | P14: =IF(ISNA(VLOOKUP(業務内容と時間メモ!M14,業務内容と時間メモ!R$2:AI$9999,15,FALSE)),"",VLOOKUP(業務内容と時間メモ!M14,業務内容と時間メモ!R$2:AI$9999,15,FALSE)) -> 舞洲1号 | Q14: =IF(ISNA(VLOOKUP(業務内容と時間メモ!M14,業務内容と時間メモ!R$2:AI$9999,14,FALSE)),"",VLOOKUP(業務内容と時間メモ!M14,業務内容と時間メモ!R$2:AI$9999,14,FALSE)) -> 仕舞板詳細図作図 | R14: =IF(ISNA(VLOOKUP(業務内容と時間メモ!M14,業務内容と時間メモ!R$2:AI$9999,16,FALSE)),"",VLOOKUP(業務内容と時間メモ!M14,業務内容と時間メモ!R$2:AI$9999,16,FALSE)) | S14: =IF(ISNA(VLOOKUP(業務内容と時間メモ!M14,業務内容と時間メモ!R$2:AI$9999,17,FALSE)),"",VLOOKUP(業務内容と時間メモ!M14,業務内容と時間メモ!R$2:AI$9999,17,FALSE)) -> 仕舞板詳細図 | T14: =IF(SUMIFS(業務内容と時間メモ!E:E,業務内容と時間メモ!AB:AB,N14,業務内容と時間メモ!AD:AD,O14)=0,"",SUMIFS(業務内容と時間メモ!E:E,業務内容と時間メモ!AB:AB,N14,業務内容と時間メモ!AD:AD,O14)) | U14: =IF(SUMIFS(業務内容と時間メモ!F:F,業務内容と時間メモ!AB:AB,N14,業務内容と時間メモ!AD:AD,O14)=0,"",SUMIFS(業務内容と時間メモ!F:F,業務内容と時間メモ!AB:AB,N14,業務内容と時間メモ!AD:AD,O14)) -> 20.25
A15: =IF(ISNA(VLOOKUP(K15,L15:S10012,3,FALSE)),"",VLOOKUP(K15,L14:S10012,3,FALSE)) | B15: =IF(ISNA(VLOOKUP(K15,L15:S10012,5,FALSE)),"",VLOOKUP(K15,L14:S10012,5,FALSE)&"など") | C15: =IF(SUMIF(N:N,A15,U:U)=0,"",SUMIF(N:N,A15,U:U)) | J15: =IF(O15="","",IF(OR(COUNTIF(O15,"*職場*"),COUNTIF(O15,"*後輩教育*")),"サブ","メイン")) -> サブ | K15: 左表に入れますねぇ14 | L15: =IF(M15="","",IF(COUNTIF(INDIRECT("M$1:M"&ROW()),"左表に入れますねぇ")>=1,"左表に入れますねぇ"&COUNTIF(INDIRECT("M$1:M"&ROW()),"左表に入れますねぇ"),"")) | M15: =IF(N15="","",IF(COUNTIF(N$1:N15,N15)>1,"",IF(COUNTIF(N:N,N15)>=1,"左表に入れますねぇ",""))) | N15: =IF(ISNA(VLOOKUP(業務内容と時間メモ!M15,業務内容と時間メモ!R$2:AI$9999,11,FALSE)),"",VLOOKUP(業務内容と時間メモ!M15,業務内容と時間メモ!R$2:AI$9999,11,FALSE)) -> 11 | O15: =IF(ISNA(VLOOKUP(業務内容と時間メモ!M15,業務内容と時間メモ!R$2:AI$9999,13,FALSE)),"",VLOOKUP(業務内容と時間メモ!M15,業務内容と時間メモ!R$2:AI$9999,13,FALSE)) -> 職場現場アドバイス聴取 | P15: =IF(ISNA(VLOOKUP(業務内容と時間メモ!M15,業務内容と時間メモ!R$2:AI$9999,15,FALSE)),"",VLOOKUP(業務内容と時間メモ!M15,業務内容と時間メモ!R$2:AI$9999,15,FALSE)) -> 職場 | Q15: =IF(ISNA(VLOOKUP(業務内容と時間メモ!M15,業務内容と時間メモ!R$2:AI$9999,14,FALSE)),"",VLOOKUP(業務内容と時間メモ!M15,業務内容と時間メモ!R$2:AI$9999,14,FALSE)) -> 現場アドバイス聴取 | R15: =IF(ISNA(VLOOKUP(業務内容と時間メモ!M15,業務内容と時間メモ!R$2:AI$9999,16,FALSE)),"",VLOOKUP(業務内容と時間メモ!M15,業務内容と時間メモ!R$2:AI$9999,16,FALSE)) | S15: =IF(ISNA(VLOOKUP(業務内容と時間メモ!M15,業務内容と時間メモ!R$2:AI$9999,17,FALSE)),"",VLOOKUP(業務内容と時間メモ!M15,業務内容と時間メモ!R$2:AI$9999,17,FALSE)) -> 現場 | T15: =IF(SUMIFS(業務内容と時間メモ!E:E,業務内容と時間メモ!AB:AB,N15,業務内容と時間メモ!AD:AD,O15)=0,"",SUMIFS(業務内容と時間メモ!E:E,業務内容と時間メモ!AB:AB,N15,業務内容と時間メモ!AD:AD,O15)) | U15: =IF(SUMIFS(業務内容と時間メモ!F:F,業務内容と時間メモ!AB:AB,N15,業務内容と時間メモ!AD:AD,O15)=0,"",SUMIFS(業務内容と時間メモ!F:F,業務内容と時間メモ!AB:AB,N15,業務内容と時間メモ!AD:AD,O15)) -> 0.5
A16: =IF(ISNA(VLOOKUP(K16,L16:S10013,3,FALSE)),"",VLOOKUP(K16,L15:S10013,3,FALSE)) | B16: =IF(ISNA(VLOOKUP(K16,L16:S10013,5,FALSE)),"",VLOOKUP(K16,L15:S10013,5,FALSE)&"など") | C16: =IF(SUMIF(N:N,A16,U:U)=0,"",SUMIF(N:N,A16,U:U)) | J16: =IF(O16="","",IF(OR(COUNTIF(O16,"*職場*"),COUNTIF(O16,"*後輩教育*")),"サブ","メイン")) -> サブ | K16: 左表に入れますねぇ15 | L16: =IF(M16="","",IF(COUNTIF(INDIRECT("M$1:M"&ROW()),"左表に入れますねぇ")>=1,"左表に入れますねぇ"&COUNTIF(INDIRECT("M$1:M"&ROW()),"左表に入れますねぇ"),"")) | M16: =IF(N16="","",IF(COUNTIF(N$1:N16,N16)>1,"",IF(COUNTIF(N:N,N16)>=1,"左表に入れますねぇ",""))) | N16: =IF(ISNA(VLOOKUP(業務内容と時間メモ!M16,業務内容と時間メモ!R$2:AI$9999,11,FALSE)),"",VLOOKUP(業務内容と時間メモ!M16,業務内容と時間メモ!R$2:AI$9999,11,FALSE)) -> 11 | O16: =IF(ISNA(VLOOKUP(業務内容と時間メモ!M16,業務内容と時間メモ!R$2:AI$9999,13,FALSE)),"",VLOOKUP(業務内容と時間メモ!M16,業務内容と時間メモ!R$2:AI$9999,13,FALSE)) -> 職場高校生向けパンフレット作成打ち合わせ | P16: =IF(ISNA(VLOOKUP(業務内容と時間メモ!M16,業務内容と時間メモ!R$2:AI$9999,15,FALSE)),"",VLOOKUP(業務内容と時間メモ!M16,業務内容と時間メモ!R$2:AI$9999,15,FALSE)) -> 職場 | Q16: =IF(ISNA(VLOOKUP(業務内容と時間メモ!M16,業務内容と時間メモ!R$2:AI$9999,14,FALSE)),"",VLOOKUP(業務内容と時間メモ!M16,業務内容と時間メモ!R$2:AI$9999,14,FALSE)) -> 高校生向けパンフレット作成打ち合わせ | R16: =IF(ISNA(VLOOKUP(業務内容と時間メモ!M16,業務内容と時間メモ!R$2:AI$9999,16,FALSE)),"",VLOOKUP(業務内容と時間メモ!M16,業務内容と時間メモ!R$2:AI$9999,16,FALSE)) | S16: =IF(ISNA(VLOOKUP(業務内容と時間メモ!M16,業務内容と時間メモ!R$2:AI$9999,17,FALSE)),"",VLOOKUP(業務内容と時間メモ!M16,業務内容と時間メモ!R$2:AI$9999,17,FALSE)) -> 高校生向けパンフレット作成 | T16: =IF(SUMIFS(業務内容と時間メモ!E:E,業務内容と時間メモ!AB:AB,N16,業務内容と時間メモ!AD:AD,O16)=0,"",SUMIFS(業務内容と時間メモ!E:E,業務内容と時間メモ!AB:AB,N16,業務内容と時間メモ!AD:AD,O16)) | U16: =IF(SUMIFS(業務内容と時間メモ!F:F,業務内容と時間メモ!AB:AB,N16,業務内容と時間メモ!AD:AD,O16)=0,"",SUMIFS(業務内容と時間メモ!F:F,業務内容と時間メモ!AB:AB,N16,業務内容と時間メモ!AD:AD,O16)) -> 2
A17: =IF(ISNA(VLOOKUP(K17,L17:S10014,3,FALSE)),"",VLOOKUP(K17,L16:S10014,3,FALSE)) | B17: =IF(ISNA(VLOOKUP(K17,L17:S10014,5,FALSE)),"",VLOOKUP(K17,L16:S10014,5,FALSE)&"など") | C17: =IF(SUMIF(N:N,A17,U:U)=0,"",SUMIF(N:N,A17,U:U)) | J17: =IF(O17="","",IF(OR(COUNTIF(O17,"*職場*"),COUNTIF(O17,"*後輩教育*")),"サブ","メイン")) -> サブ | K17: 左表に入れますねぇ16 | L17: =IF(M17="","",IF(COUNTIF(INDIRECT("M$1:M"&ROW()),"左表に入れますねぇ")>=1,"左表に入れますねぇ"&COUNTIF(INDIRECT("M$1:M"&ROW()),"左表に入れますねぇ"),"")) | M17: =IF(N17="","",IF(COUNTIF(N$1:N17,N17)>1,"",IF(COUNTIF(N:N,N17)>=1,"左表に入れますねぇ",""))) | N17: =IF(ISNA(VLOOKUP(業務内容と時間メモ!M17,業務内容と時間メモ!R$2:AI$9999,11,FALSE)),"",VLOOKUP(業務内容と時間メモ!M17,業務内容と時間メモ!R$2:AI$9999,11,FALSE)) -> 11 | O17: =IF(ISNA(VLOOKUP(業務内容と時間メモ!M17,業務内容と時間メモ!R$2:AI$9999,13,FALSE)),"",VLOOKUP(業務内容と時間メモ!M17,業務内容と時間メモ!R$2:AI$9999,13,FALSE)) -> 職場高校生向けパンフレット作成作成 | P17: =IF(ISNA(VLOOKUP(業務内容と時間メモ!M17,業務内容と時間メモ!R$2:AI$9999,15,FALSE)),"",VLOOKUP(業務内容と時間メモ!M17,業務内容と時間メモ!R$2:AI$9999,15,FALSE)) -> 職場 | Q17: =IF(ISNA(VLOOKUP(業務内容と時間メモ!M17,業務内容と時間メモ!R$2:AI$9999,14,FALSE)),"",VLOOKUP(業務内容と時間メモ!M17,業務内容と時間メモ!R$2:AI$9999,14,FALSE)) -> 高校生向けパンフレット作成作成 | R17: =IF(ISNA(VLOOKUP(業務内容と時間メモ!M17,業務内容と時間メモ!R$2:AI$9999,16,FALSE)),"",VLOOKUP(業務内容と時間メモ!M17,業務内容と時間メモ!R$2:AI$9999,16,FALSE)) | S17: =IF(ISNA(VLOOKUP(業務内容と時間メモ!M17,業務内容と時間メモ!R$2:AI$9999,17,FALSE)),"",VLOOKUP(業務内容と時間メモ!M17,業務内容と時間メモ!R$2:AI$9999,17,FALSE)) -> 高校生向けパンフレット作成 | T17: =IF(SUMIFS(業務内容と時間メモ!E:E,業務内容と時間メモ!AB:AB,N17,業務内容と時間メモ!AD:AD,O17)=0,"",SUMIFS(業務内容と時間メモ!E:E,業務内容と時間メモ!AB:AB,N17,業務内容と時間メモ!AD:AD,O17)) | U17: =IF(SUMIFS(業務内容と時間メモ!F:F,業務内容と時間メモ!AB:AB,N17,業務内容と時間メモ!AD:AD,O17)=0,"",SUMIFS(業務内容と時間メモ!F:F,業務内容と時間メモ!AB:AB,N17,業務内容と時間メモ!AD:AD,O17)) -> 41.5
A18: =IF(ISNA(VLOOKUP(K18,L18:S10015,3,FALSE)),"",VLOOKUP(K18,L17:S10015,3,FALSE)) | B18: =IF(ISNA(VLOOKUP(K18,L18:S10015,5,FALSE)),"",VLOOKUP(K18,L17:S10015,5,FALSE)&"など") | C18: =IF(SUMIF(N:N,A18,U:U)=0,"",SUMIF(N:N,A18,U:U)) | J18: =IF(O18="","",IF(OR(COUNTIF(O18,"*職場*"),COUNTIF(O18,"*後輩教育*")),"サブ","メイン")) -> メイン | K18: 左表に入れますねぇ17 | L18: =IF(M18="","",IF(COUNTIF(INDIRECT("M$1:M"&ROW()),"左表に入れますねぇ")>=1,"左表に入れますねぇ"&COUNTIF(INDIRECT("M$1:M"&ROW()),"左表に入れますねぇ"),"")) | M18: =IF(N18="","",IF(COUNTIF(N$1:N18,N18)>1,"",IF(COUNTIF(N:N,N18)>=1,"左表に入れますねぇ",""))) | N18: =IF(ISNA(VLOOKUP(業務内容と時間メモ!M18,業務内容と時間メモ!R$2:AI$9999,11,FALSE)),"",VLOOKUP(業務内容と時間メモ!M18,業務内容と時間メモ!R$2:AI$9999,11,FALSE)) -> 11 | O18: =IF(ISNA(VLOOKUP(業務内容と時間メモ!M18,業務内容と時間メモ!R$2:AI$9999,13,FALSE)),"",VLOOKUP(業務内容と時間メモ!M18,業務内容と時間メモ!R$2:AI$9999,13,FALSE)) -> 舞洲1号乾燥ケーキ搬送コンベヤ上部サポート作図 | P18: =IF(ISNA(VLOOKUP(業務内容と時間メモ!M18,業務内容と時間メモ!R$2:AI$9999,15,FALSE)),"",VLOOKUP(業務内容と時間メモ!M18,業務内容と時間メモ!R$2:AI$9999,15,FALSE)) -> 舞洲1号 | Q18: =IF(ISNA(VLOOKUP(業務内容と時間メモ!M18,業務内容と時間メモ!R$2:AI$9999,14,FALSE)),"",VLOOKUP(業務内容と時間メモ!M18,業務内容と時間メモ!R$2:AI$9999,14,FALSE)) -> 乾燥ケーキ搬送コンベヤ上部サポート作図 | R18: =IF(ISNA(VLOOKUP(業務内容と時間メモ!M18,業務内容と時間メモ!R$2:AI$9999,16,FALSE)),"",VLOOKUP(業務内容と時間メモ!M18,業務内容と時間メモ!R$2:AI$9999,16,FALSE)) | S18: =IF(ISNA(VLOOKUP(業務内容と時間メモ!M18,業務内容と時間メモ!R$2:AI$9999,17,FALSE)),"",VLOOKUP(業務内容と時間メモ!M18,業務内容と時間メモ!R$2:AI$9999,17,FALSE)) -> 乾燥ケーキ搬送コンベヤ上部サポート | T18: =IF(SUMIFS(業務内容と時間メモ!E:E,業務内容と時間メモ!AB:AB,N18,業務内容と時間メモ!AD:AD,O18)=0,"",SUMIFS(業務内容と時間メモ!E:E,業務内容と時間メモ!AB:AB,N18,業務内容と時間メモ!AD:AD,O18)) | U18: =IF(SUMIFS(業務内容と時間メモ!F:F,業務内容と時間メモ!AB:AB,N18,業務内容と時間メモ!AD:AD,O18)=0,"",SUMIFS(業務内容と時間メモ!F:F,業務内容と時間メモ!AB:AB,N18,業務内容と時間メモ!AD:AD,O18)) -> 26
A19: =IF(ISNA(VLOOKUP(K19,L19:S10016,3,FALSE)),"",VLOOKUP(K19,L18:S10016,3,FALSE)) | B19: =IF(ISNA(VLOOKUP(K19,L19:S10016,5,FALSE)),"",VLOOKUP(K19,L18:S10016,5,FALSE)&"など") | C19: =IF(SUMIF(N:N,A19,U:U)=0,"",SUMIF(N:N,A19,U:U)) | J19: =IF(O19="","",IF(OR(COUNTIF(O19,"*職場*"),COUNTIF(O19,"*後輩教育*")),"サブ","メイン")) -> サブ | K19: 左表に入れますねぇ18 | L19: =IF(M19="","",IF(COUNTIF(INDIRECT("M$1:M"&ROW()),"左表に入れますねぇ")>=1,"左表に入れますねぇ"&COUNTIF(INDIRECT("M$1:M"&ROW()),"左表に入れますねぇ"),"")) -> 左表に入れますねぇ3 | M19: =IF(N19="","",IF(COUNTIF(N$1:N19,N19)>1,"",IF(COUNTIF(N:N,N19)>=1,"左表に入れますねぇ",""))) -> 左表に入れますねぇ | N19: =IF(ISNA(VLOOKUP(業務内容と時間メモ!M19,業務内容と時間メモ!R$2:AI$9999,11,FALSE)),"",VLOOKUP(業務内容と時間メモ!M19,業務内容と時間メモ!R$2:AI$9999,11,FALSE)) -> 12 | O19: =IF(ISNA(VLOOKUP(業務内容と時間メモ!M19,業務内容と時間メモ!R$2:AI$9999,13,FALSE)),"",VLOOKUP(業務内容と時間メモ!M19,業務内容と時間メモ!R$2:AI$9999,13,FALSE)) -> 職場高校生向けパンフレット作成作成 | P19: =IF(ISNA(VLOOKUP(業務内容と時間メモ!M19,業務内容と時間メモ!R$2:AI$9999,15,FALSE)),"",VLOOKUP(業務内容と時間メモ!M19,業務内容と時間メモ!R$2:AI$9999,15,FALSE)) -> 職場 | Q19: =IF(ISNA(VLOOKUP(業務内容と時間メモ!M19,業務内容と時間メモ!R$2:AI$9999,14,FALSE)),"",VLOOKUP(業務内容と時間メモ!M19,業務内容と時間メモ!R$2:AI$9999,14,FALSE)) -> 高校生向けパンフレット作成作成 | R19: =IF(ISNA(VLOOKUP(業務内容と時間メモ!M19,業務内容と時間メモ!R$2:AI$9999,16,FALSE)),"",VLOOKUP(業務内容と時間メモ!M19,業務内容と時間メモ!R$2:AI$9999,16,FALSE)) | S19: =IF(ISNA(VLOOKUP(業務内容と時間メモ!M19,業務内容と時間メモ!R$2:AI$9999,17,FALSE)),"",VLOOKUP(業務内容と時間メモ!M19,業務内容と時間メモ!R$2:AI$9999,17,FALSE)) -> 高校生向けパンフレット作成 | T19: =IF(SUMIFS(業務内容と時間メモ!E:E,業務内容と時間メモ!AB:AB,N19,業務内容と時間メモ!AD:AD,O19)=0,"",SUMIFS(業務内容と時間メモ!E:E,業務内容と時間メモ!AB:AB,N19,業務内容と時間メモ!AD:AD,O19)) | U19: =IF(SUMIFS(業務内容と時間メモ!F:F,業務内容と時間メモ!AB:AB,N19,業務内容と時間メモ!AD:AD,O19)=0,"",SUMIFS(業務内容と時間メモ!F:F,業務内容と時間メモ!AB:AB,N19,業務内容と時間メモ!AD:AD,O19)) -> 29
A20: =IF(ISNA(VLOOKUP(K20,L20:S10017,3,FALSE)),"",VLOOKUP(K20,L19:S10017,3,FALSE)) | B20: =IF(ISNA(VLOOKUP(K20,L20:S10017,5,FALSE)),"",VLOOKUP(K20,L19:S10017,5,FALSE)&"など") | C20: =IF(SUMIF(N:N,A20,U:U)=0,"",SUMIF(N:N,A20,U:U)) | J20: =IF(O20="","",IF(OR(COUNTIF(O20,"*職場*"),COUNTIF(O20,"*後輩教育*")),"サブ","メイン")) -> メイン | K20: 左表に入れますねぇ19 | L20: =IF(M20="","",IF(COUNTIF(INDIRECT("M$1:M"&ROW()),"左表に入れますねぇ")>=1,"左表に入れますねぇ"&COUNTIF(INDIRECT("M$1:M"&ROW()),"左表に入れますねぇ"),"")) | M20: =IF(N20="","",IF(COUNTIF(N$1:N20,N20)>1,"",IF(COUNTIF(N:N,N20)>=1,"左表に入れますねぇ",""))) | N20: =IF(ISNA(VLOOKUP(業務内容と時間メモ!M20,業務内容と時間メモ!R$2:AI$9999,11,FALSE)),"",VLOOKUP(業務内容と時間メモ!M20,業務内容と時間メモ!R$2:AI$9999,11,FALSE)) -> 12 | O20: =IF(ISNA(VLOOKUP(業務内容と時間メモ!M20,業務内容と時間メモ!R$2:AI$9999,13,FALSE)),"",VLOOKUP(業務内容と時間メモ!M20,業務内容と時間メモ!R$2:AI$9999,13,FALSE)) -> 舞洲1号乾燥ケーキ搬送コンベヤ上部サポート作図 | P20: =IF(ISNA(VLOOKUP(業務内容と時間メモ!M20,業務内容と時間メモ!R$2:AI$9999,15,FALSE)),"",VLOOKUP(業務内容と時間メモ!M20,業務内容と時間メモ!R$2:AI$9999,15,FALSE)) -> 舞洲1号 | Q20: =IF(ISNA(VLOOKUP(業務内容と時間メモ!M20,業務内容と時間メモ!R$2:AI$9999,14,FALSE)),"",VLOOKUP(業務内容と時間メモ!M20,業務内容と時間メモ!R$2:AI$9999,14,FALSE)) -> 乾燥ケーキ搬送コンベヤ上部サポート作図 | R20: =IF(ISNA(VLOOKUP(業務内容と時間メモ!M20,業務内容と時間メモ!R$2:AI$9999,16,FALSE)),"",VLOOKUP(業務内容と時間メモ!M20,業務内容と時間メモ!R$2:AI$9999,16,FALSE)) | S20: =IF(ISNA(VLOOKUP(業務内容と時間メモ!M20,業務内容と時間メモ!R$2:AI$9999,17,FALSE)),"",VLOOKUP(業務内容と時間メモ!M20,業務内容と時間メモ!R$2:AI$9999,17,FALSE)) -> 乾燥ケーキ搬送コンベヤ上部サポート | T20: =IF(SUMIFS(業務内容と時間メモ!E:E,業務内容と時間メモ!AB:AB,N20,業務内容と時間メモ!AD:AD,O20)=0,"",SUMIFS(業務内容と時間メモ!E:E,業務内容と時間メモ!AB:AB,N20,業務内容と時間メモ!AD:AD,O20)) | U20: =IF(SUMIFS(業務内容と時間メモ!F:F,業務内容と時間メモ!AB:AB,N20,業務内容と時間メモ!AD:AD,O20)=0,"",SUMIFS(業務内容と時間メモ!F:F,業務内容と時間メモ!AB:AB,N20,業務内容と時間メモ!AD:AD,O20)) -> 18
... A63: =IF(ISNA(VLOOKUP(K63,L63:S10060,3,FALSE)),"",VLOOKUP(K63,L62:S10060,3,FALSE)) | B63: =IF(ISNA(VLOOKUP(K63,L63:S10060,5,FALSE)),"",VLOOKUP(K63,L62:S10060,5,FALSE)&"など") | C63: =IF(SUMIF(N:N,A63,U:U)=0,"",SUMIF(N:N,A63,U:U)) | J63: =IF(O63="","",IF(OR(COUNTIF(O63,"*職場*"),COUNTIF(O63,"*後輩教育*")),"サブ","メイン")) -> メイン | K63: 左表に入れますねぇ62 | L63: =IF(M63="","",IF(COUNTIF(INDIRECT("M$1:M"&ROW()),"左表に入れますねぇ")>=1,"左表に入れますねぇ"&COUNTIF(INDIRECT("M$1:M"&ROW()),"左表に入れますねぇ"),"")) -> 左表に入れますねぇ8 | M63: =IF(N63="","",IF(COUNTIF(N$1:N63,N63)>1,"",IF(COUNTIF(N:N,N63)>=1,"左表に入れますねぇ",""))) -> 左表に入れますねぇ | N63: =IF(ISNA(VLOOKUP(業務内容と時間メモ!M63,業務内容と時間メモ!R$2:AI$9999,11,FALSE)),"",VLOOKUP(業務内容と時間メモ!M63,業務内容と時間メモ!R$2:AI$9999,11,FALSE)) -> 5 | O63: =IF(ISNA(VLOOKUP(業務内容と時間メモ!M63,業務内容と時間メモ!R$2:AI$9999,13,FALSE)),"",VLOOKUP(業務内容と時間メモ!M63,業務内容と時間メモ!R$2:AI$9999,13,FALSE)) -> 舞洲1号シュート作図 | P63: =IF(ISNA(VLOOKUP(業務内容と時間メモ!M63,業務内容と時間メモ!R$2:AI$9999,15,FALSE)),"",VLOOKUP(業務内容と時間メモ!M63,業務内容と時間メモ!R$2:AI$9999,15,FALSE)) -> 舞洲1号 | Q63: =IF(ISNA(VLOOKUP(業務内容と時間メモ!M63,業務内容と時間メモ!R$2:AI$9999,14,FALSE)),"",VLOOKUP(業務内容と時間メモ!M63,業務内容と時間メモ!R$2:AI$9999,14,FALSE)) -> シュート作図 | R63: =IF(ISNA(VLOOKUP(業務内容と時間メモ!M63,業務内容と時間メモ!R$2:AI$9999,16,FALSE)),"",VLOOKUP(業務内容と時間メモ!M63,業務内容と時間メモ!R$2:AI$9999,16,FALSE)) | S63: =IF(ISNA(VLOOKUP(業務内容と時間メモ!M63,業務内容と時間メモ!R$2:AI$9999,17,FALSE)),"",VLOOKUP(業務内容と時間メモ!M63,業務内容と時間メモ!R$2:AI$9999,17,FALSE)) -> シュート | T63: =IF(SUMIFS(業務内容と時間メモ!E:E,業務内容と時間メモ!AB:AB,N63,業務内容と時間メモ!AD:AD,O63)=0,"",SUMIFS(業務内容と時間メモ!E:E,業務内容と時間メモ!AB:AB,N63,業務内容と時間メモ!AD:AD,O63)) | U63: =IF(SUMIFS(業務内容と時間メモ!F:F,業務内容と時間メモ!AB:AB,N63,業務内容と時間メモ!AD:AD,O63)=0,"",SUMIFS(業務内容と時間メモ!F:F,業務内容と時間メモ!AB:AB,N63,業務内容と時間メモ!AD:AD,O63)) -> 69.75
A64: =IF(ISNA(VLOOKUP(K64,L64:S10061,3,FALSE)),"",VLOOKUP(K64,L63:S10061,3,FALSE)) | B64: =IF(ISNA(VLOOKUP(K64,L64:S10061,5,FALSE)),"",VLOOKUP(K64,L63:S10061,5,FALSE)&"など") | C64: =IF(SUMIF(N:N,A64,U:U)=0,"",SUMIF(N:N,A64,U:U)) | J64: =IF(O64="","",IF(OR(COUNTIF(O64,"*職場*"),COUNTIF(O64,"*後輩教育*")),"サブ","メイン")) -> メイン | K64: 左表に入れますねぇ66 | L64: =IF(M64="","",IF(COUNTIF(INDIRECT("M$1:M"&ROW()),"左表に入れますねぇ")>=1,"左表に入れますねぇ"&COUNTIF(INDIRECT("M$1:M"&ROW()),"左表に入れますねぇ"),"")) | M64: =IF(N64="","",IF(COUNTIF(N$1:N64,N64)>1,"",IF(COUNTIF(N:N,N64)>=1,"左表に入れますねぇ",""))) | N64: =IF(ISNA(VLOOKUP(業務内容と時間メモ!M67,業務内容と時間メモ!R$2:AI$9999,11,FALSE)),"",VLOOKUP(業務内容と時間メモ!M67,業務内容と時間メモ!R$2:AI$9999,11,FALSE)) -> 5 | O64: =IF(ISNA(VLOOKUP(業務内容と時間メモ!M67,業務内容と時間メモ!R$2:AI$9999,13,FALSE)),"",VLOOKUP(業務内容と時間メモ!M67,業務内容と時間メモ!R$2:AI$9999,13,FALSE)) -> 舞洲1号仕舞板作図 | P64: =IF(ISNA(VLOOKUP(業務内容と時間メモ!M67,業務内容と時間メモ!R$2:AI$9999,15,FALSE)),"",VLOOKUP(業務内容と時間メモ!M67,業務内容と時間メモ!R$2:AI$9999,15,FALSE)) -> 舞洲1号 | Q64: =IF(ISNA(VLOOKUP(業務内容と時間メモ!M67,業務内容と時間メモ!R$2:AI$9999,14,FALSE)),"",VLOOKUP(業務内容と時間メモ!M67,業務内容と時間メモ!R$2:AI$9999,14,FALSE)) -> 仕舞板作図 | R64: =IF(ISNA(VLOOKUP(業務内容と時間メモ!M67,業務内容と時間メモ!R$2:AI$9999,16,FALSE)),"",VLOOKUP(業務内容と時間メモ!M67,業務内容と時間メモ!R$2:AI$9999,16,FALSE)) | S64: =IF(ISNA(VLOOKUP(業務内容と時間メモ!M67,業務内容と時間メモ!R$2:AI$9999,17,FALSE)),"",VLOOKUP(業務内容と時間メモ!M67,業務内容と時間メモ!R$2:AI$9999,17,FALSE)) -> 仕舞板 | T64: =IF(SUMIFS(業務内容と時間メモ!E:E,業務内容と時間メモ!AB:AB,N64,業務内容と時間メモ!AD:AD,O64)=0,"",SUMIFS(業務内容と時間メモ!E:E,業務内容と時間メモ!AB:AB,N64,業務内容と時間メモ!AD:AD,O64)) | U64: =IF(SUMIFS(業務内容と時間メモ!F:F,業務内容と時間メモ!AB:AB,N64,業務内容と時間メモ!AD:AD,O64)=0,"",SUMIFS(業務内容と時間メモ!F:F,業務内容と時間メモ!AB:AB,N64,業務内容と時間メモ!AD:AD,O64)) -> 15.5
A65: =IF(ISNA(VLOOKUP(K65,L65:S10062,3,FALSE)),"",VLOOKUP(K65,L64:S10062,3,FALSE)) | B65: =IF(ISNA(VLOOKUP(K65,L65:S10062,5,FALSE)),"",VLOOKUP(K65,L64:S10062,5,FALSE)&"など") | C65: =IF(SUMIF(N:N,A65,U:U)=0,"",SUMIF(N:N,A65,U:U)) | J65: =IF(O65="","",IF(OR(COUNTIF(O65,"*職場*"),COUNTIF(O65,"*後輩教育*")),"サブ","メイン")) -> メイン | K65: 左表に入れますねぇ63 | L65: =IF(M65="","",IF(COUNTIF(INDIRECT("M$1:M"&ROW()),"左表に入れますねぇ")>=1,"左表に入れますねぇ"&COUNTIF(INDIRECT("M$1:M"&ROW()),"左表に入れますねぇ"),"")) | M65: =IF(N65="","",IF(COUNTIF(N$1:N65,N65)>1,"",IF(COUNTIF(N:N,N65)>=1,"左表に入れますねぇ",""))) | N65: =IF(ISNA(VLOOKUP(業務内容と時間メモ!M64,業務内容と時間メモ!R$2:AI$9999,11,FALSE)),"",VLOOKUP(業務内容と時間メモ!M64,業務内容と時間メモ!R$2:AI$9999,11,FALSE)) -> 5 | O65: =IF(ISNA(VLOOKUP(業務内容と時間メモ!M64,業務内容と時間メモ!R$2:AI$9999,13,FALSE)),"",VLOOKUP(業務内容と時間メモ!M64,業務内容と時間メモ!R$2:AI$9999,13,FALSE)) -> 東プラ2号ダクト作図 | P65: =IF(ISNA(VLOOKUP(業務内容と時間メモ!M64,業務内容と時間メモ!R$2:AI$9999,15,FALSE)),"",VLOOKUP(業務内容と時間メモ!M64,業務内容と時間メモ!R$2:AI$9999,15,FALSE)) -> 東プラ2号 | Q65: =IF(ISNA(VLOOKUP(業務内容と時間メモ!M64,業務内容と時間メモ!R$2:AI$9999,14,FALSE)),"",VLOOKUP(業務内容と時間メモ!M64,業務内容と時間メモ!R$2:AI$9999,14,FALSE)) -> ダクト作図 | R65: =IF(ISNA(VLOOKUP(業務内容と時間メモ!M64,業務内容と時間メモ!R$2:AI$9999,16,FALSE)),"",VLOOKUP(業務内容と時間メモ!M64,業務内容と時間メモ!R$2:AI$9999,16,FALSE)) | S65: =IF(ISNA(VLOOKUP(業務内容と時間メモ!M64,業務内容と時間メモ!R$2:AI$9999,17,FALSE)),"",VLOOKUP(業務内容と時間メモ!M64,業務内容と時間メモ!R$2:AI$9999,17,FALSE)) -> ダクト | T65: =IF(SUMIFS(業務内容と時間メモ!E:E,業務内容と時間メモ!AB:AB,N65,業務内容と時間メモ!AD:AD,O65)=0,"",SUMIFS(業務内容と時間メモ!E:E,業務内容と時間メモ!AB:AB,N65,業務内容と時間メモ!AD:AD,O65)) | U65: =IF(SUMIFS(業務内容と時間メモ!F:F,業務内容と時間メモ!AB:AB,N65,業務内容と時間メモ!AD:AD,O65)=0,"",SUMIFS(業務内容と時間メモ!F:F,業務内容と時間メモ!AB:AB,N65,業務内容と時間メモ!AD:AD,O65)) -> 31
A66: =IF(ISNA(VLOOKUP(K66,L66:S10063,3,FALSE)),"",VLOOKUP(K66,L65:S10063,3,FALSE)) | B66: =IF(ISNA(VLOOKUP(K66,L66:S10063,5,FALSE)),"",VLOOKUP(K66,L65:S10063,5,FALSE)&"など") | C66: =IF(SUMIF(N:N,A66,U:U)=0,"",SUMIF(N:N,A66,U:U)) | J66: =IF(O66="","",IF(OR(COUNTIF(O66,"*職場*"),COUNTIF(O66,"*後輩教育*")),"サブ","メイン")) -> メイン | K66: 左表に入れますねぇ65 | L66: =IF(M66="","",IF(COUNTIF(INDIRECT("M$1:M"&ROW()),"左表に入れますねぇ")>=1,"左表に入れますねぇ"&COUNTIF(INDIRECT("M$1:M"&ROW()),"左表に入れますねぇ"),"")) | M66: =IF(N66="","",IF(COUNTIF(N$1:N66,N66)>1,"",IF(COUNTIF(N:N,N66)>=1,"左表に入れますねぇ",""))) | N66: =IF(ISNA(VLOOKUP(業務内容と時間メモ!M66,業務内容と時間メモ!R$2:AI$9999,11,FALSE)),"",VLOOKUP(業務内容と時間メモ!M66,業務内容と時間メモ!R$2:AI$9999,11,FALSE)) -> 5 | O66: =IF(ISNA(VLOOKUP(業務内容と時間メモ!M66,業務内容と時間メモ!R$2:AI$9999,13,FALSE)),"",VLOOKUP(業務内容と時間メモ!M66,業務内容と時間メモ!R$2:AI$9999,13,FALSE)) -> 中部水再生センター汚水集合管作図 | P66: =IF(ISNA(VLOOKUP(業務内容と時間メモ!M66,業務内容と時間メモ!R$2:AI$9999,15,FALSE)),"",VLOOKUP(業務内容と時間メモ!M66,業務内容と時間メモ!R$2:AI$9999,15,FALSE)) -> 中部水再生センター | Q66: =IF(ISNA(VLOOKUP(業務内容と時間メモ!M66,業務内容と時間メモ!R$2:AI$9999,14,FALSE)),"",VLOOKUP(業務内容と時間メモ!M66,業務内容と時間メモ!R$2:AI$9999,14,FALSE)) -> 汚水集合管作図 | R66: =IF(ISNA(VLOOKUP(業務内容と時間メモ!M66,業務内容と時間メモ!R$2:AI$9999,16,FALSE)),"",VLOOKUP(業務内容と時間メモ!M66,業務内容と時間メモ!R$2:AI$9999,16,FALSE)) | S66: =IF(ISNA(VLOOKUP(業務内容と時間メモ!M66,業務内容と時間メモ!R$2:AI$9999,17,FALSE)),"",VLOOKUP(業務内容と時間メモ!M66,業務内容と時間メモ!R$2:AI$9999,17,FALSE)) -> 汚水集合管 | T66: =IF(SUMIFS(業務内容と時間メモ!E:E,業務内容と時間メモ!AB:AB,N66,業務内容と時間メモ!AD:AD,O66)=0,"",SUMIFS(業務内容と時間メモ!E:E,業務内容と時間メモ!AB:AB,N66,業務内容と時間メモ!AD:AD,O66)) | U66: =IF(SUMIFS(業務内容と時間メモ!F:F,業務内容と時間メモ!AB:AB,N66,業務内容と時間メモ!AD:AD,O66)=0,"",SUMIFS(業務内容と時間メモ!F:F,業務内容と時間メモ!AB:AB,N66,業務内容と時間メモ!AD:AD,O66)) -> 31
A67: =IF(ISNA(VLOOKUP(K67,L67:S10064,3,FALSE)),"",VLOOKUP(K67,L66:S10064,3,FALSE)) | B67: =IF(ISNA(VLOOKUP(K67,L67:S10064,5,FALSE)),"",VLOOKUP(K67,L66:S10064,5,FALSE)&"など") | C67: =IF(SUMIF(N:N,A67,U:U)=0,"",SUMIF(N:N,A67,U:U)) | J67: =IF(O67="","",IF(OR(COUNTIF(O67,"*職場*"),COUNTIF(O67,"*後輩教育*")),"サブ","メイン")) -> サブ | K67: 左表に入れますねぇ64 | L67: =IF(M67="","",IF(COUNTIF(INDIRECT("M$1:M"&ROW()),"左表に入れますねぇ")>=1,"左表に入れますねぇ"&COUNTIF(INDIRECT("M$1:M"&ROW()),"左表に入れますねぇ"),"")) | M67: =IF(N67="","",IF(COUNTIF(N$1:N67,N67)>1,"",IF(COUNTIF(N:N,N67)>=1,"左表に入れますねぇ",""))) | N67: =IF(ISNA(VLOOKUP(業務内容と時間メモ!M65,業務内容と時間メモ!R$2:AI$9999,11,FALSE)),"",VLOOKUP(業務内容と時間メモ!M65,業務内容と時間メモ!R$2:AI$9999,11,FALSE)) -> 5 | O67: =IF(ISNA(VLOOKUP(業務内容と時間メモ!M65,業務内容と時間メモ!R$2:AI$9999,13,FALSE)),"",VLOOKUP(業務内容と時間メモ!M65,業務内容と時間メモ!R$2:AI$9999,13,FALSE)) -> 職場休み全日休暇(-7.75時間) | P67: =IF(ISNA(VLOOKUP(業務内容と時間メモ!M65,業務内容と時間メモ!R$2:AI$9999,15,FALSE)),"",VLOOKUP(業務内容と時間メモ!M65,業務内容と時間メモ!R$2:AI$9999,15,FALSE)) -> 職場 | Q67: =IF(ISNA(VLOOKUP(業務内容と時間メモ!M65,業務内容と時間メモ!R$2:AI$9999,14,FALSE)),"",VLOOKUP(業務内容と時間メモ!M65,業務内容と時間メモ!R$2:AI$9999,14,FALSE)) -> 休み全日休暇(-7.75時間) | R67: =IF(ISNA(VLOOKUP(業務内容と時間メモ!M65,業務内容と時間メモ!R$2:AI$9999,16,FALSE)),"",VLOOKUP(業務内容と時間メモ!M65,業務内容と時間メモ!R$2:AI$9999,16,FALSE)) | S67: =IF(ISNA(VLOOKUP(業務内容と時間メモ!M65,業務内容と時間メモ!R$2:AI$9999,17,FALSE)),"",VLOOKUP(業務内容と時間メモ!M65,業務内容と時間メモ!R$2:AI$9999,17,FALSE)) -> 休み | T67: =IF(SUMIFS(業務内容と時間メモ!E:E,業務内容と時間メモ!AB:AB,N67,業務内容と時間メモ!AD:AD,O67)=0,"",SUMIFS(業務内容と時間メモ!E:E,業務内容と時間メモ!AB:AB,N67,業務内容と時間メモ!AD:AD,O67)) | U67: =IF(SUMIFS(業務内容と時間メモ!F:F,業務内容と時間メモ!AB:AB,N67,業務内容と時間メモ!AD:AD,O67)=0,"",SUMIFS(業務内容と時間メモ!F:F,業務内容と時間メモ!AB:AB,N67,業務内容と時間メモ!AD:AD,O67))
A68: =IF(ISNA(VLOOKUP(K68,L68:S10065,3,FALSE)),"",VLOOKUP(K68,L67:S10065,3,FALSE)) | B68: =IF(ISNA(VLOOKUP(K68,L68:S10065,5,FALSE)),"",VLOOKUP(K68,L67:S10065,5,FALSE)&"など") | C68: =IF(SUMIF(N:N,A68,U:U)=0,"",SUMIF(N:N,A68,U:U)) | J68: =IF(O68="","",IF(OR(COUNTIF(O68,"*職場*"),COUNTIF(O68,"*後輩教育*")),"サブ","メイン")) -> メイン | K68: 左表に入れますねぇ67 | L68: =IF(M68="","",IF(COUNTIF(INDIRECT("M$1:M"&ROW()),"左表に入れますねぇ")>=1,"左表に入れますねぇ"&COUNTIF(INDIRECT("M$1:M"&ROW()),"左表に入れますねぇ"),"")) -> 左表に入れますねぇ9 | M68: =IF(N68="","",IF(COUNTIF(N$1:N68,N68)>1,"",IF(COUNTIF(N:N,N68)>=1,"左表に入れますねぇ",""))) -> 左表に入れますねぇ | N68: =IF(ISNA(VLOOKUP(業務内容と時間メモ!M68,業務内容と時間メモ!R$2:AI$9999,11,FALSE)),"",VLOOKUP(業務内容と時間メモ!M68,業務内容と時間メモ!R$2:AI$9999,11,FALSE)) -> 6 | O68: =IF(ISNA(VLOOKUP(業務内容と時間メモ!M68,業務内容と時間メモ!R$2:AI$9999,13,FALSE)),"",VLOOKUP(業務内容と時間メモ!M68,業務内容と時間メモ!R$2:AI$9999,13,FALSE)) -> 舞洲1号シュート作図 | P68: =IF(ISNA(VLOOKUP(業務内容と時間メモ!M68,業務内容と時間メモ!R$2:AI$9999,15,FALSE)),"",VLOOKUP(業務内容と時間メモ!M68,業務内容と時間メモ!R$2:AI$9999,15,FALSE)) -> 舞洲1号 | Q68: =IF(ISNA(VLOOKUP(業務内容と時間メモ!M68,業務内容と時間メモ!R$2:AI$9999,14,FALSE)),"",VLOOKUP(業務内容と時間メモ!M68,業務内容と時間メモ!R$2:AI$9999,14,FALSE)) -> シュート作図 | R68: =IF(ISNA(VLOOKUP(業務内容と時間メモ!M68,業務内容と時間メモ!R$2:AI$9999,16,FALSE)),"",VLOOKUP(業務内容と時間メモ!M68,業務内容と時間メモ!R$2:AI$9999,16,FALSE)) | S68: =IF(ISNA(VLOOKUP(業務内容と時間メモ!M68,業務内容と時間メモ!R$2:AI$9999,17,FALSE)),"",VLOOKUP(業務内容と時間メモ!M68,業務内容と時間メモ!R$2:AI$9999,17,FALSE)) -> シュート | T68: =IF(SUMIFS(業務内容と時間メモ!E:E,業務内容と時間メモ!AB:AB,N68,業務内容と時間メモ!AD:AD,O68)=0,"",SUMIFS(業務内容と時間メモ!E:E,業務内容と時間メモ!AB:AB,N68,業務内容と時間メモ!AD:AD,O68)) | U68: =IF(SUMIFS(業務内容と時間メモ!F:F,業務内容と時間メモ!AB:AB,N68,業務内容と時間メモ!AD:AD,O68)=0,"",SUMIFS(業務内容と時間メモ!F:F,業務内容と時間メモ!AB:AB,N68,業務内容と時間メモ!AD:AD,O68)) -> 50
A69: =IF(ISNA(VLOOKUP(K69,L69:S10066,3,FALSE)),"",VLOOKUP(K69,L68:S10066,3,FALSE)) | B69: =IF(ISNA(VLOOKUP(K69,L69:S10066,5,FALSE)),"",VLOOKUP(K69,L68:S10066,5,FALSE)&"など") | C69: =IF(SUMIF(N:N,A69,U:U)=0,"",SUMIF(N:N,A69,U:U)) | J69: =IF(O69="","",IF(OR(COUNTIF(O69,"*職場*"),COUNTIF(O69,"*後輩教育*")),"サブ","メイン")) -> メイン | K69: 左表に入れますねぇ68 | L69: =IF(M69="","",IF(COUNTIF(INDIRECT("M$1:M"&ROW()),"左表に入れますねぇ")>=1,"左表に入れますねぇ"&COUNTIF(INDIRECT("M$1:M"&ROW()),"左表に入れますねぇ"),"")) | M69: =IF(N69="","",IF(COUNTIF(N$1:N69,N69)>1,"",IF(COUNTIF(N:N,N69)>=1,"左表に入れますねぇ",""))) | N69: =IF(ISNA(VLOOKUP(業務内容と時間メモ!M69,業務内容と時間メモ!R$2:AI$9999,11,FALSE)),"",VLOOKUP(業務内容と時間メモ!M69,業務内容と時間メモ!R$2:AI$9999,11,FALSE)) -> 6 | O69: =IF(ISNA(VLOOKUP(業務内容と時間メモ!M69,業務内容と時間メモ!R$2:AI$9999,13,FALSE)),"",VLOOKUP(業務内容と時間メモ!M69,業務内容と時間メモ!R$2:AI$9999,13,FALSE)) -> 東プラ2号ダクト作図 | P69: =IF(ISNA(VLOOKUP(業務内容と時間メモ!M69,業務内容と時間メモ!R$2:AI$9999,15,FALSE)),"",VLOOKUP(業務内容と時間メモ!M69,業務内容と時間メモ!R$2:AI$9999,15,FALSE)) -> 東プラ2号 | Q69: =IF(ISNA(VLOOKUP(業務内容と時間メモ!M69,業務内容と時間メモ!R$2:AI$9999,14,FALSE)),"",VLOOKUP(業務内容と時間メモ!M69,業務内容と時間メモ!R$2:AI$9999,14,FALSE)) -> ダクト作図 | R69: =IF(ISNA(VLOOKUP(業務内容と時間メモ!M69,業務内容と時間メモ!R$2:AI$9999,16,FALSE)),"",VLOOKUP(業務内容と時間メモ!M69,業務内容と時間メモ!R$2:AI$9999,16,FALSE)) | S69: =IF(ISNA(VLOOKUP(業務内容と時間メモ!M69,業務内容と時間メモ!R$2:AI$9999,17,FALSE)),"",VLOOKUP(業務内容と時間メモ!M69,業務内容と時間メモ!R$2:AI$9999,17,FALSE)) -> ダクト | T69: =IF(SUMIFS(業務内容と時間メモ!E:E,業務内容と時間メモ!AB:AB,N69,業務内容と時間メモ!AD:AD,O69)=0,"",SUMIFS(業務内容と時間メモ!E:E,業務内容と時間メモ!AB:AB,N69,業務内容と時間メモ!AD:AD,O69)) | U69: =IF(SUMIFS(業務内容と時間メモ!F:F,業務内容と時間メモ!AB:AB,N69,業務内容と時間メモ!AD:AD,O69)=0,"",SUMIFS(業務内容と時間メモ!F:F,業務内容と時間メモ!AB:AB,N69,業務内容と時間メモ!AD:AD,O69)) -> 15.5
A70: =IF(ISNA(VLOOKUP(K70,L70:S10067,3,FALSE)),"",VLOOKUP(K70,L69:S10067,3,FALSE)) | B70: =IF(ISNA(VLOOKUP(K70,L70:S10067,5,FALSE)),"",VLOOKUP(K70,L69:S10067,5,FALSE)&"など") | C70: =IF(SUMIF(N:N,A70,U:U)=0,"",SUMIF(N:N,A70,U:U)) | J70: =IF(O70="","",IF(OR(COUNTIF(O70,"*職場*"),COUNTIF(O70,"*後輩教育*")),"サブ","メイン")) -> メイン | K70: 左表に入れますねぇ69 | L70: =IF(M70="","",IF(COUNTIF(INDIRECT("M$1:M"&ROW()),"左表に入れますねぇ")>=1,"左表に入れますねぇ"&COUNTIF(INDIRECT("M$1:M"&ROW()),"左表に入れますねぇ"),"")) | M70: =IF(N70="","",IF(COUNTIF(N$1:N70,N70)>1,"",IF(COUNTIF(N:N,N70)>=1,"左表に入れますねぇ",""))) | N70: =IF(ISNA(VLOOKUP(業務内容と時間メモ!M70,業務内容と時間メモ!R$2:AI$9999,11,FALSE)),"",VLOOKUP(業務内容と時間メモ!M70,業務内容と時間メモ!R$2:AI$9999,11,FALSE)) -> 6 | O70: =IF(ISNA(VLOOKUP(業務内容と時間メモ!M70,業務内容と時間メモ!R$2:AI$9999,13,FALSE)),"",VLOOKUP(業務内容と時間メモ!M70,業務内容と時間メモ!R$2:AI$9999,13,FALSE)) -> 新河岸5号受座/振止メ作図 | P70: =IF(ISNA(VLOOKUP(業務内容と時間メモ!M70,業務内容と時間メモ!R$2:AI$9999,15,FALSE)),"",VLOOKUP(業務内容と時間メモ!M70,業務内容と時間メモ!R$2:AI$9999,15,FALSE)) -> 新河岸5号 | Q70: =IF(ISNA(VLOOKUP(業務内容と時間メモ!M70,業務内容と時間メモ!R$2:AI$9999,14,FALSE)),"",VLOOKUP(業務内容と時間メモ!M70,業務内容と時間メモ!R$2:AI$9999,14,FALSE)) -> 受座/振止メ作図 | R70: =IF(ISNA(VLOOKUP(業務内容と時間メモ!M70,業務内容と時間メモ!R$2:AI$9999,16,FALSE)),"",VLOOKUP(業務内容と時間メモ!M70,業務内容と時間メモ!R$2:AI$9999,16,FALSE)) | S70: =IF(ISNA(VLOOKUP(業務内容と時間メモ!M70,業務内容と時間メモ!R$2:AI$9999,17,FALSE)),"",VLOOKUP(業務内容と時間メモ!M70,業務内容と時間メモ!R$2:AI$9999,17,FALSE)) -> 受座/振止メ | T70: =IF(SUMIFS(業務内容と時間メモ!E:E,業務内容と時間メモ!AB:AB,N70,業務内容と時間メモ!AD:AD,O70)=0,"",SUMIFS(業務内容と時間メモ!E:E,業務内容と時間メモ!AB:AB,N70,業務内容と時間メモ!AD:AD,O70)) | U70: =IF(SUMIFS(業務内容と時間メモ!F:F,業務内容と時間メモ!AB:AB,N70,業務内容と時間メモ!AD:AD,O70)=0,"",SUMIFS(業務内容と時間メモ!F:F,業務内容と時間メモ!AB:AB,N70,業務内容と時間メモ!AD:AD,O70)) -> 98.25
A71: =IF(ISNA(VLOOKUP(K71,L71:S10068,3,FALSE)),"",VLOOKUP(K71,L70:S10068,3,FALSE)) | B71: =IF(ISNA(VLOOKUP(K71,L71:S10068,5,FALSE)),"",VLOOKUP(K71,L70:S10068,5,FALSE)&"など") | C71: =IF(SUMIF(N:N,A71,U:U)=0,"",SUMIF(N:N,A71,U:U)) | J71: =IF(O71="","",IF(OR(COUNTIF(O71,"*職場*"),COUNTIF(O71,"*後輩教育*")),"サブ","メイン")) -> メイン | K71: 左表に入れますねぇ70 | L71: =IF(M71="","",IF(COUNTIF(INDIRECT("M$1:M"&ROW()),"左表に入れますねぇ")>=1,"左表に入れますねぇ"&COUNTIF(INDIRECT("M$1:M"&ROW()),"左表に入れますねぇ"),"")) -> 左表に入れますねぇ10 | M71: =IF(N71="","",IF(COUNTIF(N$1:N71,N71)>1,"",IF(COUNTIF(N:N,N71)>=1,"左表に入れますねぇ",""))) -> 左表に入れますねぇ | N71: =IF(ISNA(VLOOKUP(業務内容と時間メモ!M71,業務内容と時間メモ!R$2:AI$9999,11,FALSE)),"",VLOOKUP(業務内容と時間メモ!M71,業務内容と時間メモ!R$2:AI$9999,11,FALSE)) -> 7 | O71: =IF(ISNA(VLOOKUP(業務内容と時間メモ!M71,業務内容と時間メモ!R$2:AI$9999,13,FALSE)),"",VLOOKUP(業務内容と時間メモ!M71,業務内容と時間メモ!R$2:AI$9999,13,FALSE)) -> 新河岸5号受座/振止メ作図 | P71: =IF(ISNA(VLOOKUP(業務内容と時間メモ!M71,業務内容と時間メモ!R$2:AI$9999,15,FALSE)),"",VLOOKUP(業務内容と時間メモ!M71,業務内容と時間メモ!R$2:AI$9999,15,FALSE)) -> 新河岸5号 | Q71: =IF(ISNA(VLOOKUP(業務内容と時間メモ!M71,業務内容と時間メモ!R$2:AI$9999,14,FALSE)),"",VLOOKUP(業務内容と時間メモ!M71,業務内容と時間メモ!R$2:AI$9999,14,FALSE)) -> 受座/振止メ作図 | R71: =IF(ISNA(VLOOKUP(業務内容と時間メモ!M71,業務内容と時間メモ!R$2:AI$9999,16,FALSE)),"",VLOOKUP(業務内容と時間メモ!M71,業務内容と時間メモ!R$2:AI$9999,16,FALSE)) | S71: =IF(ISNA(VLOOKUP(業務内容と時間メモ!M71,業務内容と時間メモ!R$2:AI$9999,17,FALSE)),"",VLOOKUP(業務内容と時間メモ!M71,業務内容と時間メモ!R$2:AI$9999,17,FALSE)) -> 受座/振止メ | T71: =IF(SUMIFS(業務内容と時間メモ!E:E,業務内容と時間メモ!AB:AB,N71,業務内容と時間メモ!AD:AD,O71)=0,"",SUMIFS(業務内容と時間メモ!E:E,業務内容と時間メモ!AB:AB,N71,業務内容と時間メモ!AD:AD,O71)) | U71: =IF(SUMIFS(業務内容と時間メモ!F:F,業務内容と時間メモ!AB:AB,N71,業務内容と時間メモ!AD:AD,O71)=0,"",SUMIFS(業務内容と時間メモ!F:F,業務内容と時間メモ!AB:AB,N71,業務内容と時間メモ!AD:AD,O71)) -> 22.25
A72: =IF(ISNA(VLOOKUP(K72,L72:S10069,3,FALSE)),"",VLOOKUP(K72,L71:S10069,3,FALSE)) | B72: =IF(ISNA(VLOOKUP(K72,L72:S10069,5,FALSE)),"",VLOOKUP(K72,L71:S10069,5,FALSE)&"など") | C72: =IF(SUMIF(N:N,A72,U:U)=0,"",SUMIF(N:N,A72,U:U)) | J72: =IF(O72="","",IF(OR(COUNTIF(O72,"*職場*"),COUNTIF(O72,"*後輩教育*")),"サブ","メイン")) -> メイン | K72: 左表に入れますねぇ71 | L72: =IF(M72="","",IF(COUNTIF(INDIRECT("M$1:M"&ROW()),"左表に入れますねぇ")>=1,"左表に入れますねぇ"&COUNTIF(INDIRECT("M$1:M"&ROW()),"左表に入れますねぇ"),"")) | M72: =IF(N72="","",IF(COUNTIF(N$1:N72,N72)>1,"",IF(COUNTIF(N:N,N72)>=1,"左表に入れますねぇ",""))) | N72: =IF(ISNA(VLOOKUP(業務内容と時間メモ!M72,業務内容と時間メモ!R$2:AI$9999,11,FALSE)),"",VLOOKUP(業務内容と時間メモ!M72,業務内容と時間メモ!R$2:AI$9999,11,FALSE)) -> 7 | O72: =IF(ISNA(VLOOKUP(業務内容と時間メモ!M72,業務内容と時間メモ!R$2:AI$9999,13,FALSE)),"",VLOOKUP(業務内容と時間メモ!M72,業務内容と時間メモ!R$2:AI$9999,13,FALSE)) -> 新河岸5号点検ステージ作図 | P72: =IF(ISNA(VLOOKUP(業務内容と時間メモ!M72,業務内容と時間メモ!R$2:AI$9999,15,FALSE)),"",VLOOKUP(業務内容と時間メモ!M72,業務内容と時間メモ!R$2:AI$9999,15,FALSE)) -> 新河岸5号 | Q72: =IF(ISNA(VLOOKUP(業務内容と時間メモ!M72,業務内容と時間メモ!R$2:AI$9999,14,FALSE)),"",VLOOKUP(業務内容と時間メモ!M72,業務内容と時間メモ!R$2:AI$9999,14,FALSE)) -> 点検ステージ作図 | R72: =IF(ISNA(VLOOKUP(業務内容と時間メモ!M72,業務内容と時間メモ!R$2:AI$9999,16,FALSE)),"",VLOOKUP(業務内容と時間メモ!M72,業務内容と時間メモ!R$2:AI$9999,16,FALSE)) | S72: =IF(ISNA(VLOOKUP(業務内容と時間メモ!M72,業務内容と時間メモ!R$2:AI$9999,17,FALSE)),"",VLOOKUP(業務内容と時間メモ!M72,業務内容と時間メモ!R$2:AI$9999,17,FALSE)) -> 点検ステージ | T72: =IF(SUMIFS(業務内容と時間メモ!E:E,業務内容と時間メモ!AB:AB,N72,業務内容と時間メモ!AD:AD,O72)=0,"",SUMIFS(業務内容と時間メモ!E:E,業務内容と時間メモ!AB:AB,N72,業務内容と時間メモ!AD:AD,O72)) | U72: =IF(SUMIFS(業務内容と時間メモ!F:F,業務内容と時間メモ!AB:AB,N72,業務内容と時間メモ!AD:AD,O72)=0,"",SUMIFS(業務内容と時間メモ!F:F,業務内容と時間メモ!AB:AB,N72,業務内容と時間メモ!AD:AD,O72)) -> 93
A73: =IF(ISNA(VLOOKUP(K73,L73:S10070,3,FALSE)),"",VLOOKUP(K73,L72:S10070,3,FALSE)) | B73: =IF(ISNA(VLOOKUP(K73,L73:S10070,5,FALSE)),"",VLOOKUP(K73,L72:S10070,5,FALSE)&"など") | C73: =IF(SUMIF(N:N,A73,U:U)=0,"",SUMIF(N:N,A73,U:U)) | J73: =IF(O73="","",IF(OR(COUNTIF(O73,"*職場*"),COUNTIF(O73,"*後輩教育*")),"サブ","メイン")) -> メイン | K73: 左表に入れますねぇ72 | L73: =IF(M73="","",IF(COUNTIF(INDIRECT("M$1:M"&ROW()),"左表に入れますねぇ")>=1,"左表に入れますねぇ"&COUNTIF(INDIRECT("M$1:M"&ROW()),"左表に入れますねぇ"),"")) | M73: =IF(N73="","",IF(COUNTIF(N$1:N73,N73)>1,"",IF(COUNTIF(N:N,N73)>=1,"左表に入れますねぇ",""))) | N73: =IF(ISNA(VLOOKUP(業務内容と時間メモ!M73,業務内容と時間メモ!R$2:AI$9999,11,FALSE)),"",VLOOKUP(業務内容と時間メモ!M73,業務内容と時間メモ!R$2:AI$9999,11,FALSE)) -> 7 | O73: =IF(ISNA(VLOOKUP(業務内容と時間メモ!M73,業務内容と時間メモ!R$2:AI$9999,13,FALSE)),"",VLOOKUP(業務内容と時間メモ!M73,業務内容と時間メモ!R$2:AI$9999,13,FALSE)) -> 東プラダクト作図 | P73: =IF(ISNA(VLOOKUP(業務内容と時間メモ!M73,業務内容と時間メモ!R$2:AI$9999,15,FALSE)),"",VLOOKUP(業務内容と時間メモ!M73,業務内容と時間メモ!R$2:AI$9999,15,FALSE)) -> 東プラ | Q73: =IF(ISNA(VLOOKUP(業務内容と時間メモ!M73,業務内容と時間メモ!R$2:AI$9999,14,FALSE)),"",VLOOKUP(業務内容と時間メモ!M73,業務内容と時間メモ!R$2:AI$9999,14,FALSE)) -> ダクト作図 | R73: =IF(ISNA(VLOOKUP(業務内容と時間メモ!M73,業務内容と時間メモ!R$2:AI$9999,16,FALSE)),"",VLOOKUP(業務内容と時間メモ!M73,業務内容と時間メモ!R$2:AI$9999,16,FALSE)) | S73: =IF(ISNA(VLOOKUP(業務内容と時間メモ!M73,業務内容と時間メモ!R$2:AI$9999,17,FALSE)),"",VLOOKUP(業務内容と時間メモ!M73,業務内容と時間メモ!R$2:AI$9999,17,FALSE)) -> ダクト | T73: =IF(SUMIFS(業務内容と時間メモ!E:E,業務内容と時間メモ!AB:AB,N73,業務内容と時間メモ!AD:AD,O73)=0,"",SUMIFS(業務内容と時間メモ!E:E,業務内容と時間メモ!AB:AB,N73,業務内容と時間メモ!AD:AD,O73)) | U73: =IF(SUMIFS(業務内容と時間メモ!F:F,業務内容と時間メモ!AB:AB,N73,業務内容と時間メモ!AD:AD,O73)=0,"",SUMIFS(業務内容と時間メモ!F:F,業務内容と時間メモ!AB:AB,N73,業務内容と時間メモ!AD:AD,O73)) -> 15.5
A74: =IF(ISNA(VLOOKUP(K74,L74:S10071,3,FALSE)),"",VLOOKUP(K74,L73:S10071,3,FALSE)) | B74: =IF(ISNA(VLOOKUP(K74,L74:S10071,5,FALSE)),"",VLOOKUP(K74,L73:S10071,5,FALSE)&"など") | C74: =IF(SUMIF(N:N,A74,U:U)=0,"",SUMIF(N:N,A74,U:U)) | J74: =IF(O74="","",IF(OR(COUNTIF(O74,"*職場*"),COUNTIF(O74,"*後輩教育*")),"サブ","メイン")) -> メイン | K74: 左表に入れますねぇ73 | L74: =IF(M74="","",IF(COUNTIF(INDIRECT("M$1:M"&ROW()),"左表に入れますねぇ")>=1,"左表に入れますねぇ"&COUNTIF(INDIRECT("M$1:M"&ROW()),"左表に入れますねぇ"),"")) | M74: =IF(N74="","",IF(COUNTIF(N$1:N74,N74)>1,"",IF(COUNTIF(N:N,N74)>=1,"左表に入れますねぇ",""))) | N74: =IF(ISNA(VLOOKUP(業務内容と時間メモ!M74,業務内容と時間メモ!R$2:AI$9999,11,FALSE)),"",VLOOKUP(業務内容と時間メモ!M74,業務内容と時間メモ!R$2:AI$9999,11,FALSE)) -> 7 | O74: =IF(ISNA(VLOOKUP(業務内容と時間メモ!M74,業務内容と時間メモ!R$2:AI$9999,13,FALSE)),"",VLOOKUP(業務内容と時間メモ!M74,業務内容と時間メモ!R$2:AI$9999,13,FALSE)) -> 新河岸5号ラダー作図 | P74: =IF(ISNA(VLOOKUP(業務内容と時間メモ!M74,業務内容と時間メモ!R$2:AI$9999,15,FALSE)),"",VLOOKUP(業務内容と時間メモ!M74,業務内容と時間メモ!R$2:AI$9999,15,FALSE)) -> 新河岸5号 | Q74: =IF(ISNA(VLOOKUP(業務内容と時間メモ!M74,業務内容と時間メモ!R$2:AI$9999,14,FALSE)),"",VLOOKUP(業務内容と時間メモ!M74,業務内容と時間メモ!R$2:AI$9999,14,FALSE)) -> ラダー作図 | R74: =IF(ISNA(VLOOKUP(業務内容と時間メモ!M74,業務内容と時間メモ!R$2:AI$9999,16,FALSE)),"",VLOOKUP(業務内容と時間メモ!M74,業務内容と時間メモ!R$2:AI$9999,16,FALSE)) | S74: =IF(ISNA(VLOOKUP(業務内容と時間メモ!M74,業務内容と時間メモ!R$2:AI$9999,17,FALSE)),"",VLOOKUP(業務内容と時間メモ!M74,業務内容と時間メモ!R$2:AI$9999,17,FALSE)) -> ラダー | T74: =IF(SUMIFS(業務内容と時間メモ!E:E,業務内容と時間メモ!AB:AB,N74,業務内容と時間メモ!AD:AD,O74)=0,"",SUMIFS(業務内容と時間メモ!E:E,業務内容と時間メモ!AB:AB,N74,業務内容と時間メモ!AD:AD,O74)) | U74: =IF(SUMIFS(業務内容と時間メモ!F:F,業務内容と時間メモ!AB:AB,N74,業務内容と時間メモ!AD:AD,O74)=0,"",SUMIFS(業務内容と時間メモ!F:F,業務内容と時間メモ!AB:AB,N74,業務内容と時間メモ!AD:AD,O74)) -> 46.5
A75: =IF(ISNA(VLOOKUP(K75,L75:S10072,3,FALSE)),"",VLOOKUP(K75,L74:S10072,3,FALSE)) | B75: =IF(ISNA(VLOOKUP(K75,L75:S10072,5,FALSE)),"",VLOOKUP(K75,L74:S10072,5,FALSE)&"など") | C75: =IF(SUMIF(N:N,A75,U:U)=0,"",SUMIF(N:N,A75,U:U)) | J75: =IF(O75="","",IF(OR(COUNTIF(O75,"*職場*"),COUNTIF(O75,"*後輩教育*")),"サブ","メイン")) -> メイン | K75: 左表に入れますねぇ74 | L75: =IF(M75="","",IF(COUNTIF(INDIRECT("M$1:M"&ROW()),"左表に入れますねぇ")>=1,"左表に入れますねぇ"&COUNTIF(INDIRECT("M$1:M"&ROW()),"左表に入れますねぇ"),"")) -> 左表に入れますねぇ11 | M75: =IF(N75="","",IF(COUNTIF(N$1:N75,N75)>1,"",IF(COUNTIF(N:N,N75)>=1,"左表に入れますねぇ",""))) -> 左表に入れますねぇ | N75: =IF(ISNA(VLOOKUP(業務内容と時間メモ!M75,業務内容と時間メモ!R$2:AI$9999,11,FALSE)),"",VLOOKUP(業務内容と時間メモ!M75,業務内容と時間メモ!R$2:AI$9999,11,FALSE)) -> 8 | O75: =IF(ISNA(VLOOKUP(業務内容と時間メモ!M75,業務内容と時間メモ!R$2:AI$9999,13,FALSE)),"",VLOOKUP(業務内容と時間メモ!M75,業務内容と時間メモ!R$2:AI$9999,13,FALSE)) -> 仙塩浄化センター砂冷却コンベヤ作図 | P75: =IF(ISNA(VLOOKUP(業務内容と時間メモ!M75,業務内容と時間メモ!R$2:AI$9999,15,FALSE)),"",VLOOKUP(業務内容と時間メモ!M75,業務内容と時間メモ!R$2:AI$9999,15,FALSE)) -> 仙塩浄化センター | Q75: =IF(ISNA(VLOOKUP(業務内容と時間メモ!M75,業務内容と時間メモ!R$2:AI$9999,14,FALSE)),"",VLOOKUP(業務内容と時間メモ!M75,業務内容と時間メモ!R$2:AI$9999,14,FALSE)) -> 砂冷却コンベヤ作図 | R75: =IF(ISNA(VLOOKUP(業務内容と時間メモ!M75,業務内容と時間メモ!R$2:AI$9999,16,FALSE)),"",VLOOKUP(業務内容と時間メモ!M75,業務内容と時間メモ!R$2:AI$9999,16,FALSE)) | S75: =IF(ISNA(VLOOKUP(業務内容と時間メモ!M75,業務内容と時間メモ!R$2:AI$9999,17,FALSE)),"",VLOOKUP(業務内容と時間メモ!M75,業務内容と時間メモ!R$2:AI$9999,17,FALSE)) -> 砂冷却コンベヤ | T75: =IF(SUMIFS(業務内容と時間メモ!E:E,業務内容と時間メモ!AB:AB,N75,業務内容と時間メモ!AD:AD,O75)=0,"",SUMIFS(業務内容と時間メモ!E:E,業務内容と時間メモ!AB:AB,N75,業務内容と時間メモ!AD:AD,O75)) | U75: =IF(SUMIFS(業務内容と時間メモ!F:F,業務内容と時間メモ!AB:AB,N75,業務内容と時間メモ!AD:AD,O75)=0,"",SUMIFS(業務内容と時間メモ!F:F,業務内容と時間メモ!AB:AB,N75,業務内容と時間メモ!AD:AD,O75)) -> 46.5
A76: =IF(ISNA(VLOOKUP(K76,L76:S10073,3,FALSE)),"",VLOOKUP(K76,L75:S10073,3,FALSE)) | B76: =IF(ISNA(VLOOKUP(K76,L76:S10073,5,FALSE)),"",VLOOKUP(K76,L75:S10073,5,FALSE)&"など") | C76: =IF(SUMIF(N:N,A76,U:U)=0,"",SUMIF(N:N,A76,U:U)) | J76: =IF(O76="","",IF(OR(COUNTIF(O76,"*職場*"),COUNTIF(O76,"*後輩教育*")),"サブ","メイン")) -> メイン | K76: 左表に入れますねぇ75 | L76: =IF(M76="","",IF(COUNTIF(INDIRECT("M$1:M"&ROW()),"左表に入れますねぇ")>=1,"左表に入れますねぇ"&COUNTIF(INDIRECT("M$1:M"&ROW()),"左表に入れますねぇ"),"")) | M76: =IF(N76="","",IF(COUNTIF(N$1:N76,N76)>1,"",IF(COUNTIF(N:N,N76)>=1,"左表に入れますねぇ",""))) | N76: =IF(ISNA(VLOOKUP(業務内容と時間メモ!M76,業務内容と時間メモ!R$2:AI$9999,11,FALSE)),"",VLOOKUP(業務内容と時間メモ!M76,業務内容と時間メモ!R$2:AI$9999,11,FALSE)) -> 8 | O76: =IF(ISNA(VLOOKUP(業務内容と時間メモ!M76,業務内容と時間メモ!R$2:AI$9999,13,FALSE)),"",VLOOKUP(業務内容と時間メモ!M76,業務内容と時間メモ!R$2:AI$9999,13,FALSE)) -> 新河岸5号点検ステージ作図 | P76: =IF(ISNA(VLOOKUP(業務内容と時間メモ!M76,業務内容と時間メモ!R$2:AI$9999,15,FALSE)),"",VLOOKUP(業務内容と時間メモ!M76,業務内容と時間メモ!R$2:AI$9999,15,FALSE)) -> 新河岸5号 | Q76: =IF(ISNA(VLOOKUP(業務内容と時間メモ!M76,業務内容と時間メモ!R$2:AI$9999,14,FALSE)),"",VLOOKUP(業務内容と時間メモ!M76,業務内容と時間メモ!R$2:AI$9999,14,FALSE)) -> 点検ステージ作図 | R76: =IF(ISNA(VLOOKUP(業務内容と時間メモ!M76,業務内容と時間メモ!R$2:AI$9999,16,FALSE)),"",VLOOKUP(業務内容と時間メモ!M76,業務内容と時間メモ!R$2:AI$9999,16,FALSE)) | S76: =IF(ISNA(VLOOKUP(業務内容と時間メモ!M76,業務内容と時間メモ!R$2:AI$9999,17,FALSE)),"",VLOOKUP(業務内容と時間メモ!M76,業務内容と時間メモ!R$2:AI$9999,17,FALSE)) -> 点検ステージ | T76: =IF(SUMIFS(業務内容と時間メモ!E:E,業務内容と時間メモ!AB:AB,N76,業務内容と時間メモ!AD:AD,O76)=0,"",SUMIFS(業務内容と時間メモ!E:E,業務内容と時間メモ!AB:AB,N76,業務内容と時間メモ!AD:AD,O76)) | U76: =IF(SUMIFS(業務内容と時間メモ!F:F,業務内容と時間メモ!AB:AB,N76,業務内容と時間メモ!AD:AD,O76)=0,"",SUMIFS(業務内容と時間メモ!F:F,業務内容と時間メモ!AB:AB,N76,業務内容と時間メモ!AD:AD,O76)) -> 31
A77: =IF(ISNA(VLOOKUP(K77,L77:S10074,3,FALSE)),"",VLOOKUP(K77,L76:S10074,3,FALSE)) | B77: =IF(ISNA(VLOOKUP(K77,L77:S10074,5,FALSE)),"",VLOOKUP(K77,L76:S10074,5,FALSE)&"など") | C77: =IF(SUMIF(N:N,A77,U:U)=0,"",SUMIF(N:N,A77,U:U)) | J77: =IF(O77="","",IF(OR(COUNTIF(O77,"*職場*"),COUNTIF(O77,"*後輩教育*")),"サブ","メイン")) -> メイン | K77: 左表に入れますねぇ76 | L77: =IF(M77="","",IF(COUNTIF(INDIRECT("M$1:M"&ROW()),"左表に入れますねぇ")>=1,"左表に入れますねぇ"&COUNTIF(INDIRECT("M$1:M"&ROW()),"左表に入れますねぇ"),"")) | M77: =IF(N77="","",IF(COUNTIF(N$1:N77,N77)>1,"",IF(COUNTIF(N:N,N77)>=1,"左表に入れますねぇ",""))) | N77: =IF(ISNA(VLOOKUP(業務内容と時間メモ!M77,業務内容と時間メモ!R$2:AI$9999,11,FALSE)),"",VLOOKUP(業務内容と時間メモ!M77,業務内容と時間メモ!R$2:AI$9999,11,FALSE)) -> 8 | O77: =IF(ISNA(VLOOKUP(業務内容と時間メモ!M77,業務内容と時間メモ!R$2:AI$9999,13,FALSE)),"",VLOOKUP(業務内容と時間メモ!M77,業務内容と時間メモ!R$2:AI$9999,13,FALSE)) -> 東プラダクト現場見学 | P77: =IF(ISNA(VLOOKUP(業務内容と時間メモ!M77,業務内容と時間メモ!R$2:AI$9999,15,FALSE)),"",VLOOKUP(業務内容と時間メモ!M77,業務内容と時間メモ!R$2:AI$9999,15,FALSE)) -> 東プラ | Q77: =IF(ISNA(VLOOKUP(業務内容と時間メモ!M77,業務内容と時間メモ!R$2:AI$9999,14,FALSE)),"",VLOOKUP(業務内容と時間メモ!M77,業務内容と時間メモ!R$2:AI$9999,14,FALSE)) -> ダクト現場見学 | R77: =IF(ISNA(VLOOKUP(業務内容と時間メモ!M77,業務内容と時間メモ!R$2:AI$9999,16,FALSE)),"",VLOOKUP(業務内容と時間メモ!M77,業務内容と時間メモ!R$2:AI$9999,16,FALSE)) | S77: =IF(ISNA(VLOOKUP(業務内容と時間メモ!M77,業務内容と時間メモ!R$2:AI$9999,17,FALSE)),"",VLOOKUP(業務内容と時間メモ!M77,業務内容と時間メモ!R$2:AI$9999,17,FALSE)) -> ダクト | T77: =IF(SUMIFS(業務内容と時間メモ!E:E,業務内容と時間メモ!AB:AB,N77,業務内容と時間メモ!AD:AD,O77)=0,"",SUMIFS(業務内容と時間メモ!E:E,業務内容と時間メモ!AB:AB,N77,業務内容と時間メモ!AD:AD,O77)) | U77: =IF(SUMIFS(業務内容と時間メモ!F:F,業務内容と時間メモ!AB:AB,N77,業務内容と時間メモ!AD:AD,O77)=0,"",SUMIFS(業務内容と時間メモ!F:F,業務内容と時間メモ!AB:AB,N77,業務内容と時間メモ!AD:AD,O77)) -> 7.75
A78: =IF(ISNA(VLOOKUP(K78,L78:S10075,3,FALSE)),"",VLOOKUP(K78,L77:S10075,3,FALSE)) | B78: =IF(ISNA(VLOOKUP(K78,L78:S10075,5,FALSE)),"",VLOOKUP(K78,L77:S10075,5,FALSE)&"など") | C78: =IF(SUMIF(N:N,A78,U:U)=0,"",SUMIF(N:N,A78,U:U)) | J78: =IF(O78="","",IF(OR(COUNTIF(O78,"*職場*"),COUNTIF(O78,"*後輩教育*")),"サブ","メイン")) | K78: 左表に入れますねぇ85 | L78: =IF(M78="","",IF(COUNTIF(INDIRECT("M$1:M"&ROW()),"左表に入れますねぇ")>=1,"左表に入れますねぇ"&COUNTIF(INDIRECT("M$1:M"&ROW()),"左表に入れますねぇ"),"")) | M78: =IF(N78="","",IF(COUNTIF(N$1:N78,N78)>1,"",IF(COUNTIF(N:N,N78)>=1,"左表に入れますねぇ",""))) | N78: =IF(ISNA(VLOOKUP(業務内容と時間メモ!M86,業務内容と時間メモ!R$2:AI$9999,11,FALSE)),"",VLOOKUP(業務内容と時間メモ!M86,業務内容と時間メモ!R$2:AI$9999,11,FALSE)) | O78: =IF(ISNA(VLOOKUP(業務内容と時間メモ!M86,業務内容と時間メモ!R$2:AI$9999,13,FALSE)),"",VLOOKUP(業務内容と時間メモ!M86,業務内容と時間メモ!R$2:AI$9999,13,FALSE)) | P78: =IF(ISNA(VLOOKUP(業務内容と時間メモ!M86,業務内容と時間メモ!R$2:AI$9999,15,FALSE)),"",VLOOKUP(業務内容と時間メモ!M86,業務内容と時間メモ!R$2:AI$9999,15,FALSE)) | Q78: =IF(ISNA(VLOOKUP(業務内容と時間メモ!M86,業務内容と時間メモ!R$2:AI$9999,14,FALSE)),"",VLOOKUP(業務内容と時間メモ!M86,業務内容と時間メモ!R$2:AI$9999,14,FALSE)) | R78: =IF(ISNA(VLOOKUP(業務内容と時間メモ!M86,業務内容と時間メモ!R$2:AI$9999,16,FALSE)),"",VLOOKUP(業務内容と時間メモ!M86,業務内容と時間メモ!R$2:AI$9999,16,FALSE)) | S78: =IF(ISNA(VLOOKUP(業務内容と時間メモ!M86,業務内容と時間メモ!R$2:AI$9999,17,FALSE)),"",VLOOKUP(業務内容と時間メモ!M86,業務内容と時間メモ!R$2:AI$9999,17,FALSE)) | T78: =IF(SUMIFS(業務内容と時間メモ!E:E,業務内容と時間メモ!AB:AB,N78,業務内容と時間メモ!AD:AD,O78)=0,"",SUMIFS(業務内容と時間メモ!E:E,業務内容と時間メモ!AB:AB,N78,業務内容と時間メモ!AD:AD,O78)) | U78: =IF(SUMIFS(業務内容と時間メモ!F:F,業務内容と時間メモ!AB:AB,N78,業務内容と時間メモ!AD:AD,O78)=0,"",SUMIFS(業務内容と時間メモ!F:F,業務内容と時間メモ!AB:AB,N78,業務内容と時間メモ!AD:AD,O78))
A79: =IF(ISNA(VLOOKUP(K79,L79:S10076,3,FALSE)),"",VLOOKUP(K79,L78:S10076,3,FALSE)) | B79: =IF(ISNA(VLOOKUP(K79,L79:S10076,5,FALSE)),"",VLOOKUP(K79,L78:S10076,5,FALSE)&"など") | C79: =IF(SUMIF(N:N,A79,U:U)=0,"",SUMIF(N:N,A79,U:U)) | J79: =IF(O79="","",IF(OR(COUNTIF(O79,"*職場*"),COUNTIF(O79,"*後輩教育*")),"サブ","メイン")) -> メイン | K79: 左表に入れますねぇ78 | L79: =IF(M79="","",IF(COUNTIF(INDIRECT("M$1:M"&ROW()),"左表に入れますねぇ")>=1,"左表に入れますねぇ"&COUNTIF(INDIRECT("M$1:M"&ROW()),"左表に入れますねぇ"),"")) | M79: =IF(N79="","",IF(COUNTIF(N$1:N79,N79)>1,"",IF(COUNTIF(N:N,N79)>=1,"左表に入れますねぇ",""))) | N79: =IF(ISNA(VLOOKUP(業務内容と時間メモ!M79,業務内容と時間メモ!R$2:AI$9999,11,FALSE)),"",VLOOKUP(業務内容と時間メモ!M79,業務内容と時間メモ!R$2:AI$9999,11,FALSE)) -> 8 | O79: =IF(ISNA(VLOOKUP(業務内容と時間メモ!M79,業務内容と時間メモ!R$2:AI$9999,13,FALSE)),"",VLOOKUP(業務内容と時間メモ!M79,業務内容と時間メモ!R$2:AI$9999,13,FALSE)) -> 新河岸5号壁ブラケット作図 | P79: =IF(ISNA(VLOOKUP(業務内容と時間メモ!M79,業務内容と時間メモ!R$2:AI$9999,15,FALSE)),"",VLOOKUP(業務内容と時間メモ!M79,業務内容と時間メモ!R$2:AI$9999,15,FALSE)) -> 新河岸5号 | Q79: =IF(ISNA(VLOOKUP(業務内容と時間メモ!M79,業務内容と時間メモ!R$2:AI$9999,14,FALSE)),"",VLOOKUP(業務内容と時間メモ!M79,業務内容と時間メモ!R$2:AI$9999,14,FALSE)) -> 壁ブラケット作図 | R79: =IF(ISNA(VLOOKUP(業務内容と時間メモ!M79,業務内容と時間メモ!R$2:AI$9999,16,FALSE)),"",VLOOKUP(業務内容と時間メモ!M79,業務内容と時間メモ!R$2:AI$9999,16,FALSE)) | S79: =IF(ISNA(VLOOKUP(業務内容と時間メモ!M79,業務内容と時間メモ!R$2:AI$9999,17,FALSE)),"",VLOOKUP(業務内容と時間メモ!M79,業務内容と時間メモ!R$2:AI$9999,17,FALSE)) -> 壁ブラケット | T79: =IF(SUMIFS(業務内容と時間メモ!E:E,業務内容と時間メモ!AB:AB,N79,業務内容と時間メモ!AD:AD,O79)=0,"",SUMIFS(業務内容と時間メモ!E:E,業務内容と時間メモ!AB:AB,N79,業務内容と時間メモ!AD:AD,O79)) | U79: =IF(SUMIFS(業務内容と時間メモ!F:F,業務内容と時間メモ!AB:AB,N79,業務内容と時間メモ!AD:AD,O79)=0,"",SUMIFS(業務内容と時間メモ!F:F,業務内容と時間メモ!AB:AB,N79,業務内容と時間メモ!AD:AD,O79)) -> 31
A80: =IF(ISNA(VLOOKUP(K80,L80:S10077,3,FALSE)),"",VLOOKUP(K80,L79:S10077,3,FALSE)) | B80: =IF(ISNA(VLOOKUP(K80,L80:S10077,5,FALSE)),"",VLOOKUP(K80,L79:S10077,5,FALSE)&"など") | C80: =IF(SUMIF(N:N,A80,U:U)=0,"",SUMIF(N:N,A80,U:U)) | J80: =IF(O80="","",IF(OR(COUNTIF(O80,"*職場*"),COUNTIF(O80,"*後輩教育*")),"サブ","メイン")) -> サブ | K80: 左表に入れますねぇ77 | L80: =IF(M80="","",IF(COUNTIF(INDIRECT("M$1:M"&ROW()),"左表に入れますねぇ")>=1,"左表に入れますねぇ"&COUNTIF(INDIRECT("M$1:M"&ROW()),"左表に入れますねぇ"),"")) | M80: =IF(N80="","",IF(COUNTIF(N$1:N80,N80)>1,"",IF(COUNTIF(N:N,N80)>=1,"左表に入れますねぇ",""))) | N80: =IF(ISNA(VLOOKUP(業務内容と時間メモ!M78,業務内容と時間メモ!R$2:AI$9999,11,FALSE)),"",VLOOKUP(業務内容と時間メモ!M78,業務内容と時間メモ!R$2:AI$9999,11,FALSE)) -> 8 | O80: =IF(ISNA(VLOOKUP(業務内容と時間メモ!M78,業務内容と時間メモ!R$2:AI$9999,13,FALSE)),"",VLOOKUP(業務内容と時間メモ!M78,業務内容と時間メモ!R$2:AI$9999,13,FALSE)) -> 後輩教育新人PCセットアップ | P80: =IF(ISNA(VLOOKUP(業務内容と時間メモ!M78,業務内容と時間メモ!R$2:AI$9999,15,FALSE)),"",VLOOKUP(業務内容と時間メモ!M78,業務内容と時間メモ!R$2:AI$9999,15,FALSE)) -> 後輩教育 | Q80: =IF(ISNA(VLOOKUP(業務内容と時間メモ!M78,業務内容と時間メモ!R$2:AI$9999,14,FALSE)),"",VLOOKUP(業務内容と時間メモ!M78,業務内容と時間メモ!R$2:AI$9999,14,FALSE)) -> 新人PCセットアップ | R80: =IF(ISNA(VLOOKUP(業務内容と時間メモ!M78,業務内容と時間メモ!R$2:AI$9999,16,FALSE)),"",VLOOKUP(業務内容と時間メモ!M78,業務内容と時間メモ!R$2:AI$9999,16,FALSE)) | S80: =IF(ISNA(VLOOKUP(業務内容と時間メモ!M78,業務内容と時間メモ!R$2:AI$9999,17,FALSE)),"",VLOOKUP(業務内容と時間メモ!M78,業務内容と時間メモ!R$2:AI$9999,17,FALSE)) -> 新人PC | T80: =IF(SUMIFS(業務内容と時間メモ!E:E,業務内容と時間メモ!AB:AB,N80,業務内容と時間メモ!AD:AD,O80)=0,"",SUMIFS(業務内容と時間メモ!E:E,業務内容と時間メモ!AB:AB,N80,業務内容と時間メモ!AD:AD,O80)) | U80: =IF(SUMIFS(業務内容と時間メモ!F:F,業務内容と時間メモ!AB:AB,N80,業務内容と時間メモ!AD:AD,O80)=0,"",SUMIFS(業務内容と時間メモ!F:F,業務内容と時間メモ!AB:AB,N80,業務内容と時間メモ!AD:AD,O80)) -> 7.75
A81: =IF(ISNA(VLOOKUP(K81,L81:S10078,3,FALSE)),"",VLOOKUP(K81,L80:S10078,3,FALSE)) | B81: =IF(ISNA(VLOOKUP(K81,L81:S10078,5,FALSE)),"",VLOOKUP(K81,L80:S10078,5,FALSE)&"など") | C81: =IF(SUMIF(N:N,A81,U:U)=0,"",SUMIF(N:N,A81,U:U)) | J81: =IF(O81="","",IF(OR(COUNTIF(O81,"*職場*"),COUNTIF(O81,"*後輩教育*")),"サブ","メイン")) | K81: 左表に入れますねぇ91 | L81: =IF(M81="","",IF(COUNTIF(INDIRECT("M$1:M"&ROW()),"左表に入れますねぇ")>=1,"左表に入れますねぇ"&COUNTIF(INDIRECT("M$1:M"&ROW()),"左表に入れますねぇ"),"")) | M81: =IF(N81="","",IF(COUNTIF(N$1:N81,N81)>1,"",IF(COUNTIF(N:N,N81)>=1,"左表に入れますねぇ",""))) | N81: =IF(ISNA(VLOOKUP(業務内容と時間メモ!M92,業務内容と時間メモ!R$2:AI$9999,11,FALSE)),"",VLOOKUP(業務内容と時間メモ!M92,業務内容と時間メモ!R$2:AI$9999,11,FALSE)) | O81: =IF(ISNA(VLOOKUP(業務内容と時間メモ!M92,業務内容と時間メモ!R$2:AI$9999,13,FALSE)),"",VLOOKUP(業務内容と時間メモ!M92,業務内容と時間メモ!R$2:AI$9999,13,FALSE)) | P81: =IF(ISNA(VLOOKUP(業務内容と時間メモ!M92,業務内容と時間メモ!R$2:AI$9999,15,FALSE)),"",VLOOKUP(業務内容と時間メモ!M92,業務内容と時間メモ!R$2:AI$9999,15,FALSE)) | Q81: =IF(ISNA(VLOOKUP(業務内容と時間メモ!M92,業務内容と時間メモ!R$2:AI$9999,14,FALSE)),"",VLOOKUP(業務内容と時間メモ!M92,業務内容と時間メモ!R$2:AI$9999,14,FALSE)) | R81: =IF(ISNA(VLOOKUP(業務内容と時間メモ!M92,業務内容と時間メモ!R$2:AI$9999,16,FALSE)),"",VLOOKUP(業務内容と時間メモ!M92,業務内容と時間メモ!R$2:AI$9999,16,FALSE)) | S81: =IF(ISNA(VLOOKUP(業務内容と時間メモ!M92,業務内容と時間メモ!R$2:AI$9999,17,FALSE)),"",VLOOKUP(業務内容と時間メモ!M92,業務内容と時間メモ!R$2:AI$9999,17,FALSE)) | T81: =IF(SUMIFS(業務内容と時間メモ!E:E,業務内容と時間メモ!AB:AB,N81,業務内容と時間メモ!AD:AD,O81)=0,"",SUMIFS(業務内容と時間メモ!E:E,業務内容と時間メモ!AB:AB,N81,業務内容と時間メモ!AD:AD,O81)) | U81: =IF(SUMIFS(業務内容と時間メモ!F:F,業務内容と時間メモ!AB:AB,N81,業務内容と時間メモ!AD:AD,O81)=0,"",SUMIFS(業務内容と時間メモ!F:F,業務内容と時間メモ!AB:AB,N81,業務内容と時間メモ!AD:AD,O81))
A82: =IF(ISNA(VLOOKUP(K82,L82:S10079,3,FALSE)),"",VLOOKUP(K82,L81:S10079,3,FALSE)) | B82: =IF(ISNA(VLOOKUP(K82,L82:S10079,5,FALSE)),"",VLOOKUP(K82,L81:S10079,5,FALSE)&"など") | C82: =IF(SUMIF(N:N,A82,U:U)=0,"",SUMIF(N:N,A82,U:U)) | J82: =IF(O82="","",IF(OR(COUNTIF(O82,"*職場*"),COUNTIF(O82,"*後輩教育*")),"サブ","メイン")) -> メイン | K82: 左表に入れますねぇ79 | L82: =IF(M82="","",IF(COUNTIF(INDIRECT("M$1:M"&ROW()),"左表に入れますねぇ")>=1,"左表に入れますねぇ"&COUNTIF(INDIRECT("M$1:M"&ROW()),"左表に入れますねぇ"),"")) -> 左表に入れますねぇ12 | M82: =IF(N82="","",IF(COUNTIF(N$1:N82,N82)>1,"",IF(COUNTIF(N:N,N82)>=1,"左表に入れますねぇ",""))) -> 左表に入れますねぇ | N82: =IF(ISNA(VLOOKUP(業務内容と時間メモ!M80,業務内容と時間メモ!R$2:AI$9999,11,FALSE)),"",VLOOKUP(業務内容と時間メモ!M80,業務内容と時間メモ!R$2:AI$9999,11,FALSE)) -> 9 | O82: =IF(ISNA(VLOOKUP(業務内容と時間メモ!M80,業務内容と時間メモ!R$2:AI$9999,13,FALSE)),"",VLOOKUP(業務内容と時間メモ!M80,業務内容と時間メモ!R$2:AI$9999,13,FALSE)) -> 新河岸5号壁ブラケット作図 | P82: =IF(ISNA(VLOOKUP(業務内容と時間メモ!M80,業務内容と時間メモ!R$2:AI$9999,15,FALSE)),"",VLOOKUP(業務内容と時間メモ!M80,業務内容と時間メモ!R$2:AI$9999,15,FALSE)) -> 新河岸5号 | Q82: =IF(ISNA(VLOOKUP(業務内容と時間メモ!M80,業務内容と時間メモ!R$2:AI$9999,14,FALSE)),"",VLOOKUP(業務内容と時間メモ!M80,業務内容と時間メモ!R$2:AI$9999,14,FALSE)) -> 壁ブラケット作図 | R82: =IF(ISNA(VLOOKUP(業務内容と時間メモ!M80,業務内容と時間メモ!R$2:AI$9999,16,FALSE)),"",VLOOKUP(業務内容と時間メモ!M80,業務内容と時間メモ!R$2:AI$9999,16,FALSE)) | S82: =IF(ISNA(VLOOKUP(業務内容と時間メモ!M80,業務内容と時間メモ!R$2:AI$9999,17,FALSE)),"",VLOOKUP(業務内容と時間メモ!M80,業務内容と時間メモ!R$2:AI$9999,17,FALSE)) -> 壁ブラケット | T82: =IF(SUMIFS(業務内容と時間メモ!E:E,業務内容と時間メモ!AB:AB,N82,業務内容と時間メモ!AD:AD,O82)=0,"",SUMIFS(業務内容と時間メモ!E:E,業務内容と時間メモ!AB:AB,N82,業務内容と時間メモ!AD:AD,O82)) | U82: =IF(SUMIFS(業務内容と時間メモ!F:F,業務内容と時間メモ!AB:AB,N82,業務内容と時間メモ!AD:AD,O82)=0,"",SUMIFS(業務内容と時間メモ!F:F,業務内容と時間メモ!AB:AB,N82,業務内容と時間メモ!AD:AD,O82)) -> 7.75
A83: =IF(ISNA(VLOOKUP(K83,L83:S10080,3,FALSE)),"",VLOOKUP(K83,L82:S10080,3,FALSE)) | B83: =IF(ISNA(VLOOKUP(K83,L83:S10080,5,FALSE)),"",VLOOKUP(K83,L82:S10080,5,FALSE)&"など") | C83: =IF(SUMIF(N:N,A83,U:U)=0,"",SUMIF(N:N,A83,U:U)) | J83: =IF(O83="","",IF(OR(COUNTIF(O83,"*職場*"),COUNTIF(O83,"*後輩教育*")),"サブ","メイン")) | K83: 左表に入れますねぇ86 | L83: =IF(M83="","",IF(COUNTIF(INDIRECT("M$1:M"&ROW()),"左表に入れますねぇ")>=1,"左表に入れますねぇ"&COUNTIF(INDIRECT("M$1:M"&ROW()),"左表に入れますねぇ"),"")) | M83: =IF(N83="","",IF(COUNTIF(N$1:N83,N83)>1,"",IF(COUNTIF(N:N,N83)>=1,"左表に入れますねぇ",""))) | N83: =IF(ISNA(VLOOKUP(業務内容と時間メモ!M87,業務内容と時間メモ!R$2:AI$9999,11,FALSE)),"",VLOOKUP(業務内容と時間メモ!M87,業務内容と時間メモ!R$2:AI$9999,11,FALSE)) | O83: =IF(ISNA(VLOOKUP(業務内容と時間メモ!M87,業務内容と時間メモ!R$2:AI$9999,13,FALSE)),"",VLOOKUP(業務内容と時間メモ!M87,業務内容と時間メモ!R$2:AI$9999,13,FALSE)) | P83: =IF(ISNA(VLOOKUP(業務内容と時間メモ!M87,業務内容と時間メモ!R$2:AI$9999,15,FALSE)),"",VLOOKUP(業務内容と時間メモ!M87,業務内容と時間メモ!R$2:AI$9999,15,FALSE)) | Q83: =IF(ISNA(VLOOKUP(業務内容と時間メモ!M87,業務内容と時間メモ!R$2:AI$9999,14,FALSE)),"",VLOOKUP(業務内容と時間メモ!M87,業務内容と時間メモ!R$2:AI$9999,14,FALSE)) | R83: =IF(ISNA(VLOOKUP(業務内容と時間メモ!M87,業務内容と時間メモ!R$2:AI$9999,16,FALSE)),"",VLOOKUP(業務内容と時間メモ!M87,業務内容と時間メモ!R$2:AI$9999,16,FALSE)) | S83: =IF(ISNA(VLOOKUP(業務内容と時間メモ!M87,業務内容と時間メモ!R$2:AI$9999,17,FALSE)),"",VLOOKUP(業務内容と時間メモ!M87,業務内容と時間メモ!R$2:AI$9999,17,FALSE)) | T83: =IF(SUMIFS(業務内容と時間メモ!E:E,業務内容と時間メモ!AB:AB,N83,業務内容と時間メモ!AD:AD,O83)=0,"",SUMIFS(業務内容と時間メモ!E:E,業務内容と時間メモ!AB:AB,N83,業務内容と時間メモ!AD:AD,O83)) | U83: =IF(SUMIFS(業務内容と時間メモ!F:F,業務内容と時間メモ!AB:AB,N83,業務内容と時間メモ!AD:AD,O83)=0,"",SUMIFS(業務内容と時間メモ!F:F,業務内容と時間メモ!AB:AB,N83,業務内容と時間メモ!AD:AD,O83))
A84: =IF(ISNA(VLOOKUP(K84,L84:S10081,3,FALSE)),"",VLOOKUP(K84,L83:S10081,3,FALSE)) | B84: =IF(ISNA(VLOOKUP(K84,L84:S10081,5,FALSE)),"",VLOOKUP(K84,L83:S10081,5,FALSE)&"など") | C84: =IF(SUMIF(N:N,A84,U:U)=0,"",SUMIF(N:N,A84,U:U)) | J84: =IF(O84="","",IF(OR(COUNTIF(O84,"*職場*"),COUNTIF(O84,"*後輩教育*")),"サブ","メイン")) | K84: 左表に入れますねぇ82 | L84: =IF(M84="","",IF(COUNTIF(INDIRECT("M$1:M"&ROW()),"左表に入れますねぇ")>=1,"左表に入れますねぇ"&COUNTIF(INDIRECT("M$1:M"&ROW()),"左表に入れますねぇ"),"")) | M84: =IF(N84="","",IF(COUNTIF(N$1:N84,N84)>1,"",IF(COUNTIF(N:N,N84)>=1,"左表に入れますねぇ",""))) | N84: =IF(ISNA(VLOOKUP(業務内容と時間メモ!M83,業務内容と時間メモ!R$2:AI$9999,11,FALSE)),"",VLOOKUP(業務内容と時間メモ!M83,業務内容と時間メモ!R$2:AI$9999,11,FALSE)) | O84: =IF(ISNA(VLOOKUP(業務内容と時間メモ!M83,業務内容と時間メモ!R$2:AI$9999,13,FALSE)),"",VLOOKUP(業務内容と時間メモ!M83,業務内容と時間メモ!R$2:AI$9999,13,FALSE)) | P84: =IF(ISNA(VLOOKUP(業務内容と時間メモ!M83,業務内容と時間メモ!R$2:AI$9999,15,FALSE)),"",VLOOKUP(業務内容と時間メモ!M83,業務内容と時間メモ!R$2:AI$9999,15,FALSE)) | Q84: =IF(ISNA(VLOOKUP(業務内容と時間メモ!M83,業務内容と時間メモ!R$2:AI$9999,14,FALSE)),"",VLOOKUP(業務内容と時間メモ!M83,業務内容と時間メモ!R$2:AI$9999,14,FALSE)) | R84: =IF(ISNA(VLOOKUP(業務内容と時間メモ!M83,業務内容と時間メモ!R$2:AI$9999,16,FALSE)),"",VLOOKUP(業務内容と時間メモ!M83,業務内容と時間メモ!R$2:AI$9999,16,FALSE)) | S84: =IF(ISNA(VLOOKUP(業務内容と時間メモ!M83,業務内容と時間メモ!R$2:AI$9999,17,FALSE)),"",VLOOKUP(業務内容と時間メモ!M83,業務内容と時間メモ!R$2:AI$9999,17,FALSE)) | T84: =IF(SUMIFS(業務内容と時間メモ!E:E,業務内容と時間メモ!AB:AB,N84,業務内容と時間メモ!AD:AD,O84)=0,"",SUMIFS(業務内容と時間メモ!E:E,業務内容と時間メモ!AB:AB,N84,業務内容と時間メモ!AD:AD,O84)) | U84: =IF(SUMIFS(業務内容と時間メモ!F:F,業務内容と時間メモ!AB:AB,N84,業務内容と時間メモ!AD:AD,O84)=0,"",SUMIFS(業務内容と時間メモ!F:F,業務内容と時間メモ!AB:AB,N84,業務内容と時間メモ!AD:AD,O84))
A85: =IF(ISNA(VLOOKUP(K85,L85:S10082,3,FALSE)),"",VLOOKUP(K85,L84:S10082,3,FALSE)) | B85: =IF(ISNA(VLOOKUP(K85,L85:S10082,5,FALSE)),"",VLOOKUP(K85,L84:S10082,5,FALSE)&"など") | C85: =IF(SUMIF(N:N,A85,U:U)=0,"",SUMIF(N:N,A85,U:U)) | J85: =IF(O85="","",IF(OR(COUNTIF(O85,"*職場*"),COUNTIF(O85,"*後輩教育*")),"サブ","メイン")) -> メイン | K85: 左表に入れますねぇ80 | L85: =IF(M85="","",IF(COUNTIF(INDIRECT("M$1:M"&ROW()),"左表に入れますねぇ")>=1,"左表に入れますねぇ"&COUNTIF(INDIRECT("M$1:M"&ROW()),"左表に入れますねぇ"),"")) | M85: =IF(N85="","",IF(COUNTIF(N$1:N85,N85)>1,"",IF(COUNTIF(N:N,N85)>=1,"左表に入れますねぇ",""))) | N85: =IF(ISNA(VLOOKUP(業務内容と時間メモ!M81,業務内容と時間メモ!R$2:AI$9999,11,FALSE)),"",VLOOKUP(業務内容と時間メモ!M81,業務内容と時間メモ!R$2:AI$9999,11,FALSE)) -> 9 | O85: =IF(ISNA(VLOOKUP(業務内容と時間メモ!M81,業務内容と時間メモ!R$2:AI$9999,13,FALSE)),"",VLOOKUP(業務内容と時間メモ!M81,業務内容と時間メモ!R$2:AI$9999,13,FALSE)) -> 仙塩浄化センター砂冷却コンベヤ作図 | P85: =IF(ISNA(VLOOKUP(業務内容と時間メモ!M81,業務内容と時間メモ!R$2:AI$9999,15,FALSE)),"",VLOOKUP(業務内容と時間メモ!M81,業務内容と時間メモ!R$2:AI$9999,15,FALSE)) -> 仙塩浄化センター | Q85: =IF(ISNA(VLOOKUP(業務内容と時間メモ!M81,業務内容と時間メモ!R$2:AI$9999,14,FALSE)),"",VLOOKUP(業務内容と時間メモ!M81,業務内容と時間メモ!R$2:AI$9999,14,FALSE)) -> 砂冷却コンベヤ作図 | R85: =IF(ISNA(VLOOKUP(業務内容と時間メモ!M81,業務内容と時間メモ!R$2:AI$9999,16,FALSE)),"",VLOOKUP(業務内容と時間メモ!M81,業務内容と時間メモ!R$2:AI$9999,16,FALSE)) | S85: =IF(ISNA(VLOOKUP(業務内容と時間メモ!M81,業務内容と時間メモ!R$2:AI$9999,17,FALSE)),"",VLOOKUP(業務内容と時間メモ!M81,業務内容と時間メモ!R$2:AI$9999,17,FALSE)) -> 砂冷却コンベヤ | T85: =IF(SUMIFS(業務内容と時間メモ!E:E,業務内容と時間メモ!AB:AB,N85,業務内容と時間メモ!AD:AD,O85)=0,"",SUMIFS(業務内容と時間メモ!E:E,業務内容と時間メモ!AB:AB,N85,業務内容と時間メモ!AD:AD,O85)) -> 6 | U85: =IF(SUMIFS(業務内容と時間メモ!F:F,業務内容と時間メモ!AB:AB,N85,業務内容と時間メモ!AD:AD,O85)=0,"",SUMIFS(業務内容と時間メモ!F:F,業務内容と時間メモ!AB:AB,N85,業務内容と時間メモ!AD:AD,O85)) -> 46.5
A86: =IF(ISNA(VLOOKUP(K86,L86:S10083,3,FALSE)),"",VLOOKUP(K86,L85:S10083,3,FALSE)) | B86: =IF(ISNA(VLOOKUP(K86,L86:S10083,5,FALSE)),"",VLOOKUP(K86,L85:S10083,5,FALSE)&"など") | C86: =IF(SUMIF(N:N,A86,U:U)=0,"",SUMIF(N:N,A86,U:U)) | J86: =IF(O86="","",IF(OR(COUNTIF(O86,"*職場*"),COUNTIF(O86,"*後輩教育*")),"サブ","メイン")) | K86: 左表に入れますねぇ92 | L86: =IF(M86="","",IF(COUNTIF(INDIRECT("M$1:M"&ROW()),"左表に入れますねぇ")>=1,"左表に入れますねぇ"&COUNTIF(INDIRECT("M$1:M"&ROW()),"左表に入れますねぇ"),"")) | M86: =IF(N86="","",IF(COUNTIF(N$1:N86,N86)>1,"",IF(COUNTIF(N:N,N86)>=1,"左表に入れますねぇ",""))) | N86: =IF(ISNA(VLOOKUP(業務内容と時間メモ!M93,業務内容と時間メモ!R$2:AI$9999,11,FALSE)),"",VLOOKUP(業務内容と時間メモ!M93,業務内容と時間メモ!R$2:AI$9999,11,FALSE)) | O86: =IF(ISNA(VLOOKUP(業務内容と時間メモ!M93,業務内容と時間メモ!R$2:AI$9999,13,FALSE)),"",VLOOKUP(業務内容と時間メモ!M93,業務内容と時間メモ!R$2:AI$9999,13,FALSE)) | P86: =IF(ISNA(VLOOKUP(業務内容と時間メモ!M93,業務内容と時間メモ!R$2:AI$9999,15,FALSE)),"",VLOOKUP(業務内容と時間メモ!M93,業務内容と時間メモ!R$2:AI$9999,15,FALSE)) | Q86: =IF(ISNA(VLOOKUP(業務内容と時間メモ!M93,業務内容と時間メモ!R$2:AI$9999,14,FALSE)),"",VLOOKUP(業務内容と時間メモ!M93,業務内容と時間メモ!R$2:AI$9999,14,FALSE)) | R86: =IF(ISNA(VLOOKUP(業務内容と時間メモ!M93,業務内容と時間メモ!R$2:AI$9999,16,FALSE)),"",VLOOKUP(業務内容と時間メモ!M93,業務内容と時間メモ!R$2:AI$9999,16,FALSE)) | S86: =IF(ISNA(VLOOKUP(業務内容と時間メモ!M93,業務内容と時間メモ!R$2:AI$9999,17,FALSE)),"",VLOOKUP(業務内容と時間メモ!M93,業務内容と時間メモ!R$2:AI$9999,17,FALSE)) | T86: =IF(SUMIFS(業務内容と時間メモ!E:E,業務内容と時間メモ!AB:AB,N86,業務内容と時間メモ!AD:AD,O86)=0,"",SUMIFS(業務内容と時間メモ!E:E,業務内容と時間メモ!AB:AB,N86,業務内容と時間メモ!AD:AD,O86)) | U86: =IF(SUMIFS(業務内容と時間メモ!F:F,業務内容と時間メモ!AB:AB,N86,業務内容と時間メモ!AD:AD,O86)=0,"",SUMIFS(業務内容と時間メモ!F:F,業務内容と時間メモ!AB:AB,N86,業務内容と時間メモ!AD:AD,O86))
A87: =IF(ISNA(VLOOKUP(K87,L87:S10084,3,FALSE)),"",VLOOKUP(K87,L86:S10084,3,FALSE)) | B87: =IF(ISNA(VLOOKUP(K87,L87:S10084,5,FALSE)),"",VLOOKUP(K87,L86:S10084,5,FALSE)&"など") | C87: =IF(SUMIF(N:N,A87,U:U)=0,"",SUMIF(N:N,A87,U:U)) | J87: =IF(O87="","",IF(OR(COUNTIF(O87,"*職場*"),COUNTIF(O87,"*後輩教育*")),"サブ","メイン")) | K87: 左表に入れますねぇ81 | L87: =IF(M87="","",IF(COUNTIF(INDIRECT("M$1:M"&ROW()),"左表に入れますねぇ")>=1,"左表に入れますねぇ"&COUNTIF(INDIRECT("M$1:M"&ROW()),"左表に入れますねぇ"),"")) | M87: =IF(N87="","",IF(COUNTIF(N$1:N87,N87)>1,"",IF(COUNTIF(N:N,N87)>=1,"左表に入れますねぇ",""))) | N87: =IF(ISNA(VLOOKUP(業務内容と時間メモ!M82,業務内容と時間メモ!R$2:AI$9999,11,FALSE)),"",VLOOKUP(業務内容と時間メモ!M82,業務内容と時間メモ!R$2:AI$9999,11,FALSE)) | O87: =IF(ISNA(VLOOKUP(業務内容と時間メモ!M82,業務内容と時間メモ!R$2:AI$9999,13,FALSE)),"",VLOOKUP(業務内容と時間メモ!M82,業務内容と時間メモ!R$2:AI$9999,13,FALSE)) | P87: =IF(ISNA(VLOOKUP(業務内容と時間メモ!M82,業務内容と時間メモ!R$2:AI$9999,15,FALSE)),"",VLOOKUP(業務内容と時間メモ!M82,業務内容と時間メモ!R$2:AI$9999,15,FALSE)) | Q87: =IF(ISNA(VLOOKUP(業務内容と時間メモ!M82,業務内容と時間メモ!R$2:AI$9999,14,FALSE)),"",VLOOKUP(業務内容と時間メモ!M82,業務内容と時間メモ!R$2:AI$9999,14,FALSE)) | R87: =IF(ISNA(VLOOKUP(業務内容と時間メモ!M82,業務内容と時間メモ!R$2:AI$9999,16,FALSE)),"",VLOOKUP(業務内容と時間メモ!M82,業務内容と時間メモ!R$2:AI$9999,16,FALSE)) | S87: =IF(ISNA(VLOOKUP(業務内容と時間メモ!M82,業務内容と時間メモ!R$2:AI$9999,17,FALSE)),"",VLOOKUP(業務内容と時間メモ!M82,業務内容と時間メモ!R$2:AI$9999,17,FALSE)) | T87: =IF(SUMIFS(業務内容と時間メモ!E:E,業務内容と時間メモ!AB:AB,N87,業務内容と時間メモ!AD:AD,O87)=0,"",SUMIFS(業務内容と時間メモ!E:E,業務内容と時間メモ!AB:AB,N87,業務内容と時間メモ!AD:AD,O87)) | U87: =IF(SUMIFS(業務内容と時間メモ!F:F,業務内容と時間メモ!AB:AB,N87,業務内容と時間メモ!AD:AD,O87)=0,"",SUMIFS(業務内容と時間メモ!F:F,業務内容と時間メモ!AB:AB,N87,業務内容と時間メモ!AD:AD,O87))
A88: =IF(ISNA(VLOOKUP(K88,L88:S10085,3,FALSE)),"",VLOOKUP(K88,L87:S10085,3,FALSE)) | B88: =IF(ISNA(VLOOKUP(K88,L88:S10085,5,FALSE)),"",VLOOKUP(K88,L87:S10085,5,FALSE)&"など") | C88: =IF(SUMIF(N:N,A88,U:U)=0,"",SUMIF(N:N,A88,U:U)) | J88: =IF(O88="","",IF(OR(COUNTIF(O88,"*職場*"),COUNTIF(O88,"*後輩教育*")),"サブ","メイン")) | K88: 左表に入れますねぇ87 | L88: =IF(M88="","",IF(COUNTIF(INDIRECT("M$1:M"&ROW()),"左表に入れますねぇ")>=1,"左表に入れますねぇ"&COUNTIF(INDIRECT("M$1:M"&ROW()),"左表に入れますねぇ"),"")) | M88: =IF(N88="","",IF(COUNTIF(N$1:N88,N88)>1,"",IF(COUNTIF(N:N,N88)>=1,"左表に入れますねぇ",""))) | N88: =IF(ISNA(VLOOKUP(業務内容と時間メモ!M88,業務内容と時間メモ!R$2:AI$9999,11,FALSE)),"",VLOOKUP(業務内容と時間メモ!M88,業務内容と時間メモ!R$2:AI$9999,11,FALSE)) | O88: =IF(ISNA(VLOOKUP(業務内容と時間メモ!M88,業務内容と時間メモ!R$2:AI$9999,13,FALSE)),"",VLOOKUP(業務内容と時間メモ!M88,業務内容と時間メモ!R$2:AI$9999,13,FALSE)) | P88: =IF(ISNA(VLOOKUP(業務内容と時間メモ!M88,業務内容と時間メモ!R$2:AI$9999,15,FALSE)),"",VLOOKUP(業務内容と時間メモ!M88,業務内容と時間メモ!R$2:AI$9999,15,FALSE)) | Q88: =IF(ISNA(VLOOKUP(業務内容と時間メモ!M88,業務内容と時間メモ!R$2:AI$9999,14,FALSE)),"",VLOOKUP(業務内容と時間メモ!M88,業務内容と時間メモ!R$2:AI$9999,14,FALSE)) | R88: =IF(ISNA(VLOOKUP(業務内容と時間メモ!M88,業務内容と時間メモ!R$2:AI$9999,16,FALSE)),"",VLOOKUP(業務内容と時間メモ!M88,業務内容と時間メモ!R$2:AI$9999,16,FALSE)) | S88: =IF(ISNA(VLOOKUP(業務内容と時間メモ!M88,業務内容と時間メモ!R$2:AI$9999,17,FALSE)),"",VLOOKUP(業務内容と時間メモ!M88,業務内容と時間メモ!R$2:AI$9999,17,FALSE)) | T88: =IF(SUMIFS(業務内容と時間メモ!E:E,業務内容と時間メモ!AB:AB,N88,業務内容と時間メモ!AD:AD,O88)=0,"",SUMIFS(業務内容と時間メモ!E:E,業務内容と時間メモ!AB:AB,N88,業務内容と時間メモ!AD:AD,O88)) | U88: =IF(SUMIFS(業務内容と時間メモ!F:F,業務内容と時間メモ!AB:AB,N88,業務内容と時間メモ!AD:AD,O88)=0,"",SUMIFS(業務内容と時間メモ!F:F,業務内容と時間メモ!AB:AB,N88,業務内容と時間メモ!AD:AD,O88))
A89: =IF(ISNA(VLOOKUP(K89,L89:S10086,3,FALSE)),"",VLOOKUP(K89,L88:S10086,3,FALSE)) | B89: =IF(ISNA(VLOOKUP(K89,L89:S10086,5,FALSE)),"",VLOOKUP(K89,L88:S10086,5,FALSE)&"など") | C89: =IF(SUMIF(N:N,A89,U:U)=0,"",SUMIF(N:N,A89,U:U)) | J89: =IF(O89="","",IF(OR(COUNTIF(O89,"*職場*"),COUNTIF(O89,"*後輩教育*")),"サブ","メイン")) | K89: 左表に入れますねぇ88 | L89: =IF(M89="","",IF(COUNTIF(INDIRECT("M$1:M"&ROW()),"左表に入れますねぇ")>=1,"左表に入れますねぇ"&COUNTIF(INDIRECT("M$1:M"&ROW()),"左表に入れますねぇ"),"")) | M89: =IF(N89="","",IF(COUNTIF(N$1:N89,N89)>1,"",IF(COUNTIF(N:N,N89)>=1,"左表に入れますねぇ",""))) | N89: =IF(ISNA(VLOOKUP(業務内容と時間メモ!M89,業務内容と時間メモ!R$2:AI$9999,11,FALSE)),"",VLOOKUP(業務内容と時間メモ!M89,業務内容と時間メモ!R$2:AI$9999,11,FALSE)) | O89: =IF(ISNA(VLOOKUP(業務内容と時間メモ!M89,業務内容と時間メモ!R$2:AI$9999,13,FALSE)),"",VLOOKUP(業務内容と時間メモ!M89,業務内容と時間メモ!R$2:AI$9999,13,FALSE)) | P89: =IF(ISNA(VLOOKUP(業務内容と時間メモ!M89,業務内容と時間メモ!R$2:AI$9999,15,FALSE)),"",VLOOKUP(業務内容と時間メモ!M89,業務内容と時間メモ!R$2:AI$9999,15,FALSE)) | Q89: =IF(ISNA(VLOOKUP(業務内容と時間メモ!M89,業務内容と時間メモ!R$2:AI$9999,14,FALSE)),"",VLOOKUP(業務内容と時間メモ!M89,業務内容と時間メモ!R$2:AI$9999,14,FALSE)) | R89: =IF(ISNA(VLOOKUP(業務内容と時間メモ!M89,業務内容と時間メモ!R$2:AI$9999,16,FALSE)),"",VLOOKUP(業務内容と時間メモ!M89,業務内容と時間メモ!R$2:AI$9999,16,FALSE)) | S89: =IF(ISNA(VLOOKUP(業務内容と時間メモ!M89,業務内容と時間メモ!R$2:AI$9999,17,FALSE)),"",VLOOKUP(業務内容と時間メモ!M89,業務内容と時間メモ!R$2:AI$9999,17,FALSE)) | T89: =IF(SUMIFS(業務内容と時間メモ!E:E,業務内容と時間メモ!AB:AB,N89,業務内容と時間メモ!AD:AD,O89)=0,"",SUMIFS(業務内容と時間メモ!E:E,業務内容と時間メモ!AB:AB,N89,業務内容と時間メモ!AD:AD,O89)) | U89: =IF(SUMIFS(業務内容と時間メモ!F:F,業務内容と時間メモ!AB:AB,N89,業務内容と時間メモ!AD:AD,O89)=0,"",SUMIFS(業務内容と時間メモ!F:F,業務内容と時間メモ!AB:AB,N89,業務内容と時間メモ!AD:AD,O89))
A90: =IF(ISNA(VLOOKUP(K90,L90:S10087,3,FALSE)),"",VLOOKUP(K90,L89:S10087,3,FALSE)) | B90: =IF(ISNA(VLOOKUP(K90,L90:S10087,5,FALSE)),"",VLOOKUP(K90,L89:S10087,5,FALSE)&"など") | C90: =IF(SUMIF(N:N,A90,U:U)=0,"",SUMIF(N:N,A90,U:U)) | J90: =IF(O90="","",IF(OR(COUNTIF(O90,"*職場*"),COUNTIF(O90,"*後輩教育*")),"サブ","メイン")) | K90: 左表に入れますねぇ89 | L90: =IF(M90="","",IF(COUNTIF(INDIRECT("M$1:M"&ROW()),"左表に入れますねぇ")>=1,"左表に入れますねぇ"&COUNTIF(INDIRECT("M$1:M"&ROW()),"左表に入れますねぇ"),"")) | M90: =IF(N90="","",IF(COUNTIF(N$1:N90,N90)>1,"",IF(COUNTIF(N:N,N90)>=1,"左表に入れますねぇ",""))) | N90: =IF(ISNA(VLOOKUP(業務内容と時間メモ!M90,業務内容と時間メモ!R$2:AI$9999,11,FALSE)),"",VLOOKUP(業務内容と時間メモ!M90,業務内容と時間メモ!R$2:AI$9999,11,FALSE)) | O90: =IF(ISNA(VLOOKUP(業務内容と時間メモ!M90,業務内容と時間メモ!R$2:AI$9999,13,FALSE)),"",VLOOKUP(業務内容と時間メモ!M90,業務内容と時間メモ!R$2:AI$9999,13,FALSE)) | P90: =IF(ISNA(VLOOKUP(業務内容と時間メモ!M90,業務内容と時間メモ!R$2:AI$9999,15,FALSE)),"",VLOOKUP(業務内容と時間メモ!M90,業務内容と時間メモ!R$2:AI$9999,15,FALSE)) | Q90: =IF(ISNA(VLOOKUP(業務内容と時間メモ!M90,業務内容と時間メモ!R$2:AI$9999,14,FALSE)),"",VLOOKUP(業務内容と時間メモ!M90,業務内容と時間メモ!R$2:AI$9999,14,FALSE)) | R90: =IF(ISNA(VLOOKUP(業務内容と時間メモ!M90,業務内容と時間メモ!R$2:AI$9999,16,FALSE)),"",VLOOKUP(業務内容と時間メモ!M90,業務内容と時間メモ!R$2:AI$9999,16,FALSE)) | S90: =IF(ISNA(VLOOKUP(業務内容と時間メモ!M90,業務内容と時間メモ!R$2:AI$9999,17,FALSE)),"",VLOOKUP(業務内容と時間メモ!M90,業務内容と時間メモ!R$2:AI$9999,17,FALSE)) | T90: =IF(SUMIFS(業務内容と時間メモ!E:E,業務内容と時間メモ!AB:AB,N90,業務内容と時間メモ!AD:AD,O90)=0,"",SUMIFS(業務内容と時間メモ!E:E,業務内容と時間メモ!AB:AB,N90,業務内容と時間メモ!AD:AD,O90)) | U90: =IF(SUMIFS(業務内容と時間メモ!F:F,業務内容と時間メモ!AB:AB,N90,業務内容と時間メモ!AD:AD,O90)=0,"",SUMIFS(業務内容と時間メモ!F:F,業務内容と時間メモ!AB:AB,N90,業務内容と時間メモ!AD:AD,O90))
A91: =IF(ISNA(VLOOKUP(K91,L91:S10088,3,FALSE)),"",VLOOKUP(K91,L90:S10088,3,FALSE)) | B91: =IF(ISNA(VLOOKUP(K91,L91:S10088,5,FALSE)),"",VLOOKUP(K91,L90:S10088,5,FALSE)&"など") | C91: =IF(SUMIF(N:N,A91,U:U)=0,"",SUMIF(N:N,A91,U:U)) | J91: =IF(O91="","",IF(OR(COUNTIF(O91,"*職場*"),COUNTIF(O91,"*後輩教育*")),"サブ","メイン")) | K91: 左表に入れますねぇ90 | L91: =IF(M91="","",IF(COUNTIF(INDIRECT("M$1:M"&ROW()),"左表に入れますねぇ")>=1,"左表に入れますねぇ"&COUNTIF(INDIRECT("M$1:M"&ROW()),"左表に入れますねぇ"),"")) | M91: =IF(N91="","",IF(COUNTIF(N$1:N91,N91)>1,"",IF(COUNTIF(N:N,N91)>=1,"左表に入れますねぇ",""))) | N91: =IF(ISNA(VLOOKUP(業務内容と時間メモ!M91,業務内容と時間メモ!R$2:AI$9999,11,FALSE)),"",VLOOKUP(業務内容と時間メモ!M91,業務内容と時間メモ!R$2:AI$9999,11,FALSE)) | O91: =IF(ISNA(VLOOKUP(業務内容と時間メモ!M91,業務内容と時間メモ!R$2:AI$9999,13,FALSE)),"",VLOOKUP(業務内容と時間メモ!M91,業務内容と時間メモ!R$2:AI$9999,13,FALSE)) | P91: =IF(ISNA(VLOOKUP(業務内容と時間メモ!M91,業務内容と時間メモ!R$2:AI$9999,15,FALSE)),"",VLOOKUP(業務内容と時間メモ!M91,業務内容と時間メモ!R$2:AI$9999,15,FALSE)) | Q91: =IF(ISNA(VLOOKUP(業務内容と時間メモ!M91,業務内容と時間メモ!R$2:AI$9999,14,FALSE)),"",VLOOKUP(業務内容と時間メモ!M91,業務内容と時間メモ!R$2:AI$9999,14,FALSE)) | R91: =IF(ISNA(VLOOKUP(業務内容と時間メモ!M91,業務内容と時間メモ!R$2:AI$9999,16,FALSE)),"",VLOOKUP(業務内容と時間メモ!M91,業務内容と時間メモ!R$2:AI$9999,16,FALSE)) | S91: =IF(ISNA(VLOOKUP(業務内容と時間メモ!M91,業務内容と時間メモ!R$2:AI$9999,17,FALSE)),"",VLOOKUP(業務内容と時間メモ!M91,業務内容と時間メモ!R$2:AI$9999,17,FALSE)) | T91: =IF(SUMIFS(業務内容と時間メモ!E:E,業務内容と時間メモ!AB:AB,N91,業務内容と時間メモ!AD:AD,O91)=0,"",SUMIFS(業務内容と時間メモ!E:E,業務内容と時間メモ!AB:AB,N91,業務内容と時間メモ!AD:AD,O91)) | U91: =IF(SUMIFS(業務内容と時間メモ!F:F,業務内容と時間メモ!AB:AB,N91,業務内容と時間メモ!AD:AD,O91)=0,"",SUMIFS(業務内容と時間メモ!F:F,業務内容と時間メモ!AB:AB,N91,業務内容と時間メモ!AD:AD,O91))
A92: =IF(ISNA(VLOOKUP(K92,L92:S10089,3,FALSE)),"",VLOOKUP(K92,L91:S10089,3,FALSE)) | B92: =IF(ISNA(VLOOKUP(K92,L92:S10089,5,FALSE)),"",VLOOKUP(K92,L91:S10089,5,FALSE)&"など") | C92: =IF(SUMIF(N:N,A92,U:U)=0,"",SUMIF(N:N,A92,U:U)) | J92: =IF(O92="","",IF(OR(COUNTIF(O92,"*職場*"),COUNTIF(O92,"*後輩教育*")),"サブ","メイン")) | K92: 左表に入れますねぇ83 | L92: =IF(M92="","",IF(COUNTIF(INDIRECT("M$1:M"&ROW()),"左表に入れますねぇ")>=1,"左表に入れますねぇ"&COUNTIF(INDIRECT("M$1:M"&ROW()),"左表に入れますねぇ"),"")) | M92: =IF(N92="","",IF(COUNTIF(N$1:N92,N92)>1,"",IF(COUNTIF(N:N,N92)>=1,"左表に入れますねぇ",""))) | N92: =IF(ISNA(VLOOKUP(業務内容と時間メモ!M84,業務内容と時間メモ!R$2:AI$9999,11,FALSE)),"",VLOOKUP(業務内容と時間メモ!M84,業務内容と時間メモ!R$2:AI$9999,11,FALSE)) | O92: =IF(ISNA(VLOOKUP(業務内容と時間メモ!M84,業務内容と時間メモ!R$2:AI$9999,13,FALSE)),"",VLOOKUP(業務内容と時間メモ!M84,業務内容と時間メモ!R$2:AI$9999,13,FALSE)) | P92: =IF(ISNA(VLOOKUP(業務内容と時間メモ!M84,業務内容と時間メモ!R$2:AI$9999,15,FALSE)),"",VLOOKUP(業務内容と時間メモ!M84,業務内容と時間メモ!R$2:AI$9999,15,FALSE)) | Q92: =IF(ISNA(VLOOKUP(業務内容と時間メモ!M84,業務内容と時間メモ!R$2:AI$9999,14,FALSE)),"",VLOOKUP(業務内容と時間メモ!M84,業務内容と時間メモ!R$2:AI$9999,14,FALSE)) | R92: =IF(ISNA(VLOOKUP(業務内容と時間メモ!M84,業務内容と時間メモ!R$2:AI$9999,16,FALSE)),"",VLOOKUP(業務内容と時間メモ!M84,業務内容と時間メモ!R$2:AI$9999,16,FALSE)) | S92: =IF(ISNA(VLOOKUP(業務内容と時間メモ!M84,業務内容と時間メモ!R$2:AI$9999,17,FALSE)),"",VLOOKUP(業務内容と時間メモ!M84,業務内容と時間メモ!R$2:AI$9999,17,FALSE)) | T92: =IF(SUMIFS(業務内容と時間メモ!E:E,業務内容と時間メモ!AB:AB,N92,業務内容と時間メモ!AD:AD,O92)=0,"",SUMIFS(業務内容と時間メモ!E:E,業務内容と時間メモ!AB:AB,N92,業務内容と時間メモ!AD:AD,O92)) | U92: =IF(SUMIFS(業務内容と時間メモ!F:F,業務内容と時間メモ!AB:AB,N92,業務内容と時間メモ!AD:AD,O92)=0,"",SUMIFS(業務内容と時間メモ!F:F,業務内容と時間メモ!AB:AB,N92,業務内容と時間メモ!AD:AD,O92))
A93: =IF(ISNA(VLOOKUP(K93,L93:S10090,3,FALSE)),"",VLOOKUP(K93,L92:S10090,3,FALSE)) | B93: =IF(ISNA(VLOOKUP(K93,L93:S10090,5,FALSE)),"",VLOOKUP(K93,L92:S10090,5,FALSE)&"など") | C93: =IF(SUMIF(N:N,A93,U:U)=0,"",SUMIF(N:N,A93,U:U)) | J93: =IF(O93="","",IF(OR(COUNTIF(O93,"*職場*"),COUNTIF(O93,"*後輩教育*")),"サブ","メイン")) | K93: 左表に入れますねぇ84 | L93: =IF(M93="","",IF(COUNTIF(INDIRECT("M$1:M"&ROW()),"左表に入れますねぇ")>=1,"左表に入れますねぇ"&COUNTIF(INDIRECT("M$1:M"&ROW()),"左表に入れますねぇ"),"")) | M93: =IF(N93="","",IF(COUNTIF(N$1:N93,N93)>1,"",IF(COUNTIF(N:N,N93)>=1,"左表に入れますねぇ",""))) | N93: =IF(ISNA(VLOOKUP(業務内容と時間メモ!M85,業務内容と時間メモ!R$2:AI$9999,11,FALSE)),"",VLOOKUP(業務内容と時間メモ!M85,業務内容と時間メモ!R$2:AI$9999,11,FALSE)) | O93: =IF(ISNA(VLOOKUP(業務内容と時間メモ!M85,業務内容と時間メモ!R$2:AI$9999,13,FALSE)),"",VLOOKUP(業務内容と時間メモ!M85,業務内容と時間メモ!R$2:AI$9999,13,FALSE)) | P93: =IF(ISNA(VLOOKUP(業務内容と時間メモ!M85,業務内容と時間メモ!R$2:AI$9999,15,FALSE)),"",VLOOKUP(業務内容と時間メモ!M85,業務内容と時間メモ!R$2:AI$9999,15,FALSE)) | Q93: =IF(ISNA(VLOOKUP(業務内容と時間メモ!M85,業務内容と時間メモ!R$2:AI$9999,14,FALSE)),"",VLOOKUP(業務内容と時間メモ!M85,業務内容と時間メモ!R$2:AI$9999,14,FALSE)) | R93: =IF(ISNA(VLOOKUP(業務内容と時間メモ!M85,業務内容と時間メモ!R$2:AI$9999,16,FALSE)),"",VLOOKUP(業務内容と時間メモ!M85,業務内容と時間メモ!R$2:AI$9999,16,FALSE)) | S93: =IF(ISNA(VLOOKUP(業務内容と時間メモ!M85,業務内容と時間メモ!R$2:AI$9999,17,FALSE)),"",VLOOKUP(業務内容と時間メモ!M85,業務内容と時間メモ!R$2:AI$9999,17,FALSE)) | T93: =IF(SUMIFS(業務内容と時間メモ!E:E,業務内容と時間メモ!AB:AB,N93,業務内容と時間メモ!AD:AD,O93)=0,"",SUMIFS(業務内容と時間メモ!E:E,業務内容と時間メモ!AB:AB,N93,業務内容と時間メモ!AD:AD,O93)) | U93: =IF(SUMIFS(業務内容と時間メモ!F:F,業務内容と時間メモ!AB:AB,N93,業務内容と時間メモ!AD:AD,O93)=0,"",SUMIFS(業務内容と時間メモ!F:F,業務内容と時間メモ!AB:AB,N93,業務内容と時間メモ!AD:AD,O93))
A94: =IF(ISNA(VLOOKUP(K94,L94:S10091,3,FALSE)),"",VLOOKUP(K94,L93:S10091,3,FALSE)) | B94: =IF(ISNA(VLOOKUP(K94,L94:S10091,5,FALSE)),"",VLOOKUP(K94,L93:S10091,5,FALSE)&"など") | C94: =IF(SUMIF(N:N,A94,U:U)=0,"",SUMIF(N:N,A94,U:U)) | J94: =IF(O94="","",IF(OR(COUNTIF(O94,"*職場*"),COUNTIF(O94,"*後輩教育*")),"サブ","メイン")) | K94: 左表に入れますねぇ93 | L94: =IF(M94="","",IF(COUNTIF(INDIRECT("M$1:M"&ROW()),"左表に入れますねぇ")>=1,"左表に入れますねぇ"&COUNTIF(INDIRECT("M$1:M"&ROW()),"左表に入れますねぇ"),"")) | M94: =IF(N94="","",IF(COUNTIF(N$1:N94,N94)>1,"",IF(COUNTIF(N:N,N94)>=1,"左表に入れますねぇ",""))) | N94: =IF(ISNA(VLOOKUP(業務内容と時間メモ!M94,業務内容と時間メモ!R$2:AI$9999,11,FALSE)),"",VLOOKUP(業務内容と時間メモ!M94,業務内容と時間メモ!R$2:AI$9999,11,FALSE)) | O94: =IF(ISNA(VLOOKUP(業務内容と時間メモ!M94,業務内容と時間メモ!R$2:AI$9999,13,FALSE)),"",VLOOKUP(業務内容と時間メモ!M94,業務内容と時間メモ!R$2:AI$9999,13,FALSE)) | P94: =IF(ISNA(VLOOKUP(業務内容と時間メモ!M94,業務内容と時間メモ!R$2:AI$9999,15,FALSE)),"",VLOOKUP(業務内容と時間メモ!M94,業務内容と時間メモ!R$2:AI$9999,15,FALSE)) | Q94: =IF(ISNA(VLOOKUP(業務内容と時間メモ!M94,業務内容と時間メモ!R$2:AI$9999,14,FALSE)),"",VLOOKUP(業務内容と時間メモ!M94,業務内容と時間メモ!R$2:AI$9999,14,FALSE)) | R94: =IF(ISNA(VLOOKUP(業務内容と時間メモ!M94,業務内容と時間メモ!R$2:AI$9999,16,FALSE)),"",VLOOKUP(業務内容と時間メモ!M94,業務内容と時間メモ!R$2:AI$9999,16,FALSE)) | S94: =IF(ISNA(VLOOKUP(業務内容と時間メモ!M94,業務内容と時間メモ!R$2:AI$9999,17,FALSE)),"",VLOOKUP(業務内容と時間メモ!M94,業務内容と時間メモ!R$2:AI$9999,17,FALSE)) | T94: =IF(SUMIFS(業務内容と時間メモ!E:E,業務内容と時間メモ!AB:AB,N94,業務内容と時間メモ!AD:AD,O94)=0,"",SUMIFS(業務内容と時間メモ!E:E,業務内容と時間メモ!AB:AB,N94,業務内容と時間メモ!AD:AD,O94)) | U94: =IF(SUMIFS(業務内容と時間メモ!F:F,業務内容と時間メモ!AB:AB,N94,業務内容と時間メモ!AD:AD,O94)=0,"",SUMIFS(業務内容と時間メモ!F:F,業務内容と時間メモ!AB:AB,N94,業務内容と時間メモ!AD:AD,O94))
A95: =IF(ISNA(VLOOKUP(K95,L95:S10092,3,FALSE)),"",VLOOKUP(K95,L94:S10092,3,FALSE)) | B95: =IF(ISNA(VLOOKUP(K95,L95:S10092,5,FALSE)),"",VLOOKUP(K95,L94:S10092,5,FALSE)&"など") | C95: =IF(SUMIF(N:N,A95,U:U)=0,"",SUMIF(N:N,A95,U:U)) | J95: =IF(O95="","",IF(OR(COUNTIF(O95,"*職場*"),COUNTIF(O95,"*後輩教育*")),"サブ","メイン")) | K95: 左表に入れますねぇ96 | L95: =IF(M95="","",IF(COUNTIF(INDIRECT("M$1:M"&ROW()),"左表に入れますねぇ")>=1,"左表に入れますねぇ"&COUNTIF(INDIRECT("M$1:M"&ROW()),"左表に入れますねぇ"),"")) | M95: =IF(N95="","",IF(COUNTIF(N$1:N95,N95)>1,"",IF(COUNTIF(N:N,N95)>=1,"左表に入れますねぇ",""))) | N95: =IF(ISNA(VLOOKUP(業務内容と時間メモ!M97,業務内容と時間メモ!R$2:AI$9999,11,FALSE)),"",VLOOKUP(業務内容と時間メモ!M97,業務内容と時間メモ!R$2:AI$9999,11,FALSE)) | O95: =IF(ISNA(VLOOKUP(業務内容と時間メモ!M97,業務内容と時間メモ!R$2:AI$9999,13,FALSE)),"",VLOOKUP(業務内容と時間メモ!M97,業務内容と時間メモ!R$2:AI$9999,13,FALSE)) | P95: =IF(ISNA(VLOOKUP(業務内容と時間メモ!M97,業務内容と時間メモ!R$2:AI$9999,15,FALSE)),"",VLOOKUP(業務内容と時間メモ!M97,業務内容と時間メモ!R$2:AI$9999,15,FALSE)) | Q95: =IF(ISNA(VLOOKUP(業務内容と時間メモ!M97,業務内容と時間メモ!R$2:AI$9999,14,FALSE)),"",VLOOKUP(業務内容と時間メモ!M97,業務内容と時間メモ!R$2:AI$9999,14,FALSE)) | R95: =IF(ISNA(VLOOKUP(業務内容と時間メモ!M97,業務内容と時間メモ!R$2:AI$9999,16,FALSE)),"",VLOOKUP(業務内容と時間メモ!M97,業務内容と時間メモ!R$2:AI$9999,16,FALSE)) | S95: =IF(ISNA(VLOOKUP(業務内容と時間メモ!M97,業務内容と時間メモ!R$2:AI$9999,17,FALSE)),"",VLOOKUP(業務内容と時間メモ!M97,業務内容と時間メモ!R$2:AI$9999,17,FALSE)) | T95: =IF(SUMIFS(業務内容と時間メモ!E:E,業務内容と時間メモ!AB:AB,N95,業務内容と時間メモ!AD:AD,O95)=0,"",SUMIFS(業務内容と時間メモ!E:E,業務内容と時間メモ!AB:AB,N95,業務内容と時間メモ!AD:AD,O95)) | U95: =IF(SUMIFS(業務内容と時間メモ!F:F,業務内容と時間メモ!AB:AB,N95,業務内容と時間メモ!AD:AD,O95)=0,"",SUMIFS(業務内容と時間メモ!F:F,業務内容と時間メモ!AB:AB,N95,業務内容と時間メモ!AD:AD,O95))
A96: =IF(ISNA(VLOOKUP(K96,L96:S10093,3,FALSE)),"",VLOOKUP(K96,L95:S10093,3,FALSE)) | B96: =IF(ISNA(VLOOKUP(K96,L96:S10093,5,FALSE)),"",VLOOKUP(K96,L95:S10093,5,FALSE)&"など") | C96: =IF(SUMIF(N:N,A96,U:U)=0,"",SUMIF(N:N,A96,U:U)) | J96: =IF(O96="","",IF(OR(COUNTIF(O96,"*職場*"),COUNTIF(O96,"*後輩教育*")),"サブ","メイン")) | K96: 左表に入れますねぇ99 | L96: =IF(M96="","",IF(COUNTIF(INDIRECT("M$1:M"&ROW()),"左表に入れますねぇ")>=1,"左表に入れますねぇ"&COUNTIF(INDIRECT("M$1:M"&ROW()),"左表に入れますねぇ"),"")) | M96: =IF(N96="","",IF(COUNTIF(N$1:N96,N96)>1,"",IF(COUNTIF(N:N,N96)>=1,"左表に入れますねぇ",""))) | N96: =IF(ISNA(VLOOKUP(業務内容と時間メモ!M100,業務内容と時間メモ!R$2:AI$9999,11,FALSE)),"",VLOOKUP(業務内容と時間メモ!M100,業務内容と時間メモ!R$2:AI$9999,11,FALSE)) | O96: =IF(ISNA(VLOOKUP(業務内容と時間メモ!M100,業務内容と時間メモ!R$2:AI$9999,13,FALSE)),"",VLOOKUP(業務内容と時間メモ!M100,業務内容と時間メモ!R$2:AI$9999,13,FALSE)) | P96: =IF(ISNA(VLOOKUP(業務内容と時間メモ!M100,業務内容と時間メモ!R$2:AI$9999,15,FALSE)),"",VLOOKUP(業務内容と時間メモ!M100,業務内容と時間メモ!R$2:AI$9999,15,FALSE)) | Q96: =IF(ISNA(VLOOKUP(業務内容と時間メモ!M100,業務内容と時間メモ!R$2:AI$9999,14,FALSE)),"",VLOOKUP(業務内容と時間メモ!M100,業務内容と時間メモ!R$2:AI$9999,14,FALSE)) | R96: =IF(ISNA(VLOOKUP(業務内容と時間メモ!M100,業務内容と時間メモ!R$2:AI$9999,16,FALSE)),"",VLOOKUP(業務内容と時間メモ!M100,業務内容と時間メモ!R$2:AI$9999,16,FALSE)) | S96: =IF(ISNA(VLOOKUP(業務内容と時間メモ!M100,業務内容と時間メモ!R$2:AI$9999,17,FALSE)),"",VLOOKUP(業務内容と時間メモ!M100,業務内容と時間メモ!R$2:AI$9999,17,FALSE)) | T96: =IF(SUMIFS(業務内容と時間メモ!E:E,業務内容と時間メモ!AB:AB,N96,業務内容と時間メモ!AD:AD,O96)=0,"",SUMIFS(業務内容と時間メモ!E:E,業務内容と時間メモ!AB:AB,N96,業務内容と時間メモ!AD:AD,O96)) | U96: =IF(SUMIFS(業務内容と時間メモ!F:F,業務内容と時間メモ!AB:AB,N96,業務内容と時間メモ!AD:AD,O96)=0,"",SUMIFS(業務内容と時間メモ!F:F,業務内容と時間メモ!AB:AB,N96,業務内容と時間メモ!AD:AD,O96))
A97: =IF(ISNA(VLOOKUP(K97,L97:S10094,3,FALSE)),"",VLOOKUP(K97,L96:S10094,3,FALSE)) | B97: =IF(ISNA(VLOOKUP(K97,L97:S10094,5,FALSE)),"",VLOOKUP(K97,L96:S10094,5,FALSE)&"など") | C97: =IF(SUMIF(N:N,A97,U:U)=0,"",SUMIF(N:N,A97,U:U)) | J97: =IF(O97="","",IF(OR(COUNTIF(O97,"*職場*"),COUNTIF(O97,"*後輩教育*")),"サブ","メイン")) | K97: 左表に入れますねぇ94 | L97: =IF(M97="","",IF(COUNTIF(INDIRECT("M$1:M"&ROW()),"左表に入れますねぇ")>=1,"左表に入れますねぇ"&COUNTIF(INDIRECT("M$1:M"&ROW()),"左表に入れますねぇ"),"")) | M97: =IF(N97="","",IF(COUNTIF(N$1:N97,N97)>1,"",IF(COUNTIF(N:N,N97)>=1,"左表に入れますねぇ",""))) | N97: =IF(ISNA(VLOOKUP(業務内容と時間メモ!M95,業務内容と時間メモ!R$2:AI$9999,11,FALSE)),"",VLOOKUP(業務内容と時間メモ!M95,業務内容と時間メモ!R$2:AI$9999,11,FALSE)) | O97: =IF(ISNA(VLOOKUP(業務内容と時間メモ!M95,業務内容と時間メモ!R$2:AI$9999,13,FALSE)),"",VLOOKUP(業務内容と時間メモ!M95,業務内容と時間メモ!R$2:AI$9999,13,FALSE)) | P97: =IF(ISNA(VLOOKUP(業務内容と時間メモ!M95,業務内容と時間メモ!R$2:AI$9999,15,FALSE)),"",VLOOKUP(業務内容と時間メモ!M95,業務内容と時間メモ!R$2:AI$9999,15,FALSE)) | Q97: =IF(ISNA(VLOOKUP(業務内容と時間メモ!M95,業務内容と時間メモ!R$2:AI$9999,14,FALSE)),"",VLOOKUP(業務内容と時間メモ!M95,業務内容と時間メモ!R$2:AI$9999,14,FALSE)) | R97: =IF(ISNA(VLOOKUP(業務内容と時間メモ!M95,業務内容と時間メモ!R$2:AI$9999,16,FALSE)),"",VLOOKUP(業務内容と時間メモ!M95,業務内容と時間メモ!R$2:AI$9999,16,FALSE)) | S97: =IF(ISNA(VLOOKUP(業務内容と時間メモ!M95,業務内容と時間メモ!R$2:AI$9999,17,FALSE)),"",VLOOKUP(業務内容と時間メモ!M95,業務内容と時間メモ!R$2:AI$9999,17,FALSE)) | T97: =IF(SUMIFS(業務内容と時間メモ!E:E,業務内容と時間メモ!AB:AB,N97,業務内容と時間メモ!AD:AD,O97)=0,"",SUMIFS(業務内容と時間メモ!E:E,業務内容と時間メモ!AB:AB,N97,業務内容と時間メモ!AD:AD,O97)) | U97: =IF(SUMIFS(業務内容と時間メモ!F:F,業務内容と時間メモ!AB:AB,N97,業務内容と時間メモ!AD:AD,O97)=0,"",SUMIFS(業務内容と時間メモ!F:F,業務内容と時間メモ!AB:AB,N97,業務内容と時間メモ!AD:AD,O97))
A98: =IF(ISNA(VLOOKUP(K98,L98:S10095,3,FALSE)),"",VLOOKUP(K98,L97:S10095,3,FALSE)) | B98: =IF(ISNA(VLOOKUP(K98,L98:S10095,5,FALSE)),"",VLOOKUP(K98,L97:S10095,5,FALSE)&"など") | C98: =IF(SUMIF(N:N,A98,U:U)=0,"",SUMIF(N:N,A98,U:U)) | J98: =IF(O98="","",IF(OR(COUNTIF(O98,"*職場*"),COUNTIF(O98,"*後輩教育*")),"サブ","メイン")) | K98: 左表に入れますねぇ97 | L98: =IF(M98="","",IF(COUNTIF(INDIRECT("M$1:M"&ROW()),"左表に入れますねぇ")>=1,"左表に入れますねぇ"&COUNTIF(INDIRECT("M$1:M"&ROW()),"左表に入れますねぇ"),"")) | M98: =IF(N98="","",IF(COUNTIF(N$1:N98,N98)>1,"",IF(COUNTIF(N:N,N98)>=1,"左表に入れますねぇ",""))) | N98: =IF(ISNA(VLOOKUP(業務内容と時間メモ!M98,業務内容と時間メモ!R$2:AI$9999,11,FALSE)),"",VLOOKUP(業務内容と時間メモ!M98,業務内容と時間メモ!R$2:AI$9999,11,FALSE)) | O98: =IF(ISNA(VLOOKUP(業務内容と時間メモ!M98,業務内容と時間メモ!R$2:AI$9999,13,FALSE)),"",VLOOKUP(業務内容と時間メモ!M98,業務内容と時間メモ!R$2:AI$9999,13,FALSE)) | P98: =IF(ISNA(VLOOKUP(業務内容と時間メモ!M98,業務内容と時間メモ!R$2:AI$9999,15,FALSE)),"",VLOOKUP(業務内容と時間メモ!M98,業務内容と時間メモ!R$2:AI$9999,15,FALSE)) | Q98: =IF(ISNA(VLOOKUP(業務内容と時間メモ!M98,業務内容と時間メモ!R$2:AI$9999,14,FALSE)),"",VLOOKUP(業務内容と時間メモ!M98,業務内容と時間メモ!R$2:AI$9999,14,FALSE)) | R98: =IF(ISNA(VLOOKUP(業務内容と時間メモ!M98,業務内容と時間メモ!R$2:AI$9999,16,FALSE)),"",VLOOKUP(業務内容と時間メモ!M98,業務内容と時間メモ!R$2:AI$9999,16,FALSE)) | S98: =IF(ISNA(VLOOKUP(業務内容と時間メモ!M98,業務内容と時間メモ!R$2:AI$9999,17,FALSE)),"",VLOOKUP(業務内容と時間メモ!M98,業務内容と時間メモ!R$2:AI$9999,17,FALSE)) | T98: =IF(SUMIFS(業務内容と時間メモ!E:E,業務内容と時間メモ!AB:AB,N98,業務内容と時間メモ!AD:AD,O98)=0,"",SUMIFS(業務内容と時間メモ!E:E,業務内容と時間メモ!AB:AB,N98,業務内容と時間メモ!AD:AD,O98)) | U98: =IF(SUMIFS(業務内容と時間メモ!F:F,業務内容と時間メモ!AB:AB,N98,業務内容と時間メモ!AD:AD,O98)=0,"",SUMIFS(業務内容と時間メモ!F:F,業務内容と時間メモ!AB:AB,N98,業務内容と時間メモ!AD:AD,O98))
A99: =IF(ISNA(VLOOKUP(K99,L99:S10096,3,FALSE)),"",VLOOKUP(K99,L98:S10096,3,FALSE)) | B99: =IF(ISNA(VLOOKUP(K99,L99:S10096,5,FALSE)),"",VLOOKUP(K99,L98:S10096,5,FALSE)&"など") | C99: =IF(SUMIF(N:N,A99,U:U)=0,"",SUMIF(N:N,A99,U:U)) | J99: =IF(O99="","",IF(OR(COUNTIF(O99,"*職場*"),COUNTIF(O99,"*後輩教育*")),"サブ","メイン")) | K99: 左表に入れますねぇ102 | L99: =IF(M99="","",IF(COUNTIF(INDIRECT("M$1:M"&ROW()),"左表に入れますねぇ")>=1,"左表に入れますねぇ"&COUNTIF(INDIRECT("M$1:M"&ROW()),"左表に入れますねぇ"),"")) | M99: =IF(N99="","",IF(COUNTIF(N$1:N99,N99)>1,"",IF(COUNTIF(N:N,N99)>=1,"左表に入れますねぇ",""))) | N99: =IF(ISNA(VLOOKUP(業務内容と時間メモ!M103,業務内容と時間メモ!R$2:AI$9999,11,FALSE)),"",VLOOKUP(業務内容と時間メモ!M103,業務内容と時間メモ!R$2:AI$9999,11,FALSE)) | O99: =IF(ISNA(VLOOKUP(業務内容と時間メモ!M103,業務内容と時間メモ!R$2:AI$9999,13,FALSE)),"",VLOOKUP(業務内容と時間メモ!M103,業務内容と時間メモ!R$2:AI$9999,13,FALSE)) | P99: =IF(ISNA(VLOOKUP(業務内容と時間メモ!M103,業務内容と時間メモ!R$2:AI$9999,15,FALSE)),"",VLOOKUP(業務内容と時間メモ!M103,業務内容と時間メモ!R$2:AI$9999,15,FALSE)) | Q99: =IF(ISNA(VLOOKUP(業務内容と時間メモ!M103,業務内容と時間メモ!R$2:AI$9999,14,FALSE)),"",VLOOKUP(業務内容と時間メモ!M103,業務内容と時間メモ!R$2:AI$9999,14,FALSE)) | R99: =IF(ISNA(VLOOKUP(業務内容と時間メモ!M103,業務内容と時間メモ!R$2:AI$9999,16,FALSE)),"",VLOOKUP(業務内容と時間メモ!M103,業務内容と時間メモ!R$2:AI$9999,16,FALSE)) | S99: =IF(ISNA(VLOOKUP(業務内容と時間メモ!M103,業務内容と時間メモ!R$2:AI$9999,17,FALSE)),"",VLOOKUP(業務内容と時間メモ!M103,業務内容と時間メモ!R$2:AI$9999,17,FALSE)) | T99: =IF(SUMIFS(業務内容と時間メモ!E:E,業務内容と時間メモ!AB:AB,N99,業務内容と時間メモ!AD:AD,O99)=0,"",SUMIFS(業務内容と時間メモ!E:E,業務内容と時間メモ!AB:AB,N99,業務内容と時間メモ!AD:AD,O99)) | U99: =IF(SUMIFS(業務内容と時間メモ!F:F,業務内容と時間メモ!AB:AB,N99,業務内容と時間メモ!AD:AD,O99)=0,"",SUMIFS(業務内容と時間メモ!F:F,業務内容と時間メモ!AB:AB,N99,業務内容と時間メモ!AD:AD,O99))
A100: =IF(ISNA(VLOOKUP(K100,L100:S10097,3,FALSE)),"",VLOOKUP(K100,L99:S10097,3,FALSE)) | B100: =IF(ISNA(VLOOKUP(K100,L100:S10097,5,FALSE)),"",VLOOKUP(K100,L99:S10097,5,FALSE)&"など") | C100: =IF(SUMIF(N:N,A100,U:U)=0,"",SUMIF(N:N,A100,U:U)) | J100: =IF(O100="","",IF(OR(COUNTIF(O100,"*職場*"),COUNTIF(O100,"*後輩教育*")),"サブ","メイン")) | K100: 左表に入れますねぇ101 | L100: =IF(M100="","",IF(COUNTIF(INDIRECT("M$1:M"&ROW()),"左表に入れますねぇ")>=1,"左表に入れますねぇ"&COUNTIF(INDIRECT("M$1:M"&ROW()),"左表に入れますねぇ"),"")) | M100: =IF(N100="","",IF(COUNTIF(N$1:N100,N100)>1,"",IF(COUNTIF(N:N,N100)>=1,"左表に入れますねぇ",""))) | N100: =IF(ISNA(VLOOKUP(業務内容と時間メモ!M102,業務内容と時間メモ!R$2:AI$9999,11,FALSE)),"",VLOOKUP(業務内容と時間メモ!M102,業務内容と時間メモ!R$2:AI$9999,11,FALSE)) | O100: =IF(ISNA(VLOOKUP(業務内容と時間メモ!M102,業務内容と時間メモ!R$2:AI$9999,13,FALSE)),"",VLOOKUP(業務内容と時間メモ!M102,業務内容と時間メモ!R$2:AI$9999,13,FALSE)) | P100: =IF(ISNA(VLOOKUP(業務内容と時間メモ!M102,業務内容と時間メモ!R$2:AI$9999,15,FALSE)),"",VLOOKUP(業務内容と時間メモ!M102,業務内容と時間メモ!R$2:AI$9999,15,FALSE)) | Q100: =IF(ISNA(VLOOKUP(業務内容と時間メモ!M102,業務内容と時間メモ!R$2:AI$9999,14,FALSE)),"",VLOOKUP(業務内容と時間メモ!M102,業務内容と時間メモ!R$2:AI$9999,14,FALSE)) | R100: =IF(ISNA(VLOOKUP(業務内容と時間メモ!M102,業務内容と時間メモ!R$2:AI$9999,16,FALSE)),"",VLOOKUP(業務内容と時間メモ!M102,業務内容と時間メモ!R$2:AI$9999,16,FALSE)) | S100: =IF(ISNA(VLOOKUP(業務内容と時間メモ!M102,業務内容と時間メモ!R$2:AI$9999,17,FALSE)),"",VLOOKUP(業務内容と時間メモ!M102,業務内容と時間メモ!R$2:AI$9999,17,FALSE)) | T100: =IF(SUMIFS(業務内容と時間メモ!E:E,業務内容と時間メモ!AB:AB,N100,業務内容と時間メモ!AD:AD,O100)=0,"",SUMIFS(業務内容と時間メモ!E:E,業務内容と時間メモ!AB:AB,N100,業務内容と時間メモ!AD:AD,O100)) | U100: =IF(SUMIFS(業務内容と時間メモ!F:F,業務内容と時間メモ!AB:AB,N100,業務内容と時間メモ!AD:AD,O100)=0,"",SUMIFS(業務内容と時間メモ!F:F,業務内容と時間メモ!AB:AB,N100,業務内容と時間メモ!AD:AD,O100))
A101: =IF(ISNA(VLOOKUP(K101,L101:S10098,3,FALSE)),"",VLOOKUP(K101,L100:S10098,3,FALSE)) | B101: =IF(ISNA(VLOOKUP(K101,L101:S10098,5,FALSE)),"",VLOOKUP(K101,L100:S10098,5,FALSE)&"など") | C101: =IF(SUMIF(N:N,A101,U:U)=0,"",SUMIF(N:N,A101,U:U)) | J101: =IF(O101="","",IF(OR(COUNTIF(O101,"*職場*"),COUNTIF(O101,"*後輩教育*")),"サブ","メイン")) | K101: 左表に入れますねぇ103 | L101: =IF(M101="","",IF(COUNTIF(INDIRECT("M$1:M"&ROW()),"左表に入れますねぇ")>=1,"左表に入れますねぇ"&COUNTIF(INDIRECT("M$1:M"&ROW()),"左表に入れますねぇ"),"")) | M101: =IF(N101="","",IF(COUNTIF(N$1:N101,N101)>1,"",IF(COUNTIF(N:N,N101)>=1,"左表に入れますねぇ",""))) | N101: =IF(ISNA(VLOOKUP(業務内容と時間メモ!M104,業務内容と時間メモ!R$2:AI$9999,11,FALSE)),"",VLOOKUP(業務内容と時間メモ!M104,業務内容と時間メモ!R$2:AI$9999,11,FALSE)) | O101: =IF(ISNA(VLOOKUP(業務内容と時間メモ!M104,業務内容と時間メモ!R$2:AI$9999,13,FALSE)),"",VLOOKUP(業務内容と時間メモ!M104,業務内容と時間メモ!R$2:AI$9999,13,FALSE)) | P101: =IF(ISNA(VLOOKUP(業務内容と時間メモ!M104,業務内容と時間メモ!R$2:AI$9999,15,FALSE)),"",VLOOKUP(業務内容と時間メモ!M104,業務内容と時間メモ!R$2:AI$9999,15,FALSE)) | Q101: =IF(ISNA(VLOOKUP(業務内容と時間メモ!M104,業務内容と時間メモ!R$2:AI$9999,14,FALSE)),"",VLOOKUP(業務内容と時間メモ!M104,業務内容と時間メモ!R$2:AI$9999,14,FALSE)) | R101: =IF(ISNA(VLOOKUP(業務内容と時間メモ!M104,業務内容と時間メモ!R$2:AI$9999,16,FALSE)),"",VLOOKUP(業務内容と時間メモ!M104,業務内容と時間メモ!R$2:AI$9999,16,FALSE)) | S101: =IF(ISNA(VLOOKUP(業務内容と時間メモ!M104,業務内容と時間メモ!R$2:AI$9999,17,FALSE)),"",VLOOKUP(業務内容と時間メモ!M104,業務内容と時間メモ!R$2:AI$9999,17,FALSE)) | T101: =IF(SUMIFS(業務内容と時間メモ!E:E,業務内容と時間メモ!AB:AB,N101,業務内容と時間メモ!AD:AD,O101)=0,"",SUMIFS(業務内容と時間メモ!E:E,業務内容と時間メモ!AB:AB,N101,業務内容と時間メモ!AD:AD,O101)) | U101: =IF(SUMIFS(業務内容と時間メモ!F:F,業務内容と時間メモ!AB:AB,N101,業務内容と時間メモ!AD:AD,O101)=0,"",SUMIFS(業務内容と時間メモ!F:F,業務内容と時間メモ!AB:AB,N101,業務内容と時間メモ!AD:AD,O101))
A102: =IF(ISNA(VLOOKUP(K102,L102:S10099,3,FALSE)),"",VLOOKUP(K102,L101:S10099,3,FALSE)) | B102: =IF(ISNA(VLOOKUP(K102,L102:S10099,5,FALSE)),"",VLOOKUP(K102,L101:S10099,5,FALSE)&"など") | C102: =IF(SUMIF(N:N,A102,U:U)=0,"",SUMIF(N:N,A102,U:U)) | J102: =IF(O102="","",IF(OR(COUNTIF(O102,"*職場*"),COUNTIF(O102,"*後輩教育*")),"サブ","メイン")) | K102: 左表に入れますねぇ98 | L102: =IF(M102="","",IF(COUNTIF(INDIRECT("M$1:M"&ROW()),"左表に入れますねぇ")>=1,"左表に入れますねぇ"&COUNTIF(INDIRECT("M$1:M"&ROW()),"左表に入れますねぇ"),"")) | M102: =IF(N102="","",IF(COUNTIF(N$1:N102,N102)>1,"",IF(COUNTIF(N:N,N102)>=1,"左表に入れますねぇ",""))) | N102: =IF(ISNA(VLOOKUP(業務内容と時間メモ!M99,業務内容と時間メモ!R$2:AI$9999,11,FALSE)),"",VLOOKUP(業務内容と時間メモ!M99,業務内容と時間メモ!R$2:AI$9999,11,FALSE)) | O102: =IF(ISNA(VLOOKUP(業務内容と時間メモ!M99,業務内容と時間メモ!R$2:AI$9999,13,FALSE)),"",VLOOKUP(業務内容と時間メモ!M99,業務内容と時間メモ!R$2:AI$9999,13,FALSE)) | P102: =IF(ISNA(VLOOKUP(業務内容と時間メモ!M99,業務内容と時間メモ!R$2:AI$9999,15,FALSE)),"",VLOOKUP(業務内容と時間メモ!M99,業務内容と時間メモ!R$2:AI$9999,15,FALSE)) | Q102: =IF(ISNA(VLOOKUP(業務内容と時間メモ!M99,業務内容と時間メモ!R$2:AI$9999,14,FALSE)),"",VLOOKUP(業務内容と時間メモ!M99,業務内容と時間メモ!R$2:AI$9999,14,FALSE)) | R102: =IF(ISNA(VLOOKUP(業務内容と時間メモ!M99,業務内容と時間メモ!R$2:AI$9999,16,FALSE)),"",VLOOKUP(業務内容と時間メモ!M99,業務内容と時間メモ!R$2:AI$9999,16,FALSE)) | S102: =IF(ISNA(VLOOKUP(業務内容と時間メモ!M99,業務内容と時間メモ!R$2:AI$9999,17,FALSE)),"",VLOOKUP(業務内容と時間メモ!M99,業務内容と時間メモ!R$2:AI$9999,17,FALSE)) | T102: =IF(SUMIFS(業務内容と時間メモ!E:E,業務内容と時間メモ!AB:AB,N102,業務内容と時間メモ!AD:AD,O102)=0,"",SUMIFS(業務内容と時間メモ!E:E,業務内容と時間メモ!AB:AB,N102,業務内容と時間メモ!AD:AD,O102)) | U102: =IF(SUMIFS(業務内容と時間メモ!F:F,業務内容と時間メモ!AB:AB,N102,業務内容と時間メモ!AD:AD,O102)=0,"",SUMIFS(業務内容と時間メモ!F:F,業務内容と時間メモ!AB:AB,N102,業務内容と時間メモ!AD:AD,O102))
A103: =IF(ISNA(VLOOKUP(K103,L103:S10100,3,FALSE)),"",VLOOKUP(K103,L102:S10100,3,FALSE)) | B103: =IF(ISNA(VLOOKUP(K103,L103:S10100,5,FALSE)),"",VLOOKUP(K103,L102:S10100,5,FALSE)&"など") | C103: =IF(SUMIF(N:N,A103,U:U)=0,"",SUMIF(N:N,A103,U:U)) | J103: =IF(O103="","",IF(OR(COUNTIF(O103,"*職場*"),COUNTIF(O103,"*後輩教育*")),"サブ","メイン")) | K103: 左表に入れますねぇ95 | L103: =IF(M103="","",IF(COUNTIF(INDIRECT("M$1:M"&ROW()),"左表に入れますねぇ")>=1,"左表に入れますねぇ"&COUNTIF(INDIRECT("M$1:M"&ROW()),"左表に入れますねぇ"),"")) | M103: =IF(N103="","",IF(COUNTIF(N$1:N103,N103)>1,"",IF(COUNTIF(N:N,N103)>=1,"左表に入れますねぇ",""))) | N103: =IF(ISNA(VLOOKUP(業務内容と時間メモ!M96,業務内容と時間メモ!R$2:AI$9999,11,FALSE)),"",VLOOKUP(業務内容と時間メモ!M96,業務内容と時間メモ!R$2:AI$9999,11,FALSE)) | O103: =IF(ISNA(VLOOKUP(業務内容と時間メモ!M96,業務内容と時間メモ!R$2:AI$9999,13,FALSE)),"",VLOOKUP(業務内容と時間メモ!M96,業務内容と時間メモ!R$2:AI$9999,13,FALSE)) | P103: =IF(ISNA(VLOOKUP(業務内容と時間メモ!M96,業務内容と時間メモ!R$2:AI$9999,15,FALSE)),"",VLOOKUP(業務内容と時間メモ!M96,業務内容と時間メモ!R$2:AI$9999,15,FALSE)) | Q103: =IF(ISNA(VLOOKUP(業務内容と時間メモ!M96,業務内容と時間メモ!R$2:AI$9999,14,FALSE)),"",VLOOKUP(業務内容と時間メモ!M96,業務内容と時間メモ!R$2:AI$9999,14,FALSE)) | R103: =IF(ISNA(VLOOKUP(業務内容と時間メモ!M96,業務内容と時間メモ!R$2:AI$9999,16,FALSE)),"",VLOOKUP(業務内容と時間メモ!M96,業務内容と時間メモ!R$2:AI$9999,16,FALSE)) | S103: =IF(ISNA(VLOOKUP(業務内容と時間メモ!M96,業務内容と時間メモ!R$2:AI$9999,17,FALSE)),"",VLOOKUP(業務内容と時間メモ!M96,業務内容と時間メモ!R$2:AI$9999,17,FALSE)) | T103: =IF(SUMIFS(業務内容と時間メモ!E:E,業務内容と時間メモ!AB:AB,N103,業務内容と時間メモ!AD:AD,O103)=0,"",SUMIFS(業務内容と時間メモ!E:E,業務内容と時間メモ!AB:AB,N103,業務内容と時間メモ!AD:AD,O103)) | U103: =IF(SUMIFS(業務内容と時間メモ!F:F,業務内容と時間メモ!AB:AB,N103,業務内容と時間メモ!AD:AD,O103)=0,"",SUMIFS(業務内容と時間メモ!F:F,業務内容と時間メモ!AB:AB,N103,業務内容と時間メモ!AD:AD,O103))
A104: =IF(ISNA(VLOOKUP(K104,L104:S10101,3,FALSE)),"",VLOOKUP(K104,L103:S10101,3,FALSE)) | B104: =IF(ISNA(VLOOKUP(K104,L104:S10101,5,FALSE)),"",VLOOKUP(K104,L103:S10101,5,FALSE)&"など") | C104: =IF(SUMIF(N:N,A104,U:U)=0,"",SUMIF(N:N,A104,U:U)) | J104: =IF(O104="","",IF(OR(COUNTIF(O104,"*職場*"),COUNTIF(O104,"*後輩教育*")),"サブ","メイン")) | K104: 左表に入れますねぇ100 | L104: =IF(M104="","",IF(COUNTIF(INDIRECT("M$1:M"&ROW()),"左表に入れますねぇ")>=1,"左表に入れますねぇ"&COUNTIF(INDIRECT("M$1:M"&ROW()),"左表に入れますねぇ"),"")) | M104: =IF(N104="","",IF(COUNTIF(N$1:N104,N104)>1,"",IF(COUNTIF(N:N,N104)>=1,"左表に入れますねぇ",""))) | N104: =IF(ISNA(VLOOKUP(業務内容と時間メモ!M101,業務内容と時間メモ!R$2:AI$9999,11,FALSE)),"",VLOOKUP(業務内容と時間メモ!M101,業務内容と時間メモ!R$2:AI$9999,11,FALSE)) | O104: =IF(ISNA(VLOOKUP(業務内容と時間メモ!M101,業務内容と時間メモ!R$2:AI$9999,13,FALSE)),"",VLOOKUP(業務内容と時間メモ!M101,業務内容と時間メモ!R$2:AI$9999,13,FALSE)) | P104: =IF(ISNA(VLOOKUP(業務内容と時間メモ!M101,業務内容と時間メモ!R$2:AI$9999,15,FALSE)),"",VLOOKUP(業務内容と時間メモ!M101,業務内容と時間メモ!R$2:AI$9999,15,FALSE)) | Q104: =IF(ISNA(VLOOKUP(業務内容と時間メモ!M101,業務内容と時間メモ!R$2:AI$9999,14,FALSE)),"",VLOOKUP(業務内容と時間メモ!M101,業務内容と時間メモ!R$2:AI$9999,14,FALSE)) | R104: =IF(ISNA(VLOOKUP(業務内容と時間メモ!M101,業務内容と時間メモ!R$2:AI$9999,16,FALSE)),"",VLOOKUP(業務内容と時間メモ!M101,業務内容と時間メモ!R$2:AI$9999,16,FALSE)) | S104: =IF(ISNA(VLOOKUP(業務内容と時間メモ!M101,業務内容と時間メモ!R$2:AI$9999,17,FALSE)),"",VLOOKUP(業務内容と時間メモ!M101,業務内容と時間メモ!R$2:AI$9999,17,FALSE)) | T104: =IF(SUMIFS(業務内容と時間メモ!E:E,業務内容と時間メモ!AB:AB,N104,業務内容と時間メモ!AD:AD,O104)=0,"",SUMIFS(業務内容と時間メモ!E:E,業務内容と時間メモ!AB:AB,N104,業務内容と時間メモ!AD:AD,O104)) | U104: =IF(SUMIFS(業務内容と時間メモ!F:F,業務内容と時間メモ!AB:AB,N104,業務内容と時間メモ!AD:AD,O104)=0,"",SUMIFS(業務内容と時間メモ!F:F,業務内容と時間メモ!AB:AB,N104,業務内容と時間メモ!AD:AD,O104))
A105: =IF(ISNA(VLOOKUP(K105,L105:S10102,3,FALSE)),"",VLOOKUP(K105,L104:S10102,3,FALSE)) | B105: =IF(ISNA(VLOOKUP(K105,L105:S10102,5,FALSE)),"",VLOOKUP(K105,L104:S10102,5,FALSE)&"など") | C105: =IF(SUMIF(N:N,A105,U:U)=0,"",SUMIF(N:N,A105,U:U)) | J105: =IF(O105="","",IF(OR(COUNTIF(O105,"*職場*"),COUNTIF(O105,"*後輩教育*")),"サブ","メイン")) | K105: 左表に入れますねぇ104 | L105: =IF(M105="","",IF(COUNTIF(INDIRECT("M$1:M"&ROW()),"左表に入れますねぇ")>=1,"左表に入れますねぇ"&COUNTIF(INDIRECT("M$1:M"&ROW()),"左表に入れますねぇ"),"")) | M105: =IF(N105="","",IF(COUNTIF(N$1:N105,N105)>1,"",IF(COUNTIF(N:N,N105)>=1,"左表に入れますねぇ",""))) | N105: =IF(ISNA(VLOOKUP(業務内容と時間メモ!M105,業務内容と時間メモ!R$2:AI$9999,11,FALSE)),"",VLOOKUP(業務内容と時間メモ!M105,業務内容と時間メモ!R$2:AI$9999,11,FALSE)) | O105: =IF(ISNA(VLOOKUP(業務内容と時間メモ!M105,業務内容と時間メモ!R$2:AI$9999,13,FALSE)),"",VLOOKUP(業務内容と時間メモ!M105,業務内容と時間メモ!R$2:AI$9999,13,FALSE)) | P105: =IF(ISNA(VLOOKUP(業務内容と時間メモ!M105,業務内容と時間メモ!R$2:AI$9999,15,FALSE)),"",VLOOKUP(業務内容と時間メモ!M105,業務内容と時間メモ!R$2:AI$9999,15,FALSE)) | Q105: =IF(ISNA(VLOOKUP(業務内容と時間メモ!M105,業務内容と時間メモ!R$2:AI$9999,14,FALSE)),"",VLOOKUP(業務内容と時間メモ!M105,業務内容と時間メモ!R$2:AI$9999,14,FALSE)) | R105: =IF(ISNA(VLOOKUP(業務内容と時間メモ!M105,業務内容と時間メモ!R$2:AI$9999,16,FALSE)),"",VLOOKUP(業務内容と時間メモ!M105,業務内容と時間メモ!R$2:AI$9999,16,FALSE)) | S105: =IF(ISNA(VLOOKUP(業務内容と時間メモ!M105,業務内容と時間メモ!R$2:AI$9999,17,FALSE)),"",VLOOKUP(業務内容と時間メモ!M105,業務内容と時間メモ!R$2:AI$9999,17,FALSE)) | T105: =IF(SUMIFS(業務内容と時間メモ!E:E,業務内容と時間メモ!AB:AB,N105,業務内容と時間メモ!AD:AD,O105)=0,"",SUMIFS(業務内容と時間メモ!E:E,業務内容と時間メモ!AB:AB,N105,業務内容と時間メモ!AD:AD,O105)) | U105: =IF(SUMIFS(業務内容と時間メモ!F:F,業務内容と時間メモ!AB:AB,N105,業務内容と時間メモ!AD:AD,O105)=0,"",SUMIFS(業務内容と時間メモ!F:F,業務内容と時間メモ!AB:AB,N105,業務内容と時間メモ!AD:AD,O105))
A106: =IF(ISNA(VLOOKUP(K106,L106:S10103,3,FALSE)),"",VLOOKUP(K106,L105:S10103,3,FALSE)) | B106: =IF(ISNA(VLOOKUP(K106,L106:S10103,5,FALSE)),"",VLOOKUP(K106,L105:S10103,5,FALSE)&"など") | C106: =IF(SUMIF(N:N,A106,U:U)=0,"",SUMIF(N:N,A106,U:U)) | J106: =IF(O106="","",IF(OR(COUNTIF(O106,"*職場*"),COUNTIF(O106,"*後輩教育*")),"サブ","メイン")) | K106: 左表に入れますねぇ105 | L106: =IF(M106="","",IF(COUNTIF(INDIRECT("M$1:M"&ROW()),"左表に入れますねぇ")>=1,"左表に入れますねぇ"&COUNTIF(INDIRECT("M$1:M"&ROW()),"左表に入れますねぇ"),"")) | M106: =IF(N106="","",IF(COUNTIF(N$1:N106,N106)>1,"",IF(COUNTIF(N:N,N106)>=1,"左表に入れますねぇ",""))) | N106: =IF(ISNA(VLOOKUP(業務内容と時間メモ!M106,業務内容と時間メモ!R$2:AI$9999,11,FALSE)),"",VLOOKUP(業務内容と時間メモ!M106,業務内容と時間メモ!R$2:AI$9999,11,FALSE)) | O106: =IF(ISNA(VLOOKUP(業務内容と時間メモ!M106,業務内容と時間メモ!R$2:AI$9999,13,FALSE)),"",VLOOKUP(業務内容と時間メモ!M106,業務内容と時間メモ!R$2:AI$9999,13,FALSE)) | P106: =IF(ISNA(VLOOKUP(業務内容と時間メモ!M106,業務内容と時間メモ!R$2:AI$9999,15,FALSE)),"",VLOOKUP(業務内容と時間メモ!M106,業務内容と時間メモ!R$2:AI$9999,15,FALSE)) | Q106: =IF(ISNA(VLOOKUP(業務内容と時間メモ!M106,業務内容と時間メモ!R$2:AI$9999,14,FALSE)),"",VLOOKUP(業務内容と時間メモ!M106,業務内容と時間メモ!R$2:AI$9999,14,FALSE)) | R106: =IF(ISNA(VLOOKUP(業務内容と時間メモ!M106,業務内容と時間メモ!R$2:AI$9999,16,FALSE)),"",VLOOKUP(業務内容と時間メモ!M106,業務内容と時間メモ!R$2:AI$9999,16,FALSE)) | S106: =IF(ISNA(VLOOKUP(業務内容と時間メモ!M106,業務内容と時間メモ!R$2:AI$9999,17,FALSE)),"",VLOOKUP(業務内容と時間メモ!M106,業務内容と時間メモ!R$2:AI$9999,17,FALSE)) | T106: =IF(SUMIFS(業務内容と時間メモ!E:E,業務内容と時間メモ!AB:AB,N106,業務内容と時間メモ!AD:AD,O106)=0,"",SUMIFS(業務内容と時間メモ!E:E,業務内容と時間メモ!AB:AB,N106,業務内容と時間メモ!AD:AD,O106)) | U106: =IF(SUMIFS(業務内容と時間メモ!F:F,業務内容と時間メモ!AB:AB,N106,業務内容と時間メモ!AD:AD,O106)=0,"",SUMIFS(業務内容と時間メモ!F:F,業務内容と時間メモ!AB:AB,N106,業務内容と時間メモ!AD:AD,O106))
A107: =IF(ISNA(VLOOKUP(K107,L107:S10104,3,FALSE)),"",VLOOKUP(K107,L106:S10104,3,FALSE)) | B107: =IF(ISNA(VLOOKUP(K107,L107:S10104,5,FALSE)),"",VLOOKUP(K107,L106:S10104,5,FALSE)&"など") | C107: =IF(SUMIF(N:N,A107,U:U)=0,"",SUMIF(N:N,A107,U:U)) | J107: =IF(O107="","",IF(OR(COUNTIF(O107,"*職場*"),COUNTIF(O107,"*後輩教育*")),"サブ","メイン")) | K107: 左表に入れますねぇ106 | L107: =IF(M107="","",IF(COUNTIF(INDIRECT("M$1:M"&ROW()),"左表に入れますねぇ")>=1,"左表に入れますねぇ"&COUNTIF(INDIRECT("M$1:M"&ROW()),"左表に入れますねぇ"),"")) | M107: =IF(N107="","",IF(COUNTIF(N$1:N107,N107)>1,"",IF(COUNTIF(N:N,N107)>=1,"左表に入れますねぇ",""))) | N107: =IF(ISNA(VLOOKUP(業務内容と時間メモ!M107,業務内容と時間メモ!R$2:AI$9999,11,FALSE)),"",VLOOKUP(業務内容と時間メモ!M107,業務内容と時間メモ!R$2:AI$9999,11,FALSE)) | O107: =IF(ISNA(VLOOKUP(業務内容と時間メモ!M107,業務内容と時間メモ!R$2:AI$9999,13,FALSE)),"",VLOOKUP(業務内容と時間メモ!M107,業務内容と時間メモ!R$2:AI$9999,13,FALSE)) | P107: =IF(ISNA(VLOOKUP(業務内容と時間メモ!M107,業務内容と時間メモ!R$2:AI$9999,15,FALSE)),"",VLOOKUP(業務内容と時間メモ!M107,業務内容と時間メモ!R$2:AI$9999,15,FALSE)) | Q107: =IF(ISNA(VLOOKUP(業務内容と時間メモ!M107,業務内容と時間メモ!R$2:AI$9999,14,FALSE)),"",VLOOKUP(業務内容と時間メモ!M107,業務内容と時間メモ!R$2:AI$9999,14,FALSE)) | R107: =IF(ISNA(VLOOKUP(業務内容と時間メモ!M107,業務内容と時間メモ!R$2:AI$9999,16,FALSE)),"",VLOOKUP(業務内容と時間メモ!M107,業務内容と時間メモ!R$2:AI$9999,16,FALSE)) | S107: =IF(ISNA(VLOOKUP(業務内容と時間メモ!M107,業務内容と時間メモ!R$2:AI$9999,17,FALSE)),"",VLOOKUP(業務内容と時間メモ!M107,業務内容と時間メモ!R$2:AI$9999,17,FALSE)) | T107: =IF(SUMIFS(業務内容と時間メモ!E:E,業務内容と時間メモ!AB:AB,N107,業務内容と時間メモ!AD:AD,O107)=0,"",SUMIFS(業務内容と時間メモ!E:E,業務内容と時間メモ!AB:AB,N107,業務内容と時間メモ!AD:AD,O107)) | U107: =IF(SUMIFS(業務内容と時間メモ!F:F,業務内容と時間メモ!AB:AB,N107,業務内容と時間メモ!AD:AD,O107)=0,"",SUMIFS(業務内容と時間メモ!F:F,業務内容と時間メモ!AB:AB,N107,業務内容と時間メモ!AD:AD,O107))
A108: =IF(ISNA(VLOOKUP(K108,L108:S10105,3,FALSE)),"",VLOOKUP(K108,L107:S10105,3,FALSE)) | B108: =IF(ISNA(VLOOKUP(K108,L108:S10105,5,FALSE)),"",VLOOKUP(K108,L107:S10105,5,FALSE)&"など") | C108: =IF(SUMIF(N:N,A108,U:U)=0,"",SUMIF(N:N,A108,U:U)) | J108: =IF(O108="","",IF(OR(COUNTIF(O108,"*職場*"),COUNTIF(O108,"*後輩教育*")),"サブ","メイン")) | K108: 左表に入れますねぇ112 | L108: =IF(M108="","",IF(COUNTIF(INDIRECT("M$1:M"&ROW()),"左表に入れますねぇ")>=1,"左表に入れますねぇ"&COUNTIF(INDIRECT("M$1:M"&ROW()),"左表に入れますねぇ"),"")) | M108: =IF(N108="","",IF(COUNTIF(N$1:N108,N108)>1,"",IF(COUNTIF(N:N,N108)>=1,"左表に入れますねぇ",""))) | N108: =IF(ISNA(VLOOKUP(業務内容と時間メモ!M113,業務内容と時間メモ!R$2:AI$9999,11,FALSE)),"",VLOOKUP(業務内容と時間メモ!M113,業務内容と時間メモ!R$2:AI$9999,11,FALSE)) | O108: =IF(ISNA(VLOOKUP(業務内容と時間メモ!M113,業務内容と時間メモ!R$2:AI$9999,13,FALSE)),"",VLOOKUP(業務内容と時間メモ!M113,業務内容と時間メモ!R$2:AI$9999,13,FALSE)) | P108: =IF(ISNA(VLOOKUP(業務内容と時間メモ!M113,業務内容と時間メモ!R$2:AI$9999,15,FALSE)),"",VLOOKUP(業務内容と時間メモ!M113,業務内容と時間メモ!R$2:AI$9999,15,FALSE)) | Q108: =IF(ISNA(VLOOKUP(業務内容と時間メモ!M113,業務内容と時間メモ!R$2:AI$9999,14,FALSE)),"",VLOOKUP(業務内容と時間メモ!M113,業務内容と時間メモ!R$2:AI$9999,14,FALSE)) | R108: =IF(ISNA(VLOOKUP(業務内容と時間メモ!M113,業務内容と時間メモ!R$2:AI$9999,16,FALSE)),"",VLOOKUP(業務内容と時間メモ!M113,業務内容と時間メモ!R$2:AI$9999,16,FALSE)) | S108: =IF(ISNA(VLOOKUP(業務内容と時間メモ!M113,業務内容と時間メモ!R$2:AI$9999,17,FALSE)),"",VLOOKUP(業務内容と時間メモ!M113,業務内容と時間メモ!R$2:AI$9999,17,FALSE)) | T108: =IF(SUMIFS(業務内容と時間メモ!E:E,業務内容と時間メモ!AB:AB,N108,業務内容と時間メモ!AD:AD,O108)=0,"",SUMIFS(業務内容と時間メモ!E:E,業務内容と時間メモ!AB:AB,N108,業務内容と時間メモ!AD:AD,O108)) | U108: =IF(SUMIFS(業務内容と時間メモ!F:F,業務内容と時間メモ!AB:AB,N108,業務内容と時間メモ!AD:AD,O108)=0,"",SUMIFS(業務内容と時間メモ!F:F,業務内容と時間メモ!AB:AB,N108,業務内容と時間メモ!AD:AD,O108))
A109: =IF(ISNA(VLOOKUP(K109,L109:S10106,3,FALSE)),"",VLOOKUP(K109,L108:S10106,3,FALSE)) | B109: =IF(ISNA(VLOOKUP(K109,L109:S10106,5,FALSE)),"",VLOOKUP(K109,L108:S10106,5,FALSE)&"など") | C109: =IF(SUMIF(N:N,A109,U:U)=0,"",SUMIF(N:N,A109,U:U)) | J109: =IF(O109="","",IF(OR(COUNTIF(O109,"*職場*"),COUNTIF(O109,"*後輩教育*")),"サブ","メイン")) -> メイン | K109: 左表に入れますねぇ4 | L109: =IF(M109="","",IF(COUNTIF(INDIRECT("M$1:M"&ROW()),"左表に入れますねぇ")>=1,"左表に入れますねぇ"&COUNTIF(INDIRECT("M$1:M"&ROW()),"左表に入れますねぇ"),"")) | M109: =IF(N109="","",IF(COUNTIF(N$1:N109,N109)>1,"",IF(COUNTIF(N:N,N109)>=1,"左表に入れますねぇ",""))) | N109: =IF(ISNA(VLOOKUP(業務内容と時間メモ!M5,業務内容と時間メモ!R$2:AI$9999,11,FALSE)),"",VLOOKUP(業務内容と時間メモ!M5,業務内容と時間メモ!R$2:AI$9999,11,FALSE)) -> 11 | O109: =IF(ISNA(VLOOKUP(業務内容と時間メモ!M5,業務内容と時間メモ!R$2:AI$9999,13,FALSE)),"",VLOOKUP(業務内容と時間メモ!M5,業務内容と時間メモ!R$2:AI$9999,13,FALSE)) -> 舞洲1号ケーキ供給ポンプ用ホイストレール作図 | P109: =IF(ISNA(VLOOKUP(業務内容と時間メモ!M5,業務内容と時間メモ!R$2:AI$9999,15,FALSE)),"",VLOOKUP(業務内容と時間メモ!M5,業務内容と時間メモ!R$2:AI$9999,15,FALSE)) -> 舞洲1号 | Q109: =IF(ISNA(VLOOKUP(業務内容と時間メモ!M5,業務内容と時間メモ!R$2:AI$9999,14,FALSE)),"",VLOOKUP(業務内容と時間メモ!M5,業務内容と時間メモ!R$2:AI$9999,14,FALSE)) -> ケーキ供給ポンプ用ホイストレール作図 | R109: =IF(ISNA(VLOOKUP(業務内容と時間メモ!M5,業務内容と時間メモ!R$2:AI$9999,16,FALSE)),"",VLOOKUP(業務内容と時間メモ!M5,業務内容と時間メモ!R$2:AI$9999,16,FALSE)) | S109: =IF(ISNA(VLOOKUP(業務内容と時間メモ!M5,業務内容と時間メモ!R$2:AI$9999,17,FALSE)),"",VLOOKUP(業務内容と時間メモ!M5,業務内容と時間メモ!R$2:AI$9999,17,FALSE)) -> ケーキ供給ポンプ用ホイストレール | T109: =IF(SUMIFS(業務内容と時間メモ!E:E,業務内容と時間メモ!AB:AB,N109,業務内容と時間メモ!AD:AD,O109)=0,"",SUMIFS(業務内容と時間メモ!E:E,業務内容と時間メモ!AB:AB,N109,業務内容と時間メモ!AD:AD,O109)) | U109: =IF(SUMIFS(業務内容と時間メモ!F:F,業務内容と時間メモ!AB:AB,N109,業務内容と時間メモ!AD:AD,O109)=0,"",SUMIFS(業務内容と時間メモ!F:F,業務内容と時間メモ!AB:AB,N109,業務内容と時間メモ!AD:AD,O109)) -> 13
A110: =IF(ISNA(VLOOKUP(K110,L110:S10107,3,FALSE)),"",VLOOKUP(K110,L109:S10107,3,FALSE)) | B110: =IF(ISNA(VLOOKUP(K110,L110:S10107,5,FALSE)),"",VLOOKUP(K110,L109:S10107,5,FALSE)&"など") | C110: =IF(SUMIF(N:N,A110,U:U)=0,"",SUMIF(N:N,A110,U:U)) | J110: =IF(O110="","",IF(OR(COUNTIF(O110,"*職場*"),COUNTIF(O110,"*後輩教育*")),"サブ","メイン")) | K110: 左表に入れますねぇ107 | L110: =IF(M110="","",IF(COUNTIF(INDIRECT("M$1:M"&ROW()),"左表に入れますねぇ")>=1,"左表に入れますねぇ"&COUNTIF(INDIRECT("M$1:M"&ROW()),"左表に入れますねぇ"),"")) | M110: =IF(N110="","",IF(COUNTIF(N$1:N110,N110)>1,"",IF(COUNTIF(N:N,N110)>=1,"左表に入れますねぇ",""))) | N110: =IF(ISNA(VLOOKUP(業務内容と時間メモ!M108,業務内容と時間メモ!R$2:AI$9999,11,FALSE)),"",VLOOKUP(業務内容と時間メモ!M108,業務内容と時間メモ!R$2:AI$9999,11,FALSE)) | O110: =IF(ISNA(VLOOKUP(業務内容と時間メモ!M108,業務内容と時間メモ!R$2:AI$9999,13,FALSE)),"",VLOOKUP(業務内容と時間メモ!M108,業務内容と時間メモ!R$2:AI$9999,13,FALSE)) | P110: =IF(ISNA(VLOOKUP(業務内容と時間メモ!M108,業務内容と時間メモ!R$2:AI$9999,15,FALSE)),"",VLOOKUP(業務内容と時間メモ!M108,業務内容と時間メモ!R$2:AI$9999,15,FALSE)) | Q110: =IF(ISNA(VLOOKUP(業務内容と時間メモ!M108,業務内容と時間メモ!R$2:AI$9999,14,FALSE)),"",VLOOKUP(業務内容と時間メモ!M108,業務内容と時間メモ!R$2:AI$9999,14,FALSE)) | R110: =IF(ISNA(VLOOKUP(業務内容と時間メモ!M108,業務内容と時間メモ!R$2:AI$9999,16,FALSE)),"",VLOOKUP(業務内容と時間メモ!M108,業務内容と時間メモ!R$2:AI$9999,16,FALSE)) | S110: =IF(ISNA(VLOOKUP(業務内容と時間メモ!M108,業務内容と時間メモ!R$2:AI$9999,17,FALSE)),"",VLOOKUP(業務内容と時間メモ!M108,業務内容と時間メモ!R$2:AI$9999,17,FALSE)) | T110: =IF(SUMIFS(業務内容と時間メモ!E:E,業務内容と時間メモ!AB:AB,N110,業務内容と時間メモ!AD:AD,O110)=0,"",SUMIFS(業務内容と時間メモ!E:E,業務内容と時間メモ!AB:AB,N110,業務内容と時間メモ!AD:AD,O110)) | U110: =IF(SUMIFS(業務内容と時間メモ!F:F,業務内容と時間メモ!AB:AB,N110,業務内容と時間メモ!AD:AD,O110)=0,"",SUMIFS(業務内容と時間メモ!F:F,業務内容と時間メモ!AB:AB,N110,業務内容と時間メモ!AD:AD,O110))
A111: =IF(ISNA(VLOOKUP(K111,L111:S10108,3,FALSE)),"",VLOOKUP(K111,L110:S10108,3,FALSE)) | B111: =IF(ISNA(VLOOKUP(K111,L111:S10108,5,FALSE)),"",VLOOKUP(K111,L110:S10108,5,FALSE)&"など") | C111: =IF(SUMIF(N:N,A111,U:U)=0,"",SUMIF(N:N,A111,U:U)) | J111: =IF(O111="","",IF(OR(COUNTIF(O111,"*職場*"),COUNTIF(O111,"*後輩教育*")),"サブ","メイン")) | K111: 左表に入れますねぇ114 | L111: =IF(M111="","",IF(COUNTIF(INDIRECT("M$1:M"&ROW()),"左表に入れますねぇ")>=1,"左表に入れますねぇ"&COUNTIF(INDIRECT("M$1:M"&ROW()),"左表に入れますねぇ"),"")) | M111: =IF(N111="","",IF(COUNTIF(N$1:N111,N111)>1,"",IF(COUNTIF(N:N,N111)>=1,"左表に入れますねぇ",""))) | N111: =IF(ISNA(VLOOKUP(業務内容と時間メモ!M115,業務内容と時間メモ!R$2:AI$9999,11,FALSE)),"",VLOOKUP(業務内容と時間メモ!M115,業務内容と時間メモ!R$2:AI$9999,11,FALSE)) | O111: =IF(ISNA(VLOOKUP(業務内容と時間メモ!M115,業務内容と時間メモ!R$2:AI$9999,13,FALSE)),"",VLOOKUP(業務内容と時間メモ!M115,業務内容と時間メモ!R$2:AI$9999,13,FALSE)) | P111: =IF(ISNA(VLOOKUP(業務内容と時間メモ!M115,業務内容と時間メモ!R$2:AI$9999,15,FALSE)),"",VLOOKUP(業務内容と時間メモ!M115,業務内容と時間メモ!R$2:AI$9999,15,FALSE)) | Q111: =IF(ISNA(VLOOKUP(業務内容と時間メモ!M115,業務内容と時間メモ!R$2:AI$9999,14,FALSE)),"",VLOOKUP(業務内容と時間メモ!M115,業務内容と時間メモ!R$2:AI$9999,14,FALSE)) | R111: =IF(ISNA(VLOOKUP(業務内容と時間メモ!M115,業務内容と時間メモ!R$2:AI$9999,16,FALSE)),"",VLOOKUP(業務内容と時間メモ!M115,業務内容と時間メモ!R$2:AI$9999,16,FALSE)) | S111: =IF(ISNA(VLOOKUP(業務内容と時間メモ!M115,業務内容と時間メモ!R$2:AI$9999,17,FALSE)),"",VLOOKUP(業務内容と時間メモ!M115,業務内容と時間メモ!R$2:AI$9999,17,FALSE)) | T111: =IF(SUMIFS(業務内容と時間メモ!E:E,業務内容と時間メモ!AB:AB,N111,業務内容と時間メモ!AD:AD,O111)=0,"",SUMIFS(業務内容と時間メモ!E:E,業務内容と時間メモ!AB:AB,N111,業務内容と時間メモ!AD:AD,O111)) | U111: =IF(SUMIFS(業務内容と時間メモ!F:F,業務内容と時間メモ!AB:AB,N111,業務内容と時間メモ!AD:AD,O111)=0,"",SUMIFS(業務内容と時間メモ!F:F,業務内容と時間メモ!AB:AB,N111,業務内容と時間メモ!AD:AD,O111))
A112: =IF(ISNA(VLOOKUP(K112,L112:S10109,3,FALSE)),"",VLOOKUP(K112,L111:S10109,3,FALSE)) | B112: =IF(ISNA(VLOOKUP(K112,L112:S10109,5,FALSE)),"",VLOOKUP(K112,L111:S10109,5,FALSE)&"など") | C112: =IF(SUMIF(N:N,A112,U:U)=0,"",SUMIF(N:N,A112,U:U)) | J112: =IF(O112="","",IF(OR(COUNTIF(O112,"*職場*"),COUNTIF(O112,"*後輩教育*")),"サブ","メイン")) | K112: 左表に入れますねぇ108 | L112: =IF(M112="","",IF(COUNTIF(INDIRECT("M$1:M"&ROW()),"左表に入れますねぇ")>=1,"左表に入れますねぇ"&COUNTIF(INDIRECT("M$1:M"&ROW()),"左表に入れますねぇ"),"")) | M112: =IF(N112="","",IF(COUNTIF(N$1:N112,N112)>1,"",IF(COUNTIF(N:N,N112)>=1,"左表に入れますねぇ",""))) | N112: =IF(ISNA(VLOOKUP(業務内容と時間メモ!M109,業務内容と時間メモ!R$2:AI$9999,11,FALSE)),"",VLOOKUP(業務内容と時間メモ!M109,業務内容と時間メモ!R$2:AI$9999,11,FALSE)) | O112: =IF(ISNA(VLOOKUP(業務内容と時間メモ!M109,業務内容と時間メモ!R$2:AI$9999,13,FALSE)),"",VLOOKUP(業務内容と時間メモ!M109,業務内容と時間メモ!R$2:AI$9999,13,FALSE)) | P112: =IF(ISNA(VLOOKUP(業務内容と時間メモ!M109,業務内容と時間メモ!R$2:AI$9999,15,FALSE)),"",VLOOKUP(業務内容と時間メモ!M109,業務内容と時間メモ!R$2:AI$9999,15,FALSE)) | Q112: =IF(ISNA(VLOOKUP(業務内容と時間メモ!M109,業務内容と時間メモ!R$2:AI$9999,14,FALSE)),"",VLOOKUP(業務内容と時間メモ!M109,業務内容と時間メモ!R$2:AI$9999,14,FALSE)) | R112: =IF(ISNA(VLOOKUP(業務内容と時間メモ!M109,業務内容と時間メモ!R$2:AI$9999,16,FALSE)),"",VLOOKUP(業務内容と時間メモ!M109,業務内容と時間メモ!R$2:AI$9999,16,FALSE)) | S112: =IF(ISNA(VLOOKUP(業務内容と時間メモ!M109,業務内容と時間メモ!R$2:AI$9999,17,FALSE)),"",VLOOKUP(業務内容と時間メモ!M109,業務内容と時間メモ!R$2:AI$9999,17,FALSE)) | T112: =IF(SUMIFS(業務内容と時間メモ!E:E,業務内容と時間メモ!AB:AB,N112,業務内容と時間メモ!AD:AD,O112)=0,"",SUMIFS(業務内容と時間メモ!E:E,業務内容と時間メモ!AB:AB,N112,業務内容と時間メモ!AD:AD,O112)) | U112: =IF(SUMIFS(業務内容と時間メモ!F:F,業務内容と時間メモ!AB:AB,N112,業務内容と時間メモ!AD:AD,O112)=0,"",SUMIFS(業務内容と時間メモ!F:F,業務内容と時間メモ!AB:AB,N112,業務内容と時間メモ!AD:AD,O112))
A113: =IF(ISNA(VLOOKUP(K113,L113:S10110,3,FALSE)),"",VLOOKUP(K113,L112:S10110,3,FALSE)) | B113: =IF(ISNA(VLOOKUP(K113,L113:S10110,5,FALSE)),"",VLOOKUP(K113,L112:S10110,5,FALSE)&"など") | C113: =IF(SUMIF(N:N,A113,U:U)=0,"",SUMIF(N:N,A113,U:U)) | J113: =IF(O113="","",IF(OR(COUNTIF(O113,"*職場*"),COUNTIF(O113,"*後輩教育*")),"サブ","メイン")) | K113: 左表に入れますねぇ110 | L113: =IF(M113="","",IF(COUNTIF(INDIRECT("M$1:M"&ROW()),"左表に入れますねぇ")>=1,"左表に入れますねぇ"&COUNTIF(INDIRECT("M$1:M"&ROW()),"左表に入れますねぇ"),"")) | M113: =IF(N113="","",IF(COUNTIF(N$1:N113,N113)>1,"",IF(COUNTIF(N:N,N113)>=1,"左表に入れますねぇ",""))) | N113: =IF(ISNA(VLOOKUP(業務内容と時間メモ!M111,業務内容と時間メモ!R$2:AI$9999,11,FALSE)),"",VLOOKUP(業務内容と時間メモ!M111,業務内容と時間メモ!R$2:AI$9999,11,FALSE)) | O113: =IF(ISNA(VLOOKUP(業務内容と時間メモ!M111,業務内容と時間メモ!R$2:AI$9999,13,FALSE)),"",VLOOKUP(業務内容と時間メモ!M111,業務内容と時間メモ!R$2:AI$9999,13,FALSE)) | P113: =IF(ISNA(VLOOKUP(業務内容と時間メモ!M111,業務内容と時間メモ!R$2:AI$9999,15,FALSE)),"",VLOOKUP(業務内容と時間メモ!M111,業務内容と時間メモ!R$2:AI$9999,15,FALSE)) | Q113: =IF(ISNA(VLOOKUP(業務内容と時間メモ!M111,業務内容と時間メモ!R$2:AI$9999,14,FALSE)),"",VLOOKUP(業務内容と時間メモ!M111,業務内容と時間メモ!R$2:AI$9999,14,FALSE)) | R113: =IF(ISNA(VLOOKUP(業務内容と時間メモ!M111,業務内容と時間メモ!R$2:AI$9999,16,FALSE)),"",VLOOKUP(業務内容と時間メモ!M111,業務内容と時間メモ!R$2:AI$9999,16,FALSE)) | S113: =IF(ISNA(VLOOKUP(業務内容と時間メモ!M111,業務内容と時間メモ!R$2:AI$9999,17,FALSE)),"",VLOOKUP(業務内容と時間メモ!M111,業務内容と時間メモ!R$2:AI$9999,17,FALSE)) | T113: =IF(SUMIFS(業務内容と時間メモ!E:E,業務内容と時間メモ!AB:AB,N113,業務内容と時間メモ!AD:AD,O113)=0,"",SUMIFS(業務内容と時間メモ!E:E,業務内容と時間メモ!AB:AB,N113,業務内容と時間メモ!AD:AD,O113)) | U113: =IF(SUMIFS(業務内容と時間メモ!F:F,業務内容と時間メモ!AB:AB,N113,業務内容と時間メモ!AD:AD,O113)=0,"",SUMIFS(業務内容と時間メモ!F:F,業務内容と時間メモ!AB:AB,N113,業務内容と時間メモ!AD:AD,O113))
A114: =IF(ISNA(VLOOKUP(K114,L114:S10111,3,FALSE)),"",VLOOKUP(K114,L113:S10111,3,FALSE)) | B114: =IF(ISNA(VLOOKUP(K114,L114:S10111,5,FALSE)),"",VLOOKUP(K114,L113:S10111,5,FALSE)&"など") | C114: =IF(SUMIF(N:N,A114,U:U)=0,"",SUMIF(N:N,A114,U:U)) | J114: =IF(O114="","",IF(OR(COUNTIF(O114,"*職場*"),COUNTIF(O114,"*後輩教育*")),"サブ","メイン")) | K114: 左表に入れますねぇ109 | L114: =IF(M114="","",IF(COUNTIF(INDIRECT("M$1:M"&ROW()),"左表に入れますねぇ")>=1,"左表に入れますねぇ"&COUNTIF(INDIRECT("M$1:M"&ROW()),"左表に入れますねぇ"),"")) | M114: =IF(N114="","",IF(COUNTIF(N$1:N114,N114)>1,"",IF(COUNTIF(N:N,N114)>=1,"左表に入れますねぇ",""))) | N114: =IF(ISNA(VLOOKUP(業務内容と時間メモ!M110,業務内容と時間メモ!R$2:AI$9999,11,FALSE)),"",VLOOKUP(業務内容と時間メモ!M110,業務内容と時間メモ!R$2:AI$9999,11,FALSE)) | O114: =IF(ISNA(VLOOKUP(業務内容と時間メモ!M110,業務内容と時間メモ!R$2:AI$9999,13,FALSE)),"",VLOOKUP(業務内容と時間メモ!M110,業務内容と時間メモ!R$2:AI$9999,13,FALSE)) | P114: =IF(ISNA(VLOOKUP(業務内容と時間メモ!M110,業務内容と時間メモ!R$2:AI$9999,15,FALSE)),"",VLOOKUP(業務内容と時間メモ!M110,業務内容と時間メモ!R$2:AI$9999,15,FALSE)) | Q114: =IF(ISNA(VLOOKUP(業務内容と時間メモ!M110,業務内容と時間メモ!R$2:AI$9999,14,FALSE)),"",VLOOKUP(業務内容と時間メモ!M110,業務内容と時間メモ!R$2:AI$9999,14,FALSE)) | R114: =IF(ISNA(VLOOKUP(業務内容と時間メモ!M110,業務内容と時間メモ!R$2:AI$9999,16,FALSE)),"",VLOOKUP(業務内容と時間メモ!M110,業務内容と時間メモ!R$2:AI$9999,16,FALSE)) | S114: =IF(ISNA(VLOOKUP(業務内容と時間メモ!M110,業務内容と時間メモ!R$2:AI$9999,17,FALSE)),"",VLOOKUP(業務内容と時間メモ!M110,業務内容と時間メモ!R$2:AI$9999,17,FALSE)) | T114: =IF(SUMIFS(業務内容と時間メモ!E:E,業務内容と時間メモ!AB:AB,N114,業務内容と時間メモ!AD:AD,O114)=0,"",SUMIFS(業務内容と時間メモ!E:E,業務内容と時間メモ!AB:AB,N114,業務内容と時間メモ!AD:AD,O114)) | U114: =IF(SUMIFS(業務内容と時間メモ!F:F,業務内容と時間メモ!AB:AB,N114,業務内容と時間メモ!AD:AD,O114)=0,"",SUMIFS(業務内容と時間メモ!F:F,業務内容と時間メモ!AB:AB,N114,業務内容と時間メモ!AD:AD,O114))
A115: =IF(ISNA(VLOOKUP(K115,L115:S10112,3,FALSE)),"",VLOOKUP(K115,L114:S10112,3,FALSE)) | B115: =IF(ISNA(VLOOKUP(K115,L115:S10112,5,FALSE)),"",VLOOKUP(K115,L114:S10112,5,FALSE)&"など") | C115: =IF(SUMIF(N:N,A115,U:U)=0,"",SUMIF(N:N,A115,U:U)) | J115: =IF(O115="","",IF(OR(COUNTIF(O115,"*職場*"),COUNTIF(O115,"*後輩教育*")),"サブ","メイン")) | K115: 左表に入れますねぇ111 | L115: =IF(M115="","",IF(COUNTIF(INDIRECT("M$1:M"&ROW()),"左表に入れますねぇ")>=1,"左表に入れますねぇ"&COUNTIF(INDIRECT("M$1:M"&ROW()),"左表に入れますねぇ"),"")) | M115: =IF(N115="","",IF(COUNTIF(N$1:N115,N115)>1,"",IF(COUNTIF(N:N,N115)>=1,"左表に入れますねぇ",""))) | N115: =IF(ISNA(VLOOKUP(業務内容と時間メモ!M112,業務内容と時間メモ!R$2:AI$9999,11,FALSE)),"",VLOOKUP(業務内容と時間メモ!M112,業務内容と時間メモ!R$2:AI$9999,11,FALSE)) | O115: =IF(ISNA(VLOOKUP(業務内容と時間メモ!M112,業務内容と時間メモ!R$2:AI$9999,13,FALSE)),"",VLOOKUP(業務内容と時間メモ!M112,業務内容と時間メモ!R$2:AI$9999,13,FALSE)) | P115: =IF(ISNA(VLOOKUP(業務内容と時間メモ!M112,業務内容と時間メモ!R$2:AI$9999,15,FALSE)),"",VLOOKUP(業務内容と時間メモ!M112,業務内容と時間メモ!R$2:AI$9999,15,FALSE)) | Q115: =IF(ISNA(VLOOKUP(業務内容と時間メモ!M112,業務内容と時間メモ!R$2:AI$9999,14,FALSE)),"",VLOOKUP(業務内容と時間メモ!M112,業務内容と時間メモ!R$2:AI$9999,14,FALSE)) | R115: =IF(ISNA(VLOOKUP(業務内容と時間メモ!M112,業務内容と時間メモ!R$2:AI$9999,16,FALSE)),"",VLOOKUP(業務内容と時間メモ!M112,業務内容と時間メモ!R$2:AI$9999,16,FALSE)) | S115: =IF(ISNA(VLOOKUP(業務内容と時間メモ!M112,業務内容と時間メモ!R$2:AI$9999,17,FALSE)),"",VLOOKUP(業務内容と時間メモ!M112,業務内容と時間メモ!R$2:AI$9999,17,FALSE)) | T115: =IF(SUMIFS(業務内容と時間メモ!E:E,業務内容と時間メモ!AB:AB,N115,業務内容と時間メモ!AD:AD,O115)=0,"",SUMIFS(業務内容と時間メモ!E:E,業務内容と時間メモ!AB:AB,N115,業務内容と時間メモ!AD:AD,O115)) | U115: =IF(SUMIFS(業務内容と時間メモ!F:F,業務内容と時間メモ!AB:AB,N115,業務内容と時間メモ!AD:AD,O115)=0,"",SUMIFS(業務内容と時間メモ!F:F,業務内容と時間メモ!AB:AB,N115,業務内容と時間メモ!AD:AD,O115))
A116: =IF(ISNA(VLOOKUP(K116,L116:S10113,3,FALSE)),"",VLOOKUP(K116,L115:S10113,3,FALSE)) | B116: =IF(ISNA(VLOOKUP(K116,L116:S10113,5,FALSE)),"",VLOOKUP(K116,L115:S10113,5,FALSE)&"など") | C116: =IF(SUMIF(N:N,A116,U:U)=0,"",SUMIF(N:N,A116,U:U)) | J116: =IF(O116="","",IF(OR(COUNTIF(O116,"*職場*"),COUNTIF(O116,"*後輩教育*")),"サブ","メイン")) | K116: 左表に入れますねぇ113 | L116: =IF(M116="","",IF(COUNTIF(INDIRECT("M$1:M"&ROW()),"左表に入れますねぇ")>=1,"左表に入れますねぇ"&COUNTIF(INDIRECT("M$1:M"&ROW()),"左表に入れますねぇ"),"")) | M116: =IF(N116="","",IF(COUNTIF(N$1:N116,N116)>1,"",IF(COUNTIF(N:N,N116)>=1,"左表に入れますねぇ",""))) | N116: =IF(ISNA(VLOOKUP(業務内容と時間メモ!M114,業務内容と時間メモ!R$2:AI$9999,11,FALSE)),"",VLOOKUP(業務内容と時間メモ!M114,業務内容と時間メモ!R$2:AI$9999,11,FALSE)) | O116: =IF(ISNA(VLOOKUP(業務内容と時間メモ!M114,業務内容と時間メモ!R$2:AI$9999,13,FALSE)),"",VLOOKUP(業務内容と時間メモ!M114,業務内容と時間メモ!R$2:AI$9999,13,FALSE)) | P116: =IF(ISNA(VLOOKUP(業務内容と時間メモ!M114,業務内容と時間メモ!R$2:AI$9999,15,FALSE)),"",VLOOKUP(業務内容と時間メモ!M114,業務内容と時間メモ!R$2:AI$9999,15,FALSE)) | Q116: =IF(ISNA(VLOOKUP(業務内容と時間メモ!M114,業務内容と時間メモ!R$2:AI$9999,14,FALSE)),"",VLOOKUP(業務内容と時間メモ!M114,業務内容と時間メモ!R$2:AI$9999,14,FALSE)) | R116: =IF(ISNA(VLOOKUP(業務内容と時間メモ!M114,業務内容と時間メモ!R$2:AI$9999,16,FALSE)),"",VLOOKUP(業務内容と時間メモ!M114,業務内容と時間メモ!R$2:AI$9999,16,FALSE)) | S116: =IF(ISNA(VLOOKUP(業務内容と時間メモ!M114,業務内容と時間メモ!R$2:AI$9999,17,FALSE)),"",VLOOKUP(業務内容と時間メモ!M114,業務内容と時間メモ!R$2:AI$9999,17,FALSE)) | T116: =IF(SUMIFS(業務内容と時間メモ!E:E,業務内容と時間メモ!AB:AB,N116,業務内容と時間メモ!AD:AD,O116)=0,"",SUMIFS(業務内容と時間メモ!E:E,業務内容と時間メモ!AB:AB,N116,業務内容と時間メモ!AD:AD,O116)) | U116: =IF(SUMIFS(業務内容と時間メモ!F:F,業務内容と時間メモ!AB:AB,N116,業務内容と時間メモ!AD:AD,O116)=0,"",SUMIFS(業務内容と時間メモ!F:F,業務内容と時間メモ!AB:AB,N116,業務内容と時間メモ!AD:AD,O116))
A117: =IF(ISNA(VLOOKUP(K117,L117:S10114,3,FALSE)),"",VLOOKUP(K117,L116:S10114,3,FALSE)) | B117: =IF(ISNA(VLOOKUP(K117,L117:S10114,5,FALSE)),"",VLOOKUP(K117,L116:S10114,5,FALSE)&"など") | C117: =IF(SUMIF(N:N,A117,U:U)=0,"",SUMIF(N:N,A117,U:U)) | J117: =IF(O117="","",IF(OR(COUNTIF(O117,"*職場*"),COUNTIF(O117,"*後輩教育*")),"サブ","メイン")) | K117: 左表に入れますねぇ116 | L117: =IF(M117="","",IF(COUNTIF(INDIRECT("M$1:M"&ROW()),"左表に入れますねぇ")>=1,"左表に入れますねぇ"&COUNTIF(INDIRECT("M$1:M"&ROW()),"左表に入れますねぇ"),"")) | M117: =IF(N117="","",IF(COUNTIF(N$1:N117,N117)>1,"",IF(COUNTIF(N:N,N117)>=1,"左表に入れますねぇ",""))) | N117: =IF(ISNA(VLOOKUP(業務内容と時間メモ!M117,業務内容と時間メモ!R$2:AI$9999,11,FALSE)),"",VLOOKUP(業務内容と時間メモ!M117,業務内容と時間メモ!R$2:AI$9999,11,FALSE)) | O117: =IF(ISNA(VLOOKUP(業務内容と時間メモ!M117,業務内容と時間メモ!R$2:AI$9999,13,FALSE)),"",VLOOKUP(業務内容と時間メモ!M117,業務内容と時間メモ!R$2:AI$9999,13,FALSE)) | P117: =IF(ISNA(VLOOKUP(業務内容と時間メモ!M117,業務内容と時間メモ!R$2:AI$9999,15,FALSE)),"",VLOOKUP(業務内容と時間メモ!M117,業務内容と時間メモ!R$2:AI$9999,15,FALSE)) | Q117: =IF(ISNA(VLOOKUP(業務内容と時間メモ!M117,業務内容と時間メモ!R$2:AI$9999,14,FALSE)),"",VLOOKUP(業務内容と時間メモ!M117,業務内容と時間メモ!R$2:AI$9999,14,FALSE)) | R117: =IF(ISNA(VLOOKUP(業務内容と時間メモ!M117,業務内容と時間メモ!R$2:AI$9999,16,FALSE)),"",VLOOKUP(業務内容と時間メモ!M117,業務内容と時間メモ!R$2:AI$9999,16,FALSE)) | S117: =IF(ISNA(VLOOKUP(業務内容と時間メモ!M117,業務内容と時間メモ!R$2:AI$9999,17,FALSE)),"",VLOOKUP(業務内容と時間メモ!M117,業務内容と時間メモ!R$2:AI$9999,17,FALSE)) | T117: =IF(SUMIFS(業務内容と時間メモ!E:E,業務内容と時間メモ!AB:AB,N117,業務内容と時間メモ!AD:AD,O117)=0,"",SUMIFS(業務内容と時間メモ!E:E,業務内容と時間メモ!AB:AB,N117,業務内容と時間メモ!AD:AD,O117)) | U117: =IF(SUMIFS(業務内容と時間メモ!F:F,業務内容と時間メモ!AB:AB,N117,業務内容と時間メモ!AD:AD,O117)=0,"",SUMIFS(業務内容と時間メモ!F:F,業務内容と時間メモ!AB:AB,N117,業務内容と時間メモ!AD:AD,O117))
A118: =IF(ISNA(VLOOKUP(K118,L118:S10115,3,FALSE)),"",VLOOKUP(K118,L117:S10115,3,FALSE)) | B118: =IF(ISNA(VLOOKUP(K118,L118:S10115,5,FALSE)),"",VLOOKUP(K118,L117:S10115,5,FALSE)&"など") | C118: =IF(SUMIF(N:N,A118,U:U)=0,"",SUMIF(N:N,A118,U:U)) | J118: =IF(O118="","",IF(OR(COUNTIF(O118,"*職場*"),COUNTIF(O118,"*後輩教育*")),"サブ","メイン")) | K118: 左表に入れますねぇ117 | L118: =IF(M118="","",IF(COUNTIF(INDIRECT("M$1:M"&ROW()),"左表に入れますねぇ")>=1,"左表に入れますねぇ"&COUNTIF(INDIRECT("M$1:M"&ROW()),"左表に入れますねぇ"),"")) | M118: =IF(N118="","",IF(COUNTIF(N$1:N118,N118)>1,"",IF(COUNTIF(N:N,N118)>=1,"左表に入れますねぇ",""))) | N118: =IF(ISNA(VLOOKUP(業務内容と時間メモ!M118,業務内容と時間メモ!R$2:AI$9999,11,FALSE)),"",VLOOKUP(業務内容と時間メモ!M118,業務内容と時間メモ!R$2:AI$9999,11,FALSE)) | O118: =IF(ISNA(VLOOKUP(業務内容と時間メモ!M118,業務内容と時間メモ!R$2:AI$9999,13,FALSE)),"",VLOOKUP(業務内容と時間メモ!M118,業務内容と時間メモ!R$2:AI$9999,13,FALSE)) | P118: =IF(ISNA(VLOOKUP(業務内容と時間メモ!M118,業務内容と時間メモ!R$2:AI$9999,15,FALSE)),"",VLOOKUP(業務内容と時間メモ!M118,業務内容と時間メモ!R$2:AI$9999,15,FALSE)) | Q118: =IF(ISNA(VLOOKUP(業務内容と時間メモ!M118,業務内容と時間メモ!R$2:AI$9999,14,FALSE)),"",VLOOKUP(業務内容と時間メモ!M118,業務内容と時間メモ!R$2:AI$9999,14,FALSE)) | R118: =IF(ISNA(VLOOKUP(業務内容と時間メモ!M118,業務内容と時間メモ!R$2:AI$9999,16,FALSE)),"",VLOOKUP(業務内容と時間メモ!M118,業務内容と時間メモ!R$2:AI$9999,16,FALSE)) | S118: =IF(ISNA(VLOOKUP(業務内容と時間メモ!M118,業務内容と時間メモ!R$2:AI$9999,17,FALSE)),"",VLOOKUP(業務内容と時間メモ!M118,業務内容と時間メモ!R$2:AI$9999,17,FALSE)) | T118: =IF(SUMIFS(業務内容と時間メモ!E:E,業務内容と時間メモ!AB:AB,N118,業務内容と時間メモ!AD:AD,O118)=0,"",SUMIFS(業務内容と時間メモ!E:E,業務内容と時間メモ!AB:AB,N118,業務内容と時間メモ!AD:AD,O118)) | U118: =IF(SUMIFS(業務内容と時間メモ!F:F,業務内容と時間メモ!AB:AB,N118,業務内容と時間メモ!AD:AD,O118)=0,"",SUMIFS(業務内容と時間メモ!F:F,業務内容と時間メモ!AB:AB,N118,業務内容と時間メモ!AD:AD,O118))
A119: =IF(ISNA(VLOOKUP(K119,L119:S10116,3,FALSE)),"",VLOOKUP(K119,L118:S10116,3,FALSE)) | B119: =IF(ISNA(VLOOKUP(K119,L119:S10116,5,FALSE)),"",VLOOKUP(K119,L118:S10116,5,FALSE)&"など") | C119: =IF(SUMIF(N:N,A119,U:U)=0,"",SUMIF(N:N,A119,U:U)) | J119: =IF(O119="","",IF(OR(COUNTIF(O119,"*職場*"),COUNTIF(O119,"*後輩教育*")),"サブ","メイン")) | K119: 左表に入れますねぇ118 | L119: =IF(M119="","",IF(COUNTIF(INDIRECT("M$1:M"&ROW()),"左表に入れますねぇ")>=1,"左表に入れますねぇ"&COUNTIF(INDIRECT("M$1:M"&ROW()),"左表に入れますねぇ"),"")) | M119: =IF(N119="","",IF(COUNTIF(N$1:N119,N119)>1,"",IF(COUNTIF(N:N,N119)>=1,"左表に入れますねぇ",""))) | N119: =IF(ISNA(VLOOKUP(業務内容と時間メモ!M119,業務内容と時間メモ!R$2:AI$9999,11,FALSE)),"",VLOOKUP(業務内容と時間メモ!M119,業務内容と時間メモ!R$2:AI$9999,11,FALSE)) | O119: =IF(ISNA(VLOOKUP(業務内容と時間メモ!M119,業務内容と時間メモ!R$2:AI$9999,13,FALSE)),"",VLOOKUP(業務内容と時間メモ!M119,業務内容と時間メモ!R$2:AI$9999,13,FALSE)) | P119: =IF(ISNA(VLOOKUP(業務内容と時間メモ!M119,業務内容と時間メモ!R$2:AI$9999,15,FALSE)),"",VLOOKUP(業務内容と時間メモ!M119,業務内容と時間メモ!R$2:AI$9999,15,FALSE)) | Q119: =IF(ISNA(VLOOKUP(業務内容と時間メモ!M119,業務内容と時間メモ!R$2:AI$9999,14,FALSE)),"",VLOOKUP(業務内容と時間メモ!M119,業務内容と時間メモ!R$2:AI$9999,14,FALSE)) | R119: =IF(ISNA(VLOOKUP(業務内容と時間メモ!M119,業務内容と時間メモ!R$2:AI$9999,16,FALSE)),"",VLOOKUP(業務内容と時間メモ!M119,業務内容と時間メモ!R$2:AI$9999,16,FALSE)) | S119: =IF(ISNA(VLOOKUP(業務内容と時間メモ!M119,業務内容と時間メモ!R$2:AI$9999,17,FALSE)),"",VLOOKUP(業務内容と時間メモ!M119,業務内容と時間メモ!R$2:AI$9999,17,FALSE)) | T119: =IF(SUMIFS(業務内容と時間メモ!E:E,業務内容と時間メモ!AB:AB,N119,業務内容と時間メモ!AD:AD,O119)=0,"",SUMIFS(業務内容と時間メモ!E:E,業務内容と時間メモ!AB:AB,N119,業務内容と時間メモ!AD:AD,O119)) | U119: =IF(SUMIFS(業務内容と時間メモ!F:F,業務内容と時間メモ!AB:AB,N119,業務内容と時間メモ!AD:AD,O119)=0,"",SUMIFS(業務内容と時間メモ!F:F,業務内容と時間メモ!AB:AB,N119,業務内容と時間メモ!AD:AD,O119)) | V119: =IF(SUMIFS(業務内容と時間メモ!E:E,業務内容と時間メモ!AB:AB,N119,業務内容と時間メモ!AD:AD,O119)=0,"",SUMIFS(業務内容と時間メモ!E:E,業務内容と時間メモ!AB:AB,N119,業務内容と時間メモ!AD:AD,O119))
A120: =IF(ISNA(VLOOKUP(K120,L120:S10117,3,FALSE)),"",VLOOKUP(K120,L119:S10117,3,FALSE)) | B120: =IF(ISNA(VLOOKUP(K120,L120:S10117,5,FALSE)),"",VLOOKUP(K120,L119:S10117,5,FALSE)&"など") | C120: =IF(SUMIF(N:N,A120,U:U)=0,"",SUMIF(N:N,A120,U:U)) | J120: =IF(O120="","",IF(OR(COUNTIF(O120,"*職場*"),COUNTIF(O120,"*後輩教育*")),"サブ","メイン")) | K120: 左表に入れますねぇ119 | L120: =IF(M120="","",IF(COUNTIF(INDIRECT("M$1:M"&ROW()),"左表に入れますねぇ")>=1,"左表に入れますねぇ"&COUNTIF(INDIRECT("M$1:M"&ROW()),"左表に入れますねぇ"),"")) | M120: =IF(N120="","",IF(COUNTIF(N$1:N120,N120)>1,"",IF(COUNTIF(N:N,N120)>=1,"左表に入れますねぇ",""))) | N120: =IF(ISNA(VLOOKUP(業務内容と時間メモ!M120,業務内容と時間メモ!R$2:AI$9999,11,FALSE)),"",VLOOKUP(業務内容と時間メモ!M120,業務内容と時間メモ!R$2:AI$9999,11,FALSE)) | O120: =IF(ISNA(VLOOKUP(業務内容と時間メモ!M120,業務内容と時間メモ!R$2:AI$9999,13,FALSE)),"",VLOOKUP(業務内容と時間メモ!M120,業務内容と時間メモ!R$2:AI$9999,13,FALSE)) | P120: =IF(ISNA(VLOOKUP(業務内容と時間メモ!M120,業務内容と時間メモ!R$2:AI$9999,15,FALSE)),"",VLOOKUP(業務内容と時間メモ!M120,業務内容と時間メモ!R$2:AI$9999,15,FALSE)) | Q120: =IF(ISNA(VLOOKUP(業務内容と時間メモ!M120,業務内容と時間メモ!R$2:AI$9999,14,FALSE)),"",VLOOKUP(業務内容と時間メモ!M120,業務内容と時間メモ!R$2:AI$9999,14,FALSE)) | R120: =IF(ISNA(VLOOKUP(業務内容と時間メモ!M120,業務内容と時間メモ!R$2:AI$9999,16,FALSE)),"",VLOOKUP(業務内容と時間メモ!M120,業務内容と時間メモ!R$2:AI$9999,16,FALSE)) | S120: =IF(ISNA(VLOOKUP(業務内容と時間メモ!M120,業務内容と時間メモ!R$2:AI$9999,17,FALSE)),"",VLOOKUP(業務内容と時間メモ!M120,業務内容と時間メモ!R$2:AI$9999,17,FALSE)) | T120: =IF(SUMIFS(業務内容と時間メモ!E:E,業務内容と時間メモ!AB:AB,N120,業務内容と時間メモ!AD:AD,O120)=0,"",SUMIFS(業務内容と時間メモ!E:E,業務内容と時間メモ!AB:AB,N120,業務内容と時間メモ!AD:AD,O120)) | U120: =IF(SUMIFS(業務内容と時間メモ!F:F,業務内容と時間メモ!AB:AB,N120,業務内容と時間メモ!AD:AD,O120)=0,"",SUMIFS(業務内容と時間メモ!F:F,業務内容と時間メモ!AB:AB,N120,業務内容と時間メモ!AD:AD,O120)) | V120: =IF(SUMIFS(業務内容と時間メモ!E:E,業務内容と時間メモ!AB:AB,N120,業務内容と時間メモ!AD:AD,O120)=0,"",SUMIFS(業務内容と時間メモ!E:E,業務内容と時間メモ!AB:AB,N120,業務内容と時間メモ!AD:AD,O120))
A121: =IF(ISNA(VLOOKUP(K121,L121:S10118,3,FALSE)),"",VLOOKUP(K121,L120:S10118,3,FALSE)) | B121: =IF(ISNA(VLOOKUP(K121,L121:S10118,5,FALSE)),"",VLOOKUP(K121,L120:S10118,5,FALSE)&"など") | C121: =IF(SUMIF(N:N,A121,U:U)=0,"",SUMIF(N:N,A121,U:U)) | J121: =IF(O121="","",IF(OR(COUNTIF(O121,"*職場*"),COUNTIF(O121,"*後輩教育*")),"サブ","メイン")) | K121: 左表に入れますねぇ120 | L121: =IF(M121="","",IF(COUNTIF(INDIRECT("M$1:M"&ROW()),"左表に入れますねぇ")>=1,"左表に入れますねぇ"&COUNTIF(INDIRECT("M$1:M"&ROW()),"左表に入れますねぇ"),"")) | M121: =IF(N121="","",IF(COUNTIF(N$1:N121,N121)>1,"",IF(COUNTIF(N:N,N121)>=1,"左表に入れますねぇ",""))) | N121: =IF(ISNA(VLOOKUP(業務内容と時間メモ!M121,業務内容と時間メモ!R$2:AI$9999,11,FALSE)),"",VLOOKUP(業務内容と時間メモ!M121,業務内容と時間メモ!R$2:AI$9999,11,FALSE)) | O121: =IF(ISNA(VLOOKUP(業務内容と時間メモ!M121,業務内容と時間メモ!R$2:AI$9999,13,FALSE)),"",VLOOKUP(業務内容と時間メモ!M121,業務内容と時間メモ!R$2:AI$9999,13,FALSE)) | P121: =IF(ISNA(VLOOKUP(業務内容と時間メモ!M121,業務内容と時間メモ!R$2:AI$9999,15,FALSE)),"",VLOOKUP(業務内容と時間メモ!M121,業務内容と時間メモ!R$2:AI$9999,15,FALSE)) | Q121: =IF(ISNA(VLOOKUP(業務内容と時間メモ!M121,業務内容と時間メモ!R$2:AI$9999,14,FALSE)),"",VLOOKUP(業務内容と時間メモ!M121,業務内容と時間メモ!R$2:AI$9999,14,FALSE)) | R121: =IF(ISNA(VLOOKUP(業務内容と時間メモ!M121,業務内容と時間メモ!R$2:AI$9999,16,FALSE)),"",VLOOKUP(業務内容と時間メモ!M121,業務内容と時間メモ!R$2:AI$9999,16,FALSE)) | S121: =IF(ISNA(VLOOKUP(業務内容と時間メモ!M121,業務内容と時間メモ!R$2:AI$9999,17,FALSE)),"",VLOOKUP(業務内容と時間メモ!M121,業務内容と時間メモ!R$2:AI$9999,17,FALSE)) | T121: =IF(SUMIFS(業務内容と時間メモ!E:E,業務内容と時間メモ!AB:AB,N121,業務内容と時間メモ!AD:AD,O121)=0,"",SUMIFS(業務内容と時間メモ!E:E,業務内容と時間メモ!AB:AB,N121,業務内容と時間メモ!AD:AD,O121)) | U121: =IF(SUMIFS(業務内容と時間メモ!F:F,業務内容と時間メモ!AB:AB,N121,業務内容と時間メモ!AD:AD,O121)=0,"",SUMIFS(業務内容と時間メモ!F:F,業務内容と時間メモ!AB:AB,N121,業務内容と時間メモ!AD:AD,O121)) | V121: =IF(SUMIFS(業務内容と時間メモ!E:E,業務内容と時間メモ!AB:AB,N121,業務内容と時間メモ!AD:AD,O121)=0,"",SUMIFS(業務内容と時間メモ!E:E,業務内容と時間メモ!AB:AB,N121,業務内容と時間メモ!AD:AD,O121))
A122: =IF(ISNA(VLOOKUP(K122,L122:S10119,3,FALSE)),"",VLOOKUP(K122,L121:S10119,3,FALSE)) | B122: =IF(ISNA(VLOOKUP(K122,L122:S10119,5,FALSE)),"",VLOOKUP(K122,L121:S10119,5,FALSE)&"など") | C122: =IF(SUMIF(N:N,A122,U:U)=0,"",SUMIF(N:N,A122,U:U)) | J122: =IF(O122="","",IF(OR(COUNTIF(O122,"*職場*"),COUNTIF(O122,"*後輩教育*")),"サブ","メイン")) | K122: 左表に入れますねぇ121 | L122: =IF(M122="","",IF(COUNTIF(INDIRECT("M$1:M"&ROW()),"左表に入れますねぇ")>=1,"左表に入れますねぇ"&COUNTIF(INDIRECT("M$1:M"&ROW()),"左表に入れますねぇ"),"")) | M122: =IF(N122="","",IF(COUNTIF(N$1:N122,N122)>1,"",IF(COUNTIF(N:N,N122)>=1,"左表に入れますねぇ",""))) | N122: =IF(ISNA(VLOOKUP(業務内容と時間メモ!M122,業務内容と時間メモ!R$2:AI$9999,11,FALSE)),"",VLOOKUP(業務内容と時間メモ!M122,業務内容と時間メモ!R$2:AI$9999,11,FALSE)) | O122: =IF(ISNA(VLOOKUP(業務内容と時間メモ!M122,業務内容と時間メモ!R$2:AI$9999,13,FALSE)),"",VLOOKUP(業務内容と時間メモ!M122,業務内容と時間メモ!R$2:AI$9999,13,FALSE)) | P122: =IF(ISNA(VLOOKUP(業務内容と時間メモ!M122,業務内容と時間メモ!R$2:AI$9999,15,FALSE)),"",VLOOKUP(業務内容と時間メモ!M122,業務内容と時間メモ!R$2:AI$9999,15,FALSE)) | Q122: =IF(ISNA(VLOOKUP(業務内容と時間メモ!M122,業務内容と時間メモ!R$2:AI$9999,14,FALSE)),"",VLOOKUP(業務内容と時間メモ!M122,業務内容と時間メモ!R$2:AI$9999,14,FALSE)) | R122: =IF(ISNA(VLOOKUP(業務内容と時間メモ!M122,業務内容と時間メモ!R$2:AI$9999,16,FALSE)),"",VLOOKUP(業務内容と時間メモ!M122,業務内容と時間メモ!R$2:AI$9999,16,FALSE)) | S122: =IF(ISNA(VLOOKUP(業務内容と時間メモ!M122,業務内容と時間メモ!R$2:AI$9999,17,FALSE)),"",VLOOKUP(業務内容と時間メモ!M122,業務内容と時間メモ!R$2:AI$9999,17,FALSE)) | T122: =IF(SUMIFS(業務内容と時間メモ!E:E,業務内容と時間メモ!AB:AB,N122,業務内容と時間メモ!AD:AD,O122)=0,"",SUMIFS(業務内容と時間メモ!E:E,業務内容と時間メモ!AB:AB,N122,業務内容と時間メモ!AD:AD,O122)) | U122: =IF(SUMIFS(業務内容と時間メモ!F:F,業務内容と時間メモ!AB:AB,N122,業務内容と時間メモ!AD:AD,O122)=0,"",SUMIFS(業務内容と時間メモ!F:F,業務内容と時間メモ!AB:AB,N122,業務内容と時間メモ!AD:AD,O122)) | V122: =IF(SUMIFS(業務内容と時間メモ!E:E,業務内容と時間メモ!AB:AB,N122,業務内容と時間メモ!AD:AD,O122)=0,"",SUMIFS(業務内容と時間メモ!E:E,業務内容と時間メモ!AB:AB,N122,業務内容と時間メモ!AD:AD,O122))
A123: =IF(ISNA(VLOOKUP(K123,L123:S10120,3,FALSE)),"",VLOOKUP(K123,L122:S10120,3,FALSE)) | B123: =IF(ISNA(VLOOKUP(K123,L123:S10120,5,FALSE)),"",VLOOKUP(K123,L122:S10120,5,FALSE)&"など") | C123: =IF(SUMIF(N:N,A123,U:U)=0,"",SUMIF(N:N,A123,U:U)) | J123: =IF(O123="","",IF(OR(COUNTIF(O123,"*職場*"),COUNTIF(O123,"*後輩教育*")),"サブ","メイン")) | K123: 左表に入れますねぇ122 | L123: =IF(M123="","",IF(COUNTIF(INDIRECT("M$1:M"&ROW()),"左表に入れますねぇ")>=1,"左表に入れますねぇ"&COUNTIF(INDIRECT("M$1:M"&ROW()),"左表に入れますねぇ"),"")) | M123: =IF(N123="","",IF(COUNTIF(N$1:N123,N123)>1,"",IF(COUNTIF(N:N,N123)>=1,"左表に入れますねぇ",""))) | N123: =IF(ISNA(VLOOKUP(業務内容と時間メモ!M123,業務内容と時間メモ!R$2:AI$9999,11,FALSE)),"",VLOOKUP(業務内容と時間メモ!M123,業務内容と時間メモ!R$2:AI$9999,11,FALSE)) | O123: =IF(ISNA(VLOOKUP(業務内容と時間メモ!M123,業務内容と時間メモ!R$2:AI$9999,13,FALSE)),"",VLOOKUP(業務内容と時間メモ!M123,業務内容と時間メモ!R$2:AI$9999,13,FALSE)) | P123: =IF(ISNA(VLOOKUP(業務内容と時間メモ!M123,業務内容と時間メモ!R$2:AI$9999,15,FALSE)),"",VLOOKUP(業務内容と時間メモ!M123,業務内容と時間メモ!R$2:AI$9999,15,FALSE)) | Q123: =IF(ISNA(VLOOKUP(業務内容と時間メモ!M123,業務内容と時間メモ!R$2:AI$9999,14,FALSE)),"",VLOOKUP(業務内容と時間メモ!M123,業務内容と時間メモ!R$2:AI$9999,14,FALSE)) | R123: =IF(ISNA(VLOOKUP(業務内容と時間メモ!M123,業務内容と時間メモ!R$2:AI$9999,16,FALSE)),"",VLOOKUP(業務内容と時間メモ!M123,業務内容と時間メモ!R$2:AI$9999,16,FALSE)) | S123: =IF(ISNA(VLOOKUP(業務内容と時間メモ!M123,業務内容と時間メモ!R$2:AI$9999,17,FALSE)),"",VLOOKUP(業務内容と時間メモ!M123,業務内容と時間メモ!R$2:AI$9999,17,FALSE)) | T123: =IF(SUMIFS(業務内容と時間メモ!E:E,業務内容と時間メモ!AB:AB,N123,業務内容と時間メモ!AD:AD,O123)=0,"",SUMIFS(業務内容と時間メモ!E:E,業務内容と時間メモ!AB:AB,N123,業務内容と時間メモ!AD:AD,O123)) | U123: =IF(SUMIFS(業務内容と時間メモ!F:F,業務内容と時間メモ!AB:AB,N123,業務内容と時間メモ!AD:AD,O123)=0,"",SUMIFS(業務内容と時間メモ!F:F,業務内容と時間メモ!AB:AB,N123,業務内容と時間メモ!AD:AD,O123)) | V123: =IF(SUMIFS(業務内容と時間メモ!E:E,業務内容と時間メモ!AB:AB,N123,業務内容と時間メモ!AD:AD,O123)=0,"",SUMIFS(業務内容と時間メモ!E:E,業務内容と時間メモ!AB:AB,N123,業務内容と時間メモ!AD:AD,O123))
A124: =IF(ISNA(VLOOKUP(K124,L124:S10121,3,FALSE)),"",VLOOKUP(K124,L123:S10121,3,FALSE)) | B124: =IF(ISNA(VLOOKUP(K124,L124:S10121,5,FALSE)),"",VLOOKUP(K124,L123:S10121,5,FALSE)&"など") | C124: =IF(SUMIF(N:N,A124,U:U)=0,"",SUMIF(N:N,A124,U:U)) | J124: =IF(O124="","",IF(OR(COUNTIF(O124,"*職場*"),COUNTIF(O124,"*後輩教育*")),"サブ","メイン")) | K124: 左表に入れますねぇ123 | L124: =IF(M124="","",IF(COUNTIF(INDIRECT("M$1:M"&ROW()),"左表に入れますねぇ")>=1,"左表に入れますねぇ"&COUNTIF(INDIRECT("M$1:M"&ROW()),"左表に入れますねぇ"),"")) | M124: =IF(N124="","",IF(COUNTIF(N$1:N124,N124)>1,"",IF(COUNTIF(N:N,N124)>=1,"左表に入れますねぇ",""))) | N124: =IF(ISNA(VLOOKUP(業務内容と時間メモ!M124,業務内容と時間メモ!R$2:AI$9999,11,FALSE)),"",VLOOKUP(業務内容と時間メモ!M124,業務内容と時間メモ!R$2:AI$9999,11,FALSE)) | O124: =IF(ISNA(VLOOKUP(業務内容と時間メモ!M124,業務内容と時間メモ!R$2:AI$9999,13,FALSE)),"",VLOOKUP(業務内容と時間メモ!M124,業務内容と時間メモ!R$2:AI$9999,13,FALSE)) | P124: =IF(ISNA(VLOOKUP(業務内容と時間メモ!M124,業務内容と時間メモ!R$2:AI$9999,15,FALSE)),"",VLOOKUP(業務内容と時間メモ!M124,業務内容と時間メモ!R$2:AI$9999,15,FALSE)) | Q124: =IF(ISNA(VLOOKUP(業務内容と時間メモ!M124,業務内容と時間メモ!R$2:AI$9999,14,FALSE)),"",VLOOKUP(業務内容と時間メモ!M124,業務内容と時間メモ!R$2:AI$9999,14,FALSE)) | R124: =IF(ISNA(VLOOKUP(業務内容と時間メモ!M124,業務内容と時間メモ!R$2:AI$9999,16,FALSE)),"",VLOOKUP(業務内容と時間メモ!M124,業務内容と時間メモ!R$2:AI$9999,16,FALSE)) | S124: =IF(ISNA(VLOOKUP(業務内容と時間メモ!M124,業務内容と時間メモ!R$2:AI$9999,17,FALSE)),"",VLOOKUP(業務内容と時間メモ!M124,業務内容と時間メモ!R$2:AI$9999,17,FALSE)) | T124: =IF(SUMIFS(業務内容と時間メモ!E:E,業務内容と時間メモ!AB:AB,N124,業務内容と時間メモ!AD:AD,O124)=0,"",SUMIFS(業務内容と時間メモ!E:E,業務内容と時間メモ!AB:AB,N124,業務内容と時間メモ!AD:AD,O124)) | U124: =IF(SUMIFS(業務内容と時間メモ!F:F,業務内容と時間メモ!AB:AB,N124,業務内容と時間メモ!AD:AD,O124)=0,"",SUMIFS(業務内容と時間メモ!F:F,業務内容と時間メモ!AB:AB,N124,業務内容と時間メモ!AD:AD,O124)) | V124: =IF(SUMIFS(業務内容と時間メモ!E:E,業務内容と時間メモ!AB:AB,N124,業務内容と時間メモ!AD:AD,O124)=0,"",SUMIFS(業務内容と時間メモ!E:E,業務内容と時間メモ!AB:AB,N124,業務内容と時間メモ!AD:AD,O124))
A125: =IF(ISNA(VLOOKUP(K125,L125:S10122,3,FALSE)),"",VLOOKUP(K125,L124:S10122,3,FALSE)) | B125: =IF(ISNA(VLOOKUP(K125,L125:S10122,5,FALSE)),"",VLOOKUP(K125,L124:S10122,5,FALSE)&"など") | C125: =IF(SUMIF(N:N,A125,U:U)=0,"",SUMIF(N:N,A125,U:U)) | J125: =IF(O125="","",IF(OR(COUNTIF(O125,"*職場*"),COUNTIF(O125,"*後輩教育*")),"サブ","メイン")) | K125: 左表に入れますねぇ124 | L125: =IF(M125="","",IF(COUNTIF(INDIRECT("M$1:M"&ROW()),"左表に入れますねぇ")>=1,"左表に入れますねぇ"&COUNTIF(INDIRECT("M$1:M"&ROW()),"左表に入れますねぇ"),"")) | M125: =IF(N125="","",IF(COUNTIF(N$1:N125,N125)>1,"",IF(COUNTIF(N:N,N125)>=1,"左表に入れますねぇ",""))) | N125: =IF(ISNA(VLOOKUP(業務内容と時間メモ!M125,業務内容と時間メモ!R$2:AI$9999,11,FALSE)),"",VLOOKUP(業務内容と時間メモ!M125,業務内容と時間メモ!R$2:AI$9999,11,FALSE)) | O125: =IF(ISNA(VLOOKUP(業務内容と時間メモ!M125,業務内容と時間メモ!R$2:AI$9999,13,FALSE)),"",VLOOKUP(業務内容と時間メモ!M125,業務内容と時間メモ!R$2:AI$9999,13,FALSE)) | P125: =IF(ISNA(VLOOKUP(業務内容と時間メモ!M125,業務内容と時間メモ!R$2:AI$9999,15,FALSE)),"",VLOOKUP(業務内容と時間メモ!M125,業務内容と時間メモ!R$2:AI$9999,15,FALSE)) | Q125: =IF(ISNA(VLOOKUP(業務内容と時間メモ!M125,業務内容と時間メモ!R$2:AI$9999,14,FALSE)),"",VLOOKUP(業務内容と時間メモ!M125,業務内容と時間メモ!R$2:AI$9999,14,FALSE)) | R125: =IF(ISNA(VLOOKUP(業務内容と時間メモ!M125,業務内容と時間メモ!R$2:AI$9999,16,FALSE)),"",VLOOKUP(業務内容と時間メモ!M125,業務内容と時間メモ!R$2:AI$9999,16,FALSE)) | S125: =IF(ISNA(VLOOKUP(業務内容と時間メモ!M125,業務内容と時間メモ!R$2:AI$9999,17,FALSE)),"",VLOOKUP(業務内容と時間メモ!M125,業務内容と時間メモ!R$2:AI$9999,17,FALSE)) | T125: =IF(SUMIFS(業務内容と時間メモ!E:E,業務内容と時間メモ!AB:AB,N125,業務内容と時間メモ!AD:AD,O125)=0,"",SUMIFS(業務内容と時間メモ!E:E,業務内容と時間メモ!AB:AB,N125,業務内容と時間メモ!AD:AD,O125)) | U125: =IF(SUMIFS(業務内容と時間メモ!F:F,業務内容と時間メモ!AB:AB,N125,業務内容と時間メモ!AD:AD,O125)=0,"",SUMIFS(業務内容と時間メモ!F:F,業務内容と時間メモ!AB:AB,N125,業務内容と時間メモ!AD:AD,O125)) | V125: =IF(SUMIFS(業務内容と時間メモ!E:E,業務内容と時間メモ!AB:AB,N125,業務内容と時間メモ!AD:AD,O125)=0,"",SUMIFS(業務内容と時間メモ!E:E,業務内容と時間メモ!AB:AB,N125,業務内容と時間メモ!AD:AD,O125))
A126: =IF(ISNA(VLOOKUP(K126,L126:S10123,3,FALSE)),"",VLOOKUP(K126,L125:S10123,3,FALSE)) | B126: =IF(ISNA(VLOOKUP(K126,L126:S10123,5,FALSE)),"",VLOOKUP(K126,L125:S10123,5,FALSE)&"など") | C126: =IF(SUMIF(N:N,A126,U:U)=0,"",SUMIF(N:N,A126,U:U)) | J126: =IF(O126="","",IF(OR(COUNTIF(O126,"*職場*"),COUNTIF(O126,"*後輩教育*")),"サブ","メイン")) | K126: 左表に入れますねぇ125 | L126: =IF(M126="","",IF(COUNTIF(INDIRECT("M$1:M"&ROW()),"左表に入れますねぇ")>=1,"左表に入れますねぇ"&COUNTIF(INDIRECT("M$1:M"&ROW()),"左表に入れますねぇ"),"")) | M126: =IF(N126="","",IF(COUNTIF(N$1:N126,N126)>1,"",IF(COUNTIF(N:N,N126)>=1,"左表に入れますねぇ",""))) | N126: =IF(ISNA(VLOOKUP(業務内容と時間メモ!M126,業務内容と時間メモ!R$2:AI$9999,11,FALSE)),"",VLOOKUP(業務内容と時間メモ!M126,業務内容と時間メモ!R$2:AI$9999,11,FALSE)) | O126: =IF(ISNA(VLOOKUP(業務内容と時間メモ!M126,業務内容と時間メモ!R$2:AI$9999,13,FALSE)),"",VLOOKUP(業務内容と時間メモ!M126,業務内容と時間メモ!R$2:AI$9999,13,FALSE)) | P126: =IF(ISNA(VLOOKUP(業務内容と時間メモ!M126,業務内容と時間メモ!R$2:AI$9999,15,FALSE)),"",VLOOKUP(業務内容と時間メモ!M126,業務内容と時間メモ!R$2:AI$9999,15,FALSE)) | Q126: =IF(ISNA(VLOOKUP(業務内容と時間メモ!M126,業務内容と時間メモ!R$2:AI$9999,14,FALSE)),"",VLOOKUP(業務内容と時間メモ!M126,業務内容と時間メモ!R$2:AI$9999,14,FALSE)) | R126: =IF(ISNA(VLOOKUP(業務内容と時間メモ!M126,業務内容と時間メモ!R$2:AI$9999,16,FALSE)),"",VLOOKUP(業務内容と時間メモ!M126,業務内容と時間メモ!R$2:AI$9999,16,FALSE)) | S126: =IF(ISNA(VLOOKUP(業務内容と時間メモ!M126,業務内容と時間メモ!R$2:AI$9999,17,FALSE)),"",VLOOKUP(業務内容と時間メモ!M126,業務内容と時間メモ!R$2:AI$9999,17,FALSE)) | T126: =IF(SUMIFS(業務内容と時間メモ!E:E,業務内容と時間メモ!AB:AB,N126,業務内容と時間メモ!AD:AD,O126)=0,"",SUMIFS(業務内容と時間メモ!E:E,業務内容と時間メモ!AB:AB,N126,業務内容と時間メモ!AD:AD,O126)) | U126: =IF(SUMIFS(業務内容と時間メモ!F:F,業務内容と時間メモ!AB:AB,N126,業務内容と時間メモ!AD:AD,O126)=0,"",SUMIFS(業務内容と時間メモ!F:F,業務内容と時間メモ!AB:AB,N126,業務内容と時間メモ!AD:AD,O126)) | V126: =IF(SUMIFS(業務内容と時間メモ!E:E,業務内容と時間メモ!AB:AB,N126,業務内容と時間メモ!AD:AD,O126)=0,"",SUMIFS(業務内容と時間メモ!E:E,業務内容と時間メモ!AB:AB,N126,業務内容と時間メモ!AD:AD,O126))
A127: =IF(ISNA(VLOOKUP(K127,L127:S10124,3,FALSE)),"",VLOOKUP(K127,L126:S10124,3,FALSE)) | B127: =IF(ISNA(VLOOKUP(K127,L127:S10124,5,FALSE)),"",VLOOKUP(K127,L126:S10124,5,FALSE)&"など") | C127: =IF(SUMIF(N:N,A127,U:U)=0,"",SUMIF(N:N,A127,U:U)) | J127: =IF(O127="","",IF(OR(COUNTIF(O127,"*職場*"),COUNTIF(O127,"*後輩教育*")),"サブ","メイン")) | K127: 左表に入れますねぇ126 | L127: =IF(M127="","",IF(COUNTIF(INDIRECT("M$1:M"&ROW()),"左表に入れますねぇ")>=1,"左表に入れますねぇ"&COUNTIF(INDIRECT("M$1:M"&ROW()),"左表に入れますねぇ"),"")) | M127: =IF(N127="","",IF(COUNTIF(N$1:N127,N127)>1,"",IF(COUNTIF(N:N,N127)>=1,"左表に入れますねぇ",""))) | N127: =IF(ISNA(VLOOKUP(業務内容と時間メモ!M127,業務内容と時間メモ!R$2:AI$9999,11,FALSE)),"",VLOOKUP(業務内容と時間メモ!M127,業務内容と時間メモ!R$2:AI$9999,11,FALSE)) | O127: =IF(ISNA(VLOOKUP(業務内容と時間メモ!M127,業務内容と時間メモ!R$2:AI$9999,13,FALSE)),"",VLOOKUP(業務内容と時間メモ!M127,業務内容と時間メモ!R$2:AI$9999,13,FALSE)) | P127: =IF(ISNA(VLOOKUP(業務内容と時間メモ!M127,業務内容と時間メモ!R$2:AI$9999,15,FALSE)),"",VLOOKUP(業務内容と時間メモ!M127,業務内容と時間メモ!R$2:AI$9999,15,FALSE)) | Q127: =IF(ISNA(VLOOKUP(業務内容と時間メモ!M127,業務内容と時間メモ!R$2:AI$9999,14,FALSE)),"",VLOOKUP(業務内容と時間メモ!M127,業務内容と時間メモ!R$2:AI$9999,14,FALSE)) | R127: =IF(ISNA(VLOOKUP(業務内容と時間メモ!M127,業務内容と時間メモ!R$2:AI$9999,16,FALSE)),"",VLOOKUP(業務内容と時間メモ!M127,業務内容と時間メモ!R$2:AI$9999,16,FALSE)) | S127: =IF(ISNA(VLOOKUP(業務内容と時間メモ!M127,業務内容と時間メモ!R$2:AI$9999,17,FALSE)),"",VLOOKUP(業務内容と時間メモ!M127,業務内容と時間メモ!R$2:AI$9999,17,FALSE)) | T127: =IF(SUMIFS(業務内容と時間メモ!E:E,業務内容と時間メモ!AB:AB,N127,業務内容と時間メモ!AD:AD,O127)=0,"",SUMIFS(業務内容と時間メモ!E:E,業務内容と時間メモ!AB:AB,N127,業務内容と時間メモ!AD:AD,O127)) | U127: =IF(SUMIFS(業務内容と時間メモ!F:F,業務内容と時間メモ!AB:AB,N127,業務内容と時間メモ!AD:AD,O127)=0,"",SUMIFS(業務内容と時間メモ!F:F,業務内容と時間メモ!AB:AB,N127,業務内容と時間メモ!AD:AD,O127)) | V127: =IF(SUMIFS(業務内容と時間メモ!E:E,業務内容と時間メモ!AB:AB,N127,業務内容と時間メモ!AD:AD,O127)=0,"",SUMIFS(業務内容と時間メモ!E:E,業務内容と時間メモ!AB:AB,N127,業務内容と時間メモ!AD:AD,O127))
A128: =IF(ISNA(VLOOKUP(K128,L128:S10125,3,FALSE)),"",VLOOKUP(K128,L127:S10125,3,FALSE)) | B128: =IF(ISNA(VLOOKUP(K128,L128:S10125,5,FALSE)),"",VLOOKUP(K128,L127:S10125,5,FALSE)&"など") | C128: =IF(SUMIF(N:N,A128,U:U)=0,"",SUMIF(N:N,A128,U:U)) | J128: =IF(O128="","",IF(OR(COUNTIF(O128,"*職場*"),COUNTIF(O128,"*後輩教育*")),"サブ","メイン")) | K128: 左表に入れますねぇ127 | L128: =IF(M128="","",IF(COUNTIF(INDIRECT("M$1:M"&ROW()),"左表に入れますねぇ")>=1,"左表に入れますねぇ"&COUNTIF(INDIRECT("M$1:M"&ROW()),"左表に入れますねぇ"),"")) | M128: =IF(N128="","",IF(COUNTIF(N$1:N128,N128)>1,"",IF(COUNTIF(N:N,N128)>=1,"左表に入れますねぇ",""))) | N128: =IF(ISNA(VLOOKUP(業務内容と時間メモ!M128,業務内容と時間メモ!R$2:AI$9999,11,FALSE)),"",VLOOKUP(業務内容と時間メモ!M128,業務内容と時間メモ!R$2:AI$9999,11,FALSE)) | O128: =IF(ISNA(VLOOKUP(業務内容と時間メモ!M128,業務内容と時間メモ!R$2:AI$9999,13,FALSE)),"",VLOOKUP(業務内容と時間メモ!M128,業務内容と時間メモ!R$2:AI$9999,13,FALSE)) | P128: =IF(ISNA(VLOOKUP(業務内容と時間メモ!M128,業務内容と時間メモ!R$2:AI$9999,15,FALSE)),"",VLOOKUP(業務内容と時間メモ!M128,業務内容と時間メモ!R$2:AI$9999,15,FALSE)) | Q128: =IF(ISNA(VLOOKUP(業務内容と時間メモ!M128,業務内容と時間メモ!R$2:AI$9999,14,FALSE)),"",VLOOKUP(業務内容と時間メモ!M128,業務内容と時間メモ!R$2:AI$9999,14,FALSE)) | R128: =IF(ISNA(VLOOKUP(業務内容と時間メモ!M128,業務内容と時間メモ!R$2:AI$9999,16,FALSE)),"",VLOOKUP(業務内容と時間メモ!M128,業務内容と時間メモ!R$2:AI$9999,16,FALSE)) | S128: =IF(ISNA(VLOOKUP(業務内容と時間メモ!M128,業務内容と時間メモ!R$2:AI$9999,17,FALSE)),"",VLOOKUP(業務内容と時間メモ!M128,業務内容と時間メモ!R$2:AI$9999,17,FALSE)) | T128: =IF(SUMIFS(業務内容と時間メモ!E:E,業務内容と時間メモ!AB:AB,N128,業務内容と時間メモ!AD:AD,O128)=0,"",SUMIFS(業務内容と時間メモ!E:E,業務内容と時間メモ!AB:AB,N128,業務内容と時間メモ!AD:AD,O128)) | U128: =IF(SUMIFS(業務内容と時間メモ!F:F,業務内容と時間メモ!AB:AB,N128,業務内容と時間メモ!AD:AD,O128)=0,"",SUMIFS(業務内容と時間メモ!F:F,業務内容と時間メモ!AB:AB,N128,業務内容と時間メモ!AD:AD,O128)) | V128: =IF(SUMIFS(業務内容と時間メモ!E:E,業務内容と時間メモ!AB:AB,N128,業務内容と時間メモ!AD:AD,O128)=0,"",SUMIFS(業務内容と時間メモ!E:E,業務内容と時間メモ!AB:AB,N128,業務内容と時間メモ!AD:AD,O128))
A129: =IF(ISNA(VLOOKUP(K129,L129:S10126,3,FALSE)),"",VLOOKUP(K129,L128:S10126,3,FALSE)) | B129: =IF(ISNA(VLOOKUP(K129,L129:S10126,5,FALSE)),"",VLOOKUP(K129,L128:S10126,5,FALSE)&"など") | C129: =IF(SUMIF(N:N,A129,U:U)=0,"",SUMIF(N:N,A129,U:U)) | J129: =IF(O129="","",IF(OR(COUNTIF(O129,"*職場*"),COUNTIF(O129,"*後輩教育*")),"サブ","メイン")) | K129: 左表に入れますねぇ128 | L129: =IF(M129="","",IF(COUNTIF(INDIRECT("M$1:M"&ROW()),"左表に入れますねぇ")>=1,"左表に入れますねぇ"&COUNTIF(INDIRECT("M$1:M"&ROW()),"左表に入れますねぇ"),"")) | M129: =IF(N129="","",IF(COUNTIF(N$1:N129,N129)>1,"",IF(COUNTIF(N:N,N129)>=1,"左表に入れますねぇ",""))) | N129: =IF(ISNA(VLOOKUP(業務内容と時間メモ!M129,業務内容と時間メモ!R$2:AI$9999,11,FALSE)),"",VLOOKUP(業務内容と時間メモ!M129,業務内容と時間メモ!R$2:AI$9999,11,FALSE)) | O129: =IF(ISNA(VLOOKUP(業務内容と時間メモ!M129,業務内容と時間メモ!R$2:AI$9999,13,FALSE)),"",VLOOKUP(業務内容と時間メモ!M129,業務内容と時間メモ!R$2:AI$9999,13,FALSE)) | P129: =IF(ISNA(VLOOKUP(業務内容と時間メモ!M129,業務内容と時間メモ!R$2:AI$9999,15,FALSE)),"",VLOOKUP(業務内容と時間メモ!M129,業務内容と時間メモ!R$2:AI$9999,15,FALSE)) | Q129: =IF(ISNA(VLOOKUP(業務内容と時間メモ!M129,業務内容と時間メモ!R$2:AI$9999,14,FALSE)),"",VLOOKUP(業務内容と時間メモ!M129,業務内容と時間メモ!R$2:AI$9999,14,FALSE)) | R129: =IF(ISNA(VLOOKUP(業務内容と時間メモ!M129,業務内容と時間メモ!R$2:AI$9999,16,FALSE)),"",VLOOKUP(業務内容と時間メモ!M129,業務内容と時間メモ!R$2:AI$9999,16,FALSE)) | S129: =IF(ISNA(VLOOKUP(業務内容と時間メモ!M129,業務内容と時間メモ!R$2:AI$9999,17,FALSE)),"",VLOOKUP(業務内容と時間メモ!M129,業務内容と時間メモ!R$2:AI$9999,17,FALSE)) | T129: =IF(SUMIFS(業務内容と時間メモ!E:E,業務内容と時間メモ!AB:AB,N129,業務内容と時間メモ!AD:AD,O129)=0,"",SUMIFS(業務内容と時間メモ!E:E,業務内容と時間メモ!AB:AB,N129,業務内容と時間メモ!AD:AD,O129)) | U129: =IF(SUMIFS(業務内容と時間メモ!F:F,業務内容と時間メモ!AB:AB,N129,業務内容と時間メモ!AD:AD,O129)=0,"",SUMIFS(業務内容と時間メモ!F:F,業務内容と時間メモ!AB:AB,N129,業務内容と時間メモ!AD:AD,O129)) | V129: =IF(SUMIFS(業務内容と時間メモ!E:E,業務内容と時間メモ!AB:AB,N129,業務内容と時間メモ!AD:AD,O129)=0,"",SUMIFS(業務内容と時間メモ!E:E,業務内容と時間メモ!AB:AB,N129,業務内容と時間メモ!AD:AD,O129))
A130: =IF(ISNA(VLOOKUP(K130,L130:S10127,3,FALSE)),"",VLOOKUP(K130,L129:S10127,3,FALSE)) | B130: =IF(ISNA(VLOOKUP(K130,L130:S10127,5,FALSE)),"",VLOOKUP(K130,L129:S10127,5,FALSE)&"など") | C130: =IF(SUMIF(N:N,A130,U:U)=0,"",SUMIF(N:N,A130,U:U)) | J130: =IF(O130="","",IF(OR(COUNTIF(O130,"*職場*"),COUNTIF(O130,"*後輩教育*")),"サブ","メイン")) | K130: 左表に入れますねぇ129 | L130: =IF(M130="","",IF(COUNTIF(INDIRECT("M$1:M"&ROW()),"左表に入れますねぇ")>=1,"左表に入れますねぇ"&COUNTIF(INDIRECT("M$1:M"&ROW()),"左表に入れますねぇ"),"")) | M130: =IF(N130="","",IF(COUNTIF(N$1:N130,N130)>1,"",IF(COUNTIF(N:N,N130)>=1,"左表に入れますねぇ",""))) | N130: =IF(ISNA(VLOOKUP(業務内容と時間メモ!M130,業務内容と時間メモ!R$2:AI$9999,11,FALSE)),"",VLOOKUP(業務内容と時間メモ!M130,業務内容と時間メモ!R$2:AI$9999,11,FALSE)) | O130: =IF(ISNA(VLOOKUP(業務内容と時間メモ!M130,業務内容と時間メモ!R$2:AI$9999,13,FALSE)),"",VLOOKUP(業務内容と時間メモ!M130,業務内容と時間メモ!R$2:AI$9999,13,FALSE)) | P130: =IF(ISNA(VLOOKUP(業務内容と時間メモ!M130,業務内容と時間メモ!R$2:AI$9999,15,FALSE)),"",VLOOKUP(業務内容と時間メモ!M130,業務内容と時間メモ!R$2:AI$9999,15,FALSE)) | Q130: =IF(ISNA(VLOOKUP(業務内容と時間メモ!M130,業務内容と時間メモ!R$2:AI$9999,14,FALSE)),"",VLOOKUP(業務内容と時間メモ!M130,業務内容と時間メモ!R$2:AI$9999,14,FALSE)) | R130: =IF(ISNA(VLOOKUP(業務内容と時間メモ!M130,業務内容と時間メモ!R$2:AI$9999,16,FALSE)),"",VLOOKUP(業務内容と時間メモ!M130,業務内容と時間メモ!R$2:AI$9999,16,FALSE)) | S130: =IF(ISNA(VLOOKUP(業務内容と時間メモ!M130,業務内容と時間メモ!R$2:AI$9999,17,FALSE)),"",VLOOKUP(業務内容と時間メモ!M130,業務内容と時間メモ!R$2:AI$9999,17,FALSE)) | T130: =IF(SUMIFS(業務内容と時間メモ!E:E,業務内容と時間メモ!AB:AB,N130,業務内容と時間メモ!AD:AD,O130)=0,"",SUMIFS(業務内容と時間メモ!E:E,業務内容と時間メモ!AB:AB,N130,業務内容と時間メモ!AD:AD,O130)) | U130: =IF(SUMIFS(業務内容と時間メモ!F:F,業務内容と時間メモ!AB:AB,N130,業務内容と時間メモ!AD:AD,O130)=0,"",SUMIFS(業務内容と時間メモ!F:F,業務内容と時間メモ!AB:AB,N130,業務内容と時間メモ!AD:AD,O130)) | V130: =IF(SUMIFS(業務内容と時間メモ!E:E,業務内容と時間メモ!AB:AB,N130,業務内容と時間メモ!AD:AD,O130)=0,"",SUMIFS(業務内容と時間メモ!E:E,業務内容と時間メモ!AB:AB,N130,業務内容と時間メモ!AD:AD,O130))
... A1113: =IF(ISNA(VLOOKUP(K1113,L1113:S11110,3,FALSE)),"",VLOOKUP(K1113,L1112:S11110,3,FALSE)) | B1113: =IF(ISNA(VLOOKUP(K1113,L1113:S11110,5,FALSE)),"",VLOOKUP(K1113,L1112:S11110,5,FALSE)&"など") | C1113: =IF(SUMIF(N:N,A1113,U:U)=0,"",SUMIF(N:N,A1113,U:U)) | J1113: =IF(O1113="","",IF(OR(COUNTIF(O1113,"*職場*"),COUNTIF(O1113,"*後輩教育*")),"サブ","メイン")) | K1113: 左表に入れますねぇ1112 | L1113: =IF(M1113="","",IF(COUNTIF(INDIRECT("M$1:M"&ROW()),"左表に入れますねぇ")>=1,"左表に入れますねぇ"&COUNTIF(INDIRECT("M$1:M"&ROW()),"左表に入れますねぇ"),"")) | M1113: =IF(N1113="","",IF(COUNTIF(N$1:N1113,N1113)>1,"",IF(COUNTIF(N:N,N1113)>=1,"左表に入れますねぇ",""))) | N1113: =IF(ISNA(VLOOKUP(業務内容と時間メモ!M1113,業務内容と時間メモ!R$2:AI$9999,11,FALSE)),"",VLOOKUP(業務内容と時間メモ!M1113,業務内容と時間メモ!R$2:AI$9999,11,FALSE)) | O1113: =IF(ISNA(VLOOKUP(業務内容と時間メモ!M1113,業務内容と時間メモ!R$2:AI$9999,13,FALSE)),"",VLOOKUP(業務内容と時間メモ!M1113,業務内容と時間メモ!R$2:AI$9999,13,FALSE)) | P1113: =IF(ISNA(VLOOKUP(業務内容と時間メモ!M1113,業務内容と時間メモ!R$2:AI$9999,15,FALSE)),"",VLOOKUP(業務内容と時間メモ!M1113,業務内容と時間メモ!R$2:AI$9999,15,FALSE)) | Q1113: =IF(ISNA(VLOOKUP(業務内容と時間メモ!M1113,業務内容と時間メモ!R$2:AI$9999,14,FALSE)),"",VLOOKUP(業務内容と時間メモ!M1113,業務内容と時間メモ!R$2:AI$9999,14,FALSE)) | R1113: =IF(ISNA(VLOOKUP(業務内容と時間メモ!M1113,業務内容と時間メモ!R$2:AI$9999,16,FALSE)),"",VLOOKUP(業務内容と時間メモ!M1113,業務内容と時間メモ!R$2:AI$9999,16,FALSE)) | S1113: =IF(ISNA(VLOOKUP(業務内容と時間メモ!M1113,業務内容と時間メモ!R$2:AI$9999,17,FALSE)),"",VLOOKUP(業務内容と時間メモ!M1113,業務内容と時間メモ!R$2:AI$9999,17,FALSE)) | T1113: =IF(SUMIFS(業務内容と時間メモ!E:E,業務内容と時間メモ!AB:AB,N1113,業務内容と時間メモ!AD:AD,O1113)=0,"",SUMIFS(業務内容と時間メモ!E:E,業務内容と時間メモ!AB:AB,N1113,業務内容と時間メモ!AD:AD,O1113)) | U1113: =IF(SUMIFS(業務内容と時間メモ!F:F,業務内容と時間メモ!AB:AB,N1113,業務内容と時間メモ!AD:AD,O1113)=0,"",SUMIFS(業務内容と時間メモ!F:F,業務内容と時間メモ!AB:AB,N1113,業務内容と時間メモ!AD:AD,O1113)) | V1113: =IF(SUMIFS(業務内容と時間メモ!E:E,業務内容と時間メモ!AB:AB,N1113,業務内容と時間メモ!AD:AD,O1113)=0,"",SUMIFS(業務内容と時間メモ!E:E,業務内容と時間メモ!AB:AB,N1113,業務内容と時間メモ!AD:AD,O1113))
A1114: =IF(ISNA(VLOOKUP(K1114,L1114:S11111,3,FALSE)),"",VLOOKUP(K1114,L1113:S11111,3,FALSE)) | B1114: =IF(ISNA(VLOOKUP(K1114,L1114:S11111,5,FALSE)),"",VLOOKUP(K1114,L1113:S11111,5,FALSE)&"など") | C1114: =IF(SUMIF(N:N,A1114,U:U)=0,"",SUMIF(N:N,A1114,U:U)) | J1114: =IF(O1114="","",IF(OR(COUNTIF(O1114,"*職場*"),COUNTIF(O1114,"*後輩教育*")),"サブ","メイン")) | L1114: =IF(M1114="","",IF(COUNTIF(INDIRECT("M$1:M"&ROW()),"左表に入れますねぇ")>=1,"左表に入れますねぇ"&COUNTIF(INDIRECT("M$1:M"&ROW()),"左表に入れますねぇ"),"")) | M1114: =IF(N1114="","",IF(COUNTIF(N$1:N1114,N1114)>1,"",IF(COUNTIF(N:N,N1114)>=1,"左表に入れますねぇ",""))) | N1114: =IF(ISNA(VLOOKUP(業務内容と時間メモ!M1114,業務内容と時間メモ!R$2:AI$9999,11,FALSE)),"",VLOOKUP(業務内容と時間メモ!M1114,業務内容と時間メモ!R$2:AI$9999,11,FALSE)) | O1114: =IF(ISNA(VLOOKUP(業務内容と時間メモ!M1114,業務内容と時間メモ!R$2:AI$9999,13,FALSE)),"",VLOOKUP(業務内容と時間メモ!M1114,業務内容と時間メモ!R$2:AI$9999,13,FALSE)) | P1114: =IF(ISNA(VLOOKUP(業務内容と時間メモ!M1114,業務内容と時間メモ!R$2:AI$9999,15,FALSE)),"",VLOOKUP(業務内容と時間メモ!M1114,業務内容と時間メモ!R$2:AI$9999,15,FALSE)) | Q1114: =IF(ISNA(VLOOKUP(業務内容と時間メモ!M1114,業務内容と時間メモ!R$2:AI$9999,14,FALSE)),"",VLOOKUP(業務内容と時間メモ!M1114,業務内容と時間メモ!R$2:AI$9999,14,FALSE)) | R1114: =IF(ISNA(VLOOKUP(業務内容と時間メモ!M1114,業務内容と時間メモ!R$2:AI$9999,16,FALSE)),"",VLOOKUP(業務内容と時間メモ!M1114,業務内容と時間メモ!R$2:AI$9999,16,FALSE)) | S1114: =IF(ISNA(VLOOKUP(業務内容と時間メモ!M1114,業務内容と時間メモ!R$2:AI$9999,17,FALSE)),"",VLOOKUP(業務内容と時間メモ!M1114,業務内容と時間メモ!R$2:AI$9999,17,FALSE)) | T1114: =IF(SUMIFS(業務内容と時間メモ!E:E,業務内容と時間メモ!AB:AB,N1114,業務内容と時間メモ!AD:AD,O1114)=0,"",SUMIFS(業務内容と時間メモ!E:E,業務内容と時間メモ!AB:AB,N1114,業務内容と時間メモ!AD:AD,O1114)) | U1114: =IF(SUMIFS(業務内容と時間メモ!F:F,業務内容と時間メモ!AB:AB,N1114,業務内容と時間メモ!AD:AD,O1114)=0,"",SUMIFS(業務内容と時間メモ!F:F,業務内容と時間メモ!AB:AB,N1114,業務内容と時間メモ!AD:AD,O1114)) | V1114: =IF(SUMIFS(業務内容と時間メモ!E:E,業務内容と時間メモ!AB:AB,N1114,業務内容と時間メモ!AD:AD,O1114)=0,"",SUMIFS(業務内容と時間メモ!E:E,業務内容と時間メモ!AB:AB,N1114,業務内容と時間メモ!AD:AD,O1114))
A1115: =IF(ISNA(VLOOKUP(K1115,L1115:S11112,3,FALSE)),"",VLOOKUP(K1115,L1114:S11112,3,FALSE)) | B1115: =IF(ISNA(VLOOKUP(K1115,L1115:S11112,5,FALSE)),"",VLOOKUP(K1115,L1114:S11112,5,FALSE)&"など") | C1115: =IF(SUMIF(N:N,A1115,U:U)=0,"",SUMIF(N:N,A1115,U:U)) | J1115: =IF(O1115="","",IF(OR(COUNTIF(O1115,"*職場*"),COUNTIF(O1115,"*後輩教育*")),"サブ","メイン")) | L1115: =IF(M1115="","",IF(COUNTIF(INDIRECT("M$1:M"&ROW()),"左表に入れますねぇ")>=1,"左表に入れますねぇ"&COUNTIF(INDIRECT("M$1:M"&ROW()),"左表に入れますねぇ"),"")) | M1115: =IF(N1115="","",IF(COUNTIF(N$1:N1115,N1115)>1,"",IF(COUNTIF(N:N,N1115)>=1,"左表に入れますねぇ",""))) | N1115: =IF(ISNA(VLOOKUP(業務内容と時間メモ!M1115,業務内容と時間メモ!R$2:AI$9999,11,FALSE)),"",VLOOKUP(業務内容と時間メモ!M1115,業務内容と時間メモ!R$2:AI$9999,11,FALSE)) | O1115: =IF(ISNA(VLOOKUP(業務内容と時間メモ!M1115,業務内容と時間メモ!R$2:AI$9999,13,FALSE)),"",VLOOKUP(業務内容と時間メモ!M1115,業務内容と時間メモ!R$2:AI$9999,13,FALSE)) | P1115: =IF(ISNA(VLOOKUP(業務内容と時間メモ!M1115,業務内容と時間メモ!R$2:AI$9999,15,FALSE)),"",VLOOKUP(業務内容と時間メモ!M1115,業務内容と時間メモ!R$2:AI$9999,15,FALSE)) | Q1115: =IF(ISNA(VLOOKUP(業務内容と時間メモ!M1115,業務内容と時間メモ!R$2:AI$9999,14,FALSE)),"",VLOOKUP(業務内容と時間メモ!M1115,業務内容と時間メモ!R$2:AI$9999,14,FALSE)) | R1115: =IF(ISNA(VLOOKUP(業務内容と時間メモ!M1115,業務内容と時間メモ!R$2:AI$9999,16,FALSE)),"",VLOOKUP(業務内容と時間メモ!M1115,業務内容と時間メモ!R$2:AI$9999,16,FALSE)) | S1115: =IF(ISNA(VLOOKUP(業務内容と時間メモ!M1115,業務内容と時間メモ!R$2:AI$9999,17,FALSE)),"",VLOOKUP(業務内容と時間メモ!M1115,業務内容と時間メモ!R$2:AI$9999,17,FALSE)) | T1115: =IF(SUMIFS(業務内容と時間メモ!E:E,業務内容と時間メモ!AB:AB,N1115,業務内容と時間メモ!AD:AD,O1115)=0,"",SUMIFS(業務内容と時間メモ!E:E,業務内容と時間メモ!AB:AB,N1115,業務内容と時間メモ!AD:AD,O1115)) | U1115: =IF(SUMIFS(業務内容と時間メモ!F:F,業務内容と時間メモ!AB:AB,N1115,業務内容と時間メモ!AD:AD,O1115)=0,"",SUMIFS(業務内容と時間メモ!F:F,業務内容と時間メモ!AB:AB,N1115,業務内容と時間メモ!AD:AD,O1115)) | V1115: =IF(SUMIFS(業務内容と時間メモ!E:E,業務内容と時間メモ!AB:AB,N1115,業務内容と時間メモ!AD:AD,O1115)=0,"",SUMIFS(業務内容と時間メモ!E:E,業務内容と時間メモ!AB:AB,N1115,業務内容と時間メモ!AD:AD,O1115))
A1116: =IF(ISNA(VLOOKUP(K1116,L1116:S11113,3,FALSE)),"",VLOOKUP(K1116,L1115:S11113,3,FALSE)) | B1116: =IF(ISNA(VLOOKUP(K1116,L1116:S11113,5,FALSE)),"",VLOOKUP(K1116,L1115:S11113,5,FALSE)&"など") | C1116: =IF(SUMIF(N:N,A1116,U:U)=0,"",SUMIF(N:N,A1116,U:U)) | J1116: =IF(O1116="","",IF(OR(COUNTIF(O1116,"*職場*"),COUNTIF(O1116,"*後輩教育*")),"サブ","メイン")) | L1116: =IF(M1116="","",IF(COUNTIF(INDIRECT("M$1:M"&ROW()),"左表に入れますねぇ")>=1,"左表に入れますねぇ"&COUNTIF(INDIRECT("M$1:M"&ROW()),"左表に入れますねぇ"),"")) | M1116: =IF(N1116="","",IF(COUNTIF(N$1:N1116,N1116)>1,"",IF(COUNTIF(N:N,N1116)>=1,"左表に入れますねぇ",""))) | N1116: =IF(ISNA(VLOOKUP(業務内容と時間メモ!M1116,業務内容と時間メモ!R$2:AI$9999,11,FALSE)),"",VLOOKUP(業務内容と時間メモ!M1116,業務内容と時間メモ!R$2:AI$9999,11,FALSE)) | O1116: =IF(ISNA(VLOOKUP(業務内容と時間メモ!M1116,業務内容と時間メモ!R$2:AI$9999,13,FALSE)),"",VLOOKUP(業務内容と時間メモ!M1116,業務内容と時間メモ!R$2:AI$9999,13,FALSE)) | P1116: =IF(ISNA(VLOOKUP(業務内容と時間メモ!M1116,業務内容と時間メモ!R$2:AI$9999,15,FALSE)),"",VLOOKUP(業務内容と時間メモ!M1116,業務内容と時間メモ!R$2:AI$9999,15,FALSE)) | Q1116: =IF(ISNA(VLOOKUP(業務内容と時間メモ!M1116,業務内容と時間メモ!R$2:AI$9999,14,FALSE)),"",VLOOKUP(業務内容と時間メモ!M1116,業務内容と時間メモ!R$2:AI$9999,14,FALSE)) | R1116: =IF(ISNA(VLOOKUP(業務内容と時間メモ!M1116,業務内容と時間メモ!R$2:AI$9999,16,FALSE)),"",VLOOKUP(業務内容と時間メモ!M1116,業務内容と時間メモ!R$2:AI$9999,16,FALSE)) | S1116: =IF(ISNA(VLOOKUP(業務内容と時間メモ!M1116,業務内容と時間メモ!R$2:AI$9999,17,FALSE)),"",VLOOKUP(業務内容と時間メモ!M1116,業務内容と時間メモ!R$2:AI$9999,17,FALSE)) | T1116: =IF(SUMIFS(業務内容と時間メモ!E:E,業務内容と時間メモ!AB:AB,N1116,業務内容と時間メモ!AD:AD,O1116)=0,"",SUMIFS(業務内容と時間メモ!E:E,業務内容と時間メモ!AB:AB,N1116,業務内容と時間メモ!AD:AD,O1116)) | U1116: =IF(SUMIFS(業務内容と時間メモ!F:F,業務内容と時間メモ!AB:AB,N1116,業務内容と時間メモ!AD:AD,O1116)=0,"",SUMIFS(業務内容と時間メモ!F:F,業務内容と時間メモ!AB:AB,N1116,業務内容と時間メモ!AD:AD,O1116)) | V1116: =IF(SUMIFS(業務内容と時間メモ!E:E,業務内容と時間メモ!AB:AB,N1116,業務内容と時間メモ!AD:AD,O1116)=0,"",SUMIFS(業務内容と時間メモ!E:E,業務内容と時間メモ!AB:AB,N1116,業務内容と時間メモ!AD:AD,O1116))
A1117: =IF(ISNA(VLOOKUP(K1117,L1117:S11114,3,FALSE)),"",VLOOKUP(K1117,L1116:S11114,3,FALSE)) | B1117: =IF(ISNA(VLOOKUP(K1117,L1117:S11114,5,FALSE)),"",VLOOKUP(K1117,L1116:S11114,5,FALSE)&"など") | C1117: =IF(SUMIF(N:N,A1117,U:U)=0,"",SUMIF(N:N,A1117,U:U)) | J1117: =IF(O1117="","",IF(OR(COUNTIF(O1117,"*職場*"),COUNTIF(O1117,"*後輩教育*")),"サブ","メイン")) | L1117: =IF(M1117="","",IF(COUNTIF(INDIRECT("M$1:M"&ROW()),"左表に入れますねぇ")>=1,"左表に入れますねぇ"&COUNTIF(INDIRECT("M$1:M"&ROW()),"左表に入れますねぇ"),"")) | M1117: =IF(N1117="","",IF(COUNTIF(N$1:N1117,N1117)>1,"",IF(COUNTIF(N:N,N1117)>=1,"左表に入れますねぇ",""))) | N1117: =IF(ISNA(VLOOKUP(業務内容と時間メモ!M1117,業務内容と時間メモ!R$2:AI$9999,11,FALSE)),"",VLOOKUP(業務内容と時間メモ!M1117,業務内容と時間メモ!R$2:AI$9999,11,FALSE)) | O1117: =IF(ISNA(VLOOKUP(業務内容と時間メモ!M1117,業務内容と時間メモ!R$2:AI$9999,13,FALSE)),"",VLOOKUP(業務内容と時間メモ!M1117,業務内容と時間メモ!R$2:AI$9999,13,FALSE)) | P1117: =IF(ISNA(VLOOKUP(業務内容と時間メモ!M1117,業務内容と時間メモ!R$2:AI$9999,15,FALSE)),"",VLOOKUP(業務内容と時間メモ!M1117,業務内容と時間メモ!R$2:AI$9999,15,FALSE)) | Q1117: =IF(ISNA(VLOOKUP(業務内容と時間メモ!M1117,業務内容と時間メモ!R$2:AI$9999,14,FALSE)),"",VLOOKUP(業務内容と時間メモ!M1117,業務内容と時間メモ!R$2:AI$9999,14,FALSE)) | R1117: =IF(ISNA(VLOOKUP(業務内容と時間メモ!M1117,業務内容と時間メモ!R$2:AI$9999,16,FALSE)),"",VLOOKUP(業務内容と時間メモ!M1117,業務内容と時間メモ!R$2:AI$9999,16,FALSE)) | S1117: =IF(ISNA(VLOOKUP(業務内容と時間メモ!M1117,業務内容と時間メモ!R$2:AI$9999,17,FALSE)),"",VLOOKUP(業務内容と時間メモ!M1117,業務内容と時間メモ!R$2:AI$9999,17,FALSE)) | T1117: =IF(SUMIFS(業務内容と時間メモ!E:E,業務内容と時間メモ!AB:AB,N1117,業務内容と時間メモ!AD:AD,O1117)=0,"",SUMIFS(業務内容と時間メモ!E:E,業務内容と時間メモ!AB:AB,N1117,業務内容と時間メモ!AD:AD,O1117)) | U1117: =IF(SUMIFS(業務内容と時間メモ!F:F,業務内容と時間メモ!AB:AB,N1117,業務内容と時間メモ!AD:AD,O1117)=0,"",SUMIFS(業務内容と時間メモ!F:F,業務内容と時間メモ!AB:AB,N1117,業務内容と時間メモ!AD:AD,O1117)) | V1117: =IF(SUMIFS(業務内容と時間メモ!E:E,業務内容と時間メモ!AB:AB,N1117,業務内容と時間メモ!AD:AD,O1117)=0,"",SUMIFS(業務内容と時間メモ!E:E,業務内容と時間メモ!AB:AB,N1117,業務内容と時間メモ!AD:AD,O1117))
A1118: =IF(ISNA(VLOOKUP(K1118,L1118:S11115,3,FALSE)),"",VLOOKUP(K1118,L1117:S11115,3,FALSE)) | B1118: =IF(ISNA(VLOOKUP(K1118,L1118:S11115,5,FALSE)),"",VLOOKUP(K1118,L1117:S11115,5,FALSE)&"など") | C1118: =IF(SUMIF(N:N,A1118,U:U)=0,"",SUMIF(N:N,A1118,U:U)) | J1118: =IF(O1118="","",IF(OR(COUNTIF(O1118,"*職場*"),COUNTIF(O1118,"*後輩教育*")),"サブ","メイン")) | L1118: =IF(M1118="","",IF(COUNTIF(INDIRECT("M$1:M"&ROW()),"左表に入れますねぇ")>=1,"左表に入れますねぇ"&COUNTIF(INDIRECT("M$1:M"&ROW()),"左表に入れますねぇ"),"")) | M1118: =IF(N1118="","",IF(COUNTIF(N$1:N1118,N1118)>1,"",IF(COUNTIF(N:N,N1118)>=1,"左表に入れますねぇ",""))) | N1118: =IF(ISNA(VLOOKUP(業務内容と時間メモ!M1118,業務内容と時間メモ!R$2:AI$9999,11,FALSE)),"",VLOOKUP(業務内容と時間メモ!M1118,業務内容と時間メモ!R$2:AI$9999,11,FALSE)) | O1118: =IF(ISNA(VLOOKUP(業務内容と時間メモ!M1118,業務内容と時間メモ!R$2:AI$9999,13,FALSE)),"",VLOOKUP(業務内容と時間メモ!M1118,業務内容と時間メモ!R$2:AI$9999,13,FALSE)) | P1118: =IF(ISNA(VLOOKUP(業務内容と時間メモ!M1118,業務内容と時間メモ!R$2:AI$9999,15,FALSE)),"",VLOOKUP(業務内容と時間メモ!M1118,業務内容と時間メモ!R$2:AI$9999,15,FALSE)) | Q1118: =IF(ISNA(VLOOKUP(業務内容と時間メモ!M1118,業務内容と時間メモ!R$2:AI$9999,14,FALSE)),"",VLOOKUP(業務内容と時間メモ!M1118,業務内容と時間メモ!R$2:AI$9999,14,FALSE)) | R1118: =IF(ISNA(VLOOKUP(業務内容と時間メモ!M1118,業務内容と時間メモ!R$2:AI$9999,16,FALSE)),"",VLOOKUP(業務内容と時間メモ!M1118,業務内容と時間メモ!R$2:AI$9999,16,FALSE)) | S1118: =IF(ISNA(VLOOKUP(業務内容と時間メモ!M1118,業務内容と時間メモ!R$2:AI$9999,17,FALSE)),"",VLOOKUP(業務内容と時間メモ!M1118,業務内容と時間メモ!R$2:AI$9999,17,FALSE)) | T1118: =IF(SUMIFS(業務内容と時間メモ!E:E,業務内容と時間メモ!AB:AB,N1118,業務内容と時間メモ!AD:AD,O1118)=0,"",SUMIFS(業務内容と時間メモ!E:E,業務内容と時間メモ!AB:AB,N1118,業務内容と時間メモ!AD:AD,O1118)) | U1118: =IF(SUMIFS(業務内容と時間メモ!F:F,業務内容と時間メモ!AB:AB,N1118,業務内容と時間メモ!AD:AD,O1118)=0,"",SUMIFS(業務内容と時間メモ!F:F,業務内容と時間メモ!AB:AB,N1118,業務内容と時間メモ!AD:AD,O1118)) | V1118: =IF(SUMIFS(業務内容と時間メモ!E:E,業務内容と時間メモ!AB:AB,N1118,業務内容と時間メモ!AD:AD,O1118)=0,"",SUMIFS(業務内容と時間メモ!E:E,業務内容と時間メモ!AB:AB,N1118,業務内容と時間メモ!AD:AD,O1118))
A1119: =IF(ISNA(VLOOKUP(K1119,L1119:S11116,3,FALSE)),"",VLOOKUP(K1119,L1118:S11116,3,FALSE)) | B1119: =IF(ISNA(VLOOKUP(K1119,L1119:S11116,5,FALSE)),"",VLOOKUP(K1119,L1118:S11116,5,FALSE)&"など") | C1119: =IF(SUMIF(N:N,A1119,U:U)=0,"",SUMIF(N:N,A1119,U:U)) | J1119: =IF(O1119="","",IF(OR(COUNTIF(O1119,"*職場*"),COUNTIF(O1119,"*後輩教育*")),"サブ","メイン")) | L1119: =IF(M1119="","",IF(COUNTIF(INDIRECT("M$1:M"&ROW()),"左表に入れますねぇ")>=1,"左表に入れますねぇ"&COUNTIF(INDIRECT("M$1:M"&ROW()),"左表に入れますねぇ"),"")) | M1119: =IF(N1119="","",IF(COUNTIF(N$1:N1119,N1119)>1,"",IF(COUNTIF(N:N,N1119)>=1,"左表に入れますねぇ",""))) | N1119: =IF(ISNA(VLOOKUP(業務内容と時間メモ!M1119,業務内容と時間メモ!R$2:AI$9999,11,FALSE)),"",VLOOKUP(業務内容と時間メモ!M1119,業務内容と時間メモ!R$2:AI$9999,11,FALSE)) | O1119: =IF(ISNA(VLOOKUP(業務内容と時間メモ!M1119,業務内容と時間メモ!R$2:AI$9999,13,FALSE)),"",VLOOKUP(業務内容と時間メモ!M1119,業務内容と時間メモ!R$2:AI$9999,13,FALSE)) | P1119: =IF(ISNA(VLOOKUP(業務内容と時間メモ!M1119,業務内容と時間メモ!R$2:AI$9999,15,FALSE)),"",VLOOKUP(業務内容と時間メモ!M1119,業務内容と時間メモ!R$2:AI$9999,15,FALSE)) | Q1119: =IF(ISNA(VLOOKUP(業務内容と時間メモ!M1119,業務内容と時間メモ!R$2:AI$9999,14,FALSE)),"",VLOOKUP(業務内容と時間メモ!M1119,業務内容と時間メモ!R$2:AI$9999,14,FALSE)) | R1119: =IF(ISNA(VLOOKUP(業務内容と時間メモ!M1119,業務内容と時間メモ!R$2:AI$9999,16,FALSE)),"",VLOOKUP(業務内容と時間メモ!M1119,業務内容と時間メモ!R$2:AI$9999,16,FALSE)) | S1119: =IF(ISNA(VLOOKUP(業務内容と時間メモ!M1119,業務内容と時間メモ!R$2:AI$9999,17,FALSE)),"",VLOOKUP(業務内容と時間メモ!M1119,業務内容と時間メモ!R$2:AI$9999,17,FALSE)) | T1119: =IF(SUMIFS(業務内容と時間メモ!E:E,業務内容と時間メモ!AB:AB,N1119,業務内容と時間メモ!AD:AD,O1119)=0,"",SUMIFS(業務内容と時間メモ!E:E,業務内容と時間メモ!AB:AB,N1119,業務内容と時間メモ!AD:AD,O1119)) | U1119: =IF(SUMIFS(業務内容と時間メモ!F:F,業務内容と時間メモ!AB:AB,N1119,業務内容と時間メモ!AD:AD,O1119)=0,"",SUMIFS(業務内容と時間メモ!F:F,業務内容と時間メモ!AB:AB,N1119,業務内容と時間メモ!AD:AD,O1119)) | V1119: =IF(SUMIFS(業務内容と時間メモ!E:E,業務内容と時間メモ!AB:AB,N1119,業務内容と時間メモ!AD:AD,O1119)=0,"",SUMIFS(業務内容と時間メモ!E:E,業務内容と時間メモ!AB:AB,N1119,業務内容と時間メモ!AD:AD,O1119))
A1120: =IF(ISNA(VLOOKUP(K1120,L1120:S11117,3,FALSE)),"",VLOOKUP(K1120,L1119:S11117,3,FALSE)) | B1120: =IF(ISNA(VLOOKUP(K1120,L1120:S11117,5,FALSE)),"",VLOOKUP(K1120,L1119:S11117,5,FALSE)&"など") | C1120: =IF(SUMIF(N:N,A1120,U:U)=0,"",SUMIF(N:N,A1120,U:U)) | J1120: =IF(O1120="","",IF(OR(COUNTIF(O1120,"*職場*"),COUNTIF(O1120,"*後輩教育*")),"サブ","メイン")) | L1120: =IF(M1120="","",IF(COUNTIF(INDIRECT("M$1:M"&ROW()),"左表に入れますねぇ")>=1,"左表に入れますねぇ"&COUNTIF(INDIRECT("M$1:M"&ROW()),"左表に入れますねぇ"),"")) | M1120: =IF(N1120="","",IF(COUNTIF(N$1:N1120,N1120)>1,"",IF(COUNTIF(N:N,N1120)>=1,"左表に入れますねぇ",""))) | N1120: =IF(ISNA(VLOOKUP(業務内容と時間メモ!M1120,業務内容と時間メモ!R$2:AI$9999,11,FALSE)),"",VLOOKUP(業務内容と時間メモ!M1120,業務内容と時間メモ!R$2:AI$9999,11,FALSE)) | O1120: =IF(ISNA(VLOOKUP(業務内容と時間メモ!M1120,業務内容と時間メモ!R$2:AI$9999,13,FALSE)),"",VLOOKUP(業務内容と時間メモ!M1120,業務内容と時間メモ!R$2:AI$9999,13,FALSE)) | P1120: =IF(ISNA(VLOOKUP(業務内容と時間メモ!M1120,業務内容と時間メモ!R$2:AI$9999,15,FALSE)),"",VLOOKUP(業務内容と時間メモ!M1120,業務内容と時間メモ!R$2:AI$9999,15,FALSE)) | Q1120: =IF(ISNA(VLOOKUP(業務内容と時間メモ!M1120,業務内容と時間メモ!R$2:AI$9999,14,FALSE)),"",VLOOKUP(業務内容と時間メモ!M1120,業務内容と時間メモ!R$2:AI$9999,14,FALSE)) | R1120: =IF(ISNA(VLOOKUP(業務内容と時間メモ!M1120,業務内容と時間メモ!R$2:AI$9999,16,FALSE)),"",VLOOKUP(業務内容と時間メモ!M1120,業務内容と時間メモ!R$2:AI$9999,16,FALSE)) | S1120: =IF(ISNA(VLOOKUP(業務内容と時間メモ!M1120,業務内容と時間メモ!R$2:AI$9999,17,FALSE)),"",VLOOKUP(業務内容と時間メモ!M1120,業務内容と時間メモ!R$2:AI$9999,17,FALSE)) | T1120: =IF(SUMIFS(業務内容と時間メモ!E:E,業務内容と時間メモ!AB:AB,N1120,業務内容と時間メモ!AD:AD,O1120)=0,"",SUMIFS(業務内容と時間メモ!E:E,業務内容と時間メモ!AB:AB,N1120,業務内容と時間メモ!AD:AD,O1120)) | U1120: =IF(SUMIFS(業務内容と時間メモ!F:F,業務内容と時間メモ!AB:AB,N1120,業務内容と時間メモ!AD:AD,O1120)=0,"",SUMIFS(業務内容と時間メモ!F:F,業務内容と時間メモ!AB:AB,N1120,業務内容と時間メモ!AD:AD,O1120)) | V1120: =IF(SUMIFS(業務内容と時間メモ!E:E,業務内容と時間メモ!AB:AB,N1120,業務内容と時間メモ!AD:AD,O1120)=0,"",SUMIFS(業務内容と時間メモ!E:E,業務内容と時間メモ!AB:AB,N1120,業務内容と時間メモ!AD:AD,O1120))
A1121: =IF(ISNA(VLOOKUP(K1121,L1121:S11118,3,FALSE)),"",VLOOKUP(K1121,L1120:S11118,3,FALSE)) | B1121: =IF(ISNA(VLOOKUP(K1121,L1121:S11118,5,FALSE)),"",VLOOKUP(K1121,L1120:S11118,5,FALSE)&"など") | C1121: =IF(SUMIF(N:N,A1121,U:U)=0,"",SUMIF(N:N,A1121,U:U)) | J1121: =IF(O1121="","",IF(OR(COUNTIF(O1121,"*職場*"),COUNTIF(O1121,"*後輩教育*")),"サブ","メイン")) | L1121: =IF(M1121="","",IF(COUNTIF(INDIRECT("M$1:M"&ROW()),"左表に入れますねぇ")>=1,"左表に入れますねぇ"&COUNTIF(INDIRECT("M$1:M"&ROW()),"左表に入れますねぇ"),"")) | M1121: =IF(N1121="","",IF(COUNTIF(N$1:N1121,N1121)>1,"",IF(COUNTIF(N:N,N1121)>=1,"左表に入れますねぇ",""))) | N1121: =IF(ISNA(VLOOKUP(業務内容と時間メモ!M1121,業務内容と時間メモ!R$2:AI$9999,11,FALSE)),"",VLOOKUP(業務内容と時間メモ!M1121,業務内容と時間メモ!R$2:AI$9999,11,FALSE)) | O1121: =IF(ISNA(VLOOKUP(業務内容と時間メモ!M1121,業務内容と時間メモ!R$2:AI$9999,13,FALSE)),"",VLOOKUP(業務内容と時間メモ!M1121,業務内容と時間メモ!R$2:AI$9999,13,FALSE)) | P1121: =IF(ISNA(VLOOKUP(業務内容と時間メモ!M1121,業務内容と時間メモ!R$2:AI$9999,15,FALSE)),"",VLOOKUP(業務内容と時間メモ!M1121,業務内容と時間メモ!R$2:AI$9999,15,FALSE)) | Q1121: =IF(ISNA(VLOOKUP(業務内容と時間メモ!M1121,業務内容と時間メモ!R$2:AI$9999,14,FALSE)),"",VLOOKUP(業務内容と時間メモ!M1121,業務内容と時間メモ!R$2:AI$9999,14,FALSE)) | R1121: =IF(ISNA(VLOOKUP(業務内容と時間メモ!M1121,業務内容と時間メモ!R$2:AI$9999,16,FALSE)),"",VLOOKUP(業務内容と時間メモ!M1121,業務内容と時間メモ!R$2:AI$9999,16,FALSE)) | S1121: =IF(ISNA(VLOOKUP(業務内容と時間メモ!M1121,業務内容と時間メモ!R$2:AI$9999,17,FALSE)),"",VLOOKUP(業務内容と時間メモ!M1121,業務内容と時間メモ!R$2:AI$9999,17,FALSE)) | T1121: =IF(SUMIFS(業務内容と時間メモ!E:E,業務内容と時間メモ!AB:AB,N1121,業務内容と時間メモ!AD:AD,O1121)=0,"",SUMIFS(業務内容と時間メモ!E:E,業務内容と時間メモ!AB:AB,N1121,業務内容と時間メモ!AD:AD,O1121)) | U1121: =IF(SUMIFS(業務内容と時間メモ!F:F,業務内容と時間メモ!AB:AB,N1121,業務内容と時間メモ!AD:AD,O1121)=0,"",SUMIFS(業務内容と時間メモ!F:F,業務内容と時間メモ!AB:AB,N1121,業務内容と時間メモ!AD:AD,O1121)) | V1121: =IF(SUMIFS(業務内容と時間メモ!E:E,業務内容と時間メモ!AB:AB,N1121,業務内容と時間メモ!AD:AD,O1121)=0,"",SUMIFS(業務内容と時間メモ!E:E,業務内容と時間メモ!AB:AB,N1121,業務内容と時間メモ!AD:AD,O1121))
A1122: =IF(ISNA(VLOOKUP(K1122,L1122:S11119,3,FALSE)),"",VLOOKUP(K1122,L1121:S11119,3,FALSE)) | B1122: =IF(ISNA(VLOOKUP(K1122,L1122:S11119,5,FALSE)),"",VLOOKUP(K1122,L1121:S11119,5,FALSE)&"など") | C1122: =IF(SUMIF(N:N,A1122,U:U)=0,"",SUMIF(N:N,A1122,U:U)) | J1122: =IF(O1122="","",IF(OR(COUNTIF(O1122,"*職場*"),COUNTIF(O1122,"*後輩教育*")),"サブ","メイン")) | L1122: =IF(M1122="","",IF(COUNTIF(INDIRECT("M$1:M"&ROW()),"左表に入れますねぇ")>=1,"左表に入れますねぇ"&COUNTIF(INDIRECT("M$1:M"&ROW()),"左表に入れますねぇ"),"")) | M1122: =IF(N1122="","",IF(COUNTIF(N$1:N1122,N1122)>1,"",IF(COUNTIF(N:N,N1122)>=1,"左表に入れますねぇ",""))) | N1122: =IF(ISNA(VLOOKUP(業務内容と時間メモ!M1122,業務内容と時間メモ!R$2:AI$9999,11,FALSE)),"",VLOOKUP(業務内容と時間メモ!M1122,業務内容と時間メモ!R$2:AI$9999,11,FALSE)) | O1122: =IF(ISNA(VLOOKUP(業務内容と時間メモ!M1122,業務内容と時間メモ!R$2:AI$9999,13,FALSE)),"",VLOOKUP(業務内容と時間メモ!M1122,業務内容と時間メモ!R$2:AI$9999,13,FALSE)) | P1122: =IF(ISNA(VLOOKUP(業務内容と時間メモ!M1122,業務内容と時間メモ!R$2:AI$9999,15,FALSE)),"",VLOOKUP(業務内容と時間メモ!M1122,業務内容と時間メモ!R$2:AI$9999,15,FALSE)) | Q1122: =IF(ISNA(VLOOKUP(業務内容と時間メモ!M1122,業務内容と時間メモ!R$2:AI$9999,14,FALSE)),"",VLOOKUP(業務内容と時間メモ!M1122,業務内容と時間メモ!R$2:AI$9999,14,FALSE)) | R1122: =IF(ISNA(VLOOKUP(業務内容と時間メモ!M1122,業務内容と時間メモ!R$2:AI$9999,16,FALSE)),"",VLOOKUP(業務内容と時間メモ!M1122,業務内容と時間メモ!R$2:AI$9999,16,FALSE)) | S1122: =IF(ISNA(VLOOKUP(業務内容と時間メモ!M1122,業務内容と時間メモ!R$2:AI$9999,17,FALSE)),"",VLOOKUP(業務内容と時間メモ!M1122,業務内容と時間メモ!R$2:AI$9999,17,FALSE)) | T1122: =IF(SUMIFS(業務内容と時間メモ!E:E,業務内容と時間メモ!AB:AB,N1122,業務内容と時間メモ!AD:AD,O1122)=0,"",SUMIFS(業務内容と時間メモ!E:E,業務内容と時間メモ!AB:AB,N1122,業務内容と時間メモ!AD:AD,O1122)) | U1122: =IF(SUMIFS(業務内容と時間メモ!F:F,業務内容と時間メモ!AB:AB,N1122,業務内容と時間メモ!AD:AD,O1122)=0,"",SUMIFS(業務内容と時間メモ!F:F,業務内容と時間メモ!AB:AB,N1122,業務内容と時間メモ!AD:AD,O1122)) | V1122: =IF(SUMIFS(業務内容と時間メモ!E:E,業務内容と時間メモ!AB:AB,N1122,業務内容と時間メモ!AD:AD,O1122)=0,"",SUMIFS(業務内容と時間メモ!E:E,業務内容と時間メモ!AB:AB,N1122,業務内容と時間メモ!AD:AD,O1122))
A1123: =IF(ISNA(VLOOKUP(K1123,L1123:S11120,3,FALSE)),"",VLOOKUP(K1123,L1122:S11120,3,FALSE)) | B1123: =IF(ISNA(VLOOKUP(K1123,L1123:S11120,5,FALSE)),"",VLOOKUP(K1123,L1122:S11120,5,FALSE)&"など") | C1123: =IF(SUMIF(N:N,A1123,U:U)=0,"",SUMIF(N:N,A1123,U:U)) | J1123: =IF(O1123="","",IF(OR(COUNTIF(O1123,"*職場*"),COUNTIF(O1123,"*後輩教育*")),"サブ","メイン")) | L1123: =IF(M1123="","",IF(COUNTIF(INDIRECT("M$1:M"&ROW()),"左表に入れますねぇ")>=1,"左表に入れますねぇ"&COUNTIF(INDIRECT("M$1:M"&ROW()),"左表に入れますねぇ"),"")) | M1123: =IF(N1123="","",IF(COUNTIF(N$1:N1123,N1123)>1,"",IF(COUNTIF(N:N,N1123)>=1,"左表に入れますねぇ",""))) | N1123: =IF(ISNA(VLOOKUP(業務内容と時間メモ!M1123,業務内容と時間メモ!R$2:AI$9999,11,FALSE)),"",VLOOKUP(業務内容と時間メモ!M1123,業務内容と時間メモ!R$2:AI$9999,11,FALSE)) | O1123: =IF(ISNA(VLOOKUP(業務内容と時間メモ!M1123,業務内容と時間メモ!R$2:AI$9999,13,FALSE)),"",VLOOKUP(業務内容と時間メモ!M1123,業務内容と時間メモ!R$2:AI$9999,13,FALSE)) | P1123: =IF(ISNA(VLOOKUP(業務内容と時間メモ!M1123,業務内容と時間メモ!R$2:AI$9999,15,FALSE)),"",VLOOKUP(業務内容と時間メモ!M1123,業務内容と時間メモ!R$2:AI$9999,15,FALSE)) | Q1123: =IF(ISNA(VLOOKUP(業務内容と時間メモ!M1123,業務内容と時間メモ!R$2:AI$9999,14,FALSE)),"",VLOOKUP(業務内容と時間メモ!M1123,業務内容と時間メモ!R$2:AI$9999,14,FALSE)) | R1123: =IF(ISNA(VLOOKUP(業務内容と時間メモ!M1123,業務内容と時間メモ!R$2:AI$9999,16,FALSE)),"",VLOOKUP(業務内容と時間メモ!M1123,業務内容と時間メモ!R$2:AI$9999,16,FALSE)) | S1123: =IF(ISNA(VLOOKUP(業務内容と時間メモ!M1123,業務内容と時間メモ!R$2:AI$9999,17,FALSE)),"",VLOOKUP(業務内容と時間メモ!M1123,業務内容と時間メモ!R$2:AI$9999,17,FALSE)) | T1123: =IF(SUMIFS(業務内容と時間メモ!E:E,業務内容と時間メモ!AB:AB,N1123,業務内容と時間メモ!AD:AD,O1123)=0,"",SUMIFS(業務内容と時間メモ!E:E,業務内容と時間メモ!AB:AB,N1123,業務内容と時間メモ!AD:AD,O1123)) | U1123: =IF(SUMIFS(業務内容と時間メモ!F:F,業務内容と時間メモ!AB:AB,N1123,業務内容と時間メモ!AD:AD,O1123)=0,"",SUMIFS(業務内容と時間メモ!F:F,業務内容と時間メモ!AB:AB,N1123,業務内容と時間メモ!AD:AD,O1123)) | V1123: =IF(SUMIFS(業務内容と時間メモ!E:E,業務内容と時間メモ!AB:AB,N1123,業務内容と時間メモ!AD:AD,O1123)=0,"",SUMIFS(業務内容と時間メモ!E:E,業務内容と時間メモ!AB:AB,N1123,業務内容と時間メモ!AD:AD,O1123))
A1124: =IF(ISNA(VLOOKUP(K1124,L1124:S11121,3,FALSE)),"",VLOOKUP(K1124,L1123:S11121,3,FALSE)) | B1124: =IF(ISNA(VLOOKUP(K1124,L1124:S11121,5,FALSE)),"",VLOOKUP(K1124,L1123:S11121,5,FALSE)&"など") | C1124: =IF(SUMIF(N:N,A1124,U:U)=0,"",SUMIF(N:N,A1124,U:U)) | J1124: =IF(O1124="","",IF(OR(COUNTIF(O1124,"*職場*"),COUNTIF(O1124,"*後輩教育*")),"サブ","メイン")) | L1124: =IF(M1124="","",IF(COUNTIF(INDIRECT("M$1:M"&ROW()),"左表に入れますねぇ")>=1,"左表に入れますねぇ"&COUNTIF(INDIRECT("M$1:M"&ROW()),"左表に入れますねぇ"),"")) | M1124: =IF(N1124="","",IF(COUNTIF(N$1:N1124,N1124)>1,"",IF(COUNTIF(N:N,N1124)>=1,"左表に入れますねぇ",""))) | N1124: =IF(ISNA(VLOOKUP(業務内容と時間メモ!M1124,業務内容と時間メモ!R$2:AI$9999,11,FALSE)),"",VLOOKUP(業務内容と時間メモ!M1124,業務内容と時間メモ!R$2:AI$9999,11,FALSE)) | O1124: =IF(ISNA(VLOOKUP(業務内容と時間メモ!M1124,業務内容と時間メモ!R$2:AI$9999,13,FALSE)),"",VLOOKUP(業務内容と時間メモ!M1124,業務内容と時間メモ!R$2:AI$9999,13,FALSE)) | P1124: =IF(ISNA(VLOOKUP(業務内容と時間メモ!M1124,業務内容と時間メモ!R$2:AI$9999,15,FALSE)),"",VLOOKUP(業務内容と時間メモ!M1124,業務内容と時間メモ!R$2:AI$9999,15,FALSE)) | Q1124: =IF(ISNA(VLOOKUP(業務内容と時間メモ!M1124,業務内容と時間メモ!R$2:AI$9999,14,FALSE)),"",VLOOKUP(業務内容と時間メモ!M1124,業務内容と時間メモ!R$2:AI$9999,14,FALSE)) | R1124: =IF(ISNA(VLOOKUP(業務内容と時間メモ!M1124,業務内容と時間メモ!R$2:AI$9999,16,FALSE)),"",VLOOKUP(業務内容と時間メモ!M1124,業務内容と時間メモ!R$2:AI$9999,16,FALSE)) | S1124: =IF(ISNA(VLOOKUP(業務内容と時間メモ!M1124,業務内容と時間メモ!R$2:AI$9999,17,FALSE)),"",VLOOKUP(業務内容と時間メモ!M1124,業務内容と時間メモ!R$2:AI$9999,17,FALSE)) | T1124: =IF(SUMIFS(業務内容と時間メモ!E:E,業務内容と時間メモ!AB:AB,N1124,業務内容と時間メモ!AD:AD,O1124)=0,"",SUMIFS(業務内容と時間メモ!E:E,業務内容と時間メモ!AB:AB,N1124,業務内容と時間メモ!AD:AD,O1124)) | U1124: =IF(SUMIFS(業務内容と時間メモ!F:F,業務内容と時間メモ!AB:AB,N1124,業務内容と時間メモ!AD:AD,O1124)=0,"",SUMIFS(業務内容と時間メモ!F:F,業務内容と時間メモ!AB:AB,N1124,業務内容と時間メモ!AD:AD,O1124)) | V1124: =IF(SUMIFS(業務内容と時間メモ!E:E,業務内容と時間メモ!AB:AB,N1124,業務内容と時間メモ!AD:AD,O1124)=0,"",SUMIFS(業務内容と時間メモ!E:E,業務内容と時間メモ!AB:AB,N1124,業務内容と時間メモ!AD:AD,O1124))
...

Sheet 提出用
A1: 作図時間 /河部 宏章
A2: 月 | B2: 代表案件 | C2: 合計時間(H)/月毎 | K2: 左表に入れますねぇ！リスト | L2: 左表に入れるか入れないか | M2: ⇔見る必要なし | N2: 月 | O2: 同名案件同名作業計算表 | P2: 案件 | Q2: 作業対象 | R2: 作業内容 | S2: 作図枚数 | T2: 同月作業合計(H)
A3: 5 | B3: 今月の全ての業務時間 | C3: =SUM(T3:T6) -> 147.25 | N3: 5 | P3: 舞洲1号 | Q3: シュート | R3: 作図 | T3: 69.75
N4: 5 | P4: 舞洲1号 | Q4: 仕舞板 | R4: 作図 | T4: 15.5
N5: 5 | P5: 中部水再生センター | Q5: 汚水集合管 | R5: 作図 | T5: 31
N6: 5 | P6: 東プラ2号 | Q6: ダクト | R6: 作図 | T6: 31
N8: 5 | P8: 職場 | Q8: 休み | R8: 全日休暇(-7.75時間)
A26: =IF(ISNA(VLOOKUP(K26,L26:R10023,3,FALSE)),"",VLOOKUP(K26,L25:R10023,3,FALSE)) | B26: =IF(ISNA(VLOOKUP(K26,L26:R10023,5,FALSE)),"",VLOOKUP(K26,L25:R10023,5,FALSE)&"など") | K26: 左表に入れますねぇ24 | L26: =IF(M26="","",IF(COUNTIF(INDIRECT("M$1:M"&ROW()),"左表に入れますねぇ")>=1,"左表に入れますねぇ"&COUNTIF(INDIRECT("M$1:M"&ROW()),"左表に入れますねぇ"),"")) | M26: =IF(N26="","",IF(COUNTIF(N$2:N26,N26)>1,"",IF(COUNTIF(N:N,N26)>=1,"左表に入れますねぇ",""))) | O26: =IF(ISNA(VLOOKUP(業務内容と時間メモ!M25,業務内容と時間メモ!R$2:AI$9999,13,FALSE)),"",VLOOKUP(業務内容と時間メモ!M25,業務内容と時間メモ!R$2:AI$9999,13,FALSE)) -> 舞洲1号灰移送コンベヤ シュート 作図
A27: =IF(ISNA(VLOOKUP(K27,L27:R10024,3,FALSE)),"",VLOOKUP(K27,L26:R10024,3,FALSE)) | B27: =IF(ISNA(VLOOKUP(K27,L27:R10024,5,FALSE)),"",VLOOKUP(K27,L26:R10024,5,FALSE)&"など") | K27: 左表に入れますねぇ25 | L27: =IF(M27="","",IF(COUNTIF(INDIRECT("M$1:M"&ROW()),"左表に入れますねぇ")>=1,"左表に入れますねぇ"&COUNTIF(INDIRECT("M$1:M"&ROW()),"左表に入れますねぇ"),"")) | M27: =IF(N27="","",IF(COUNTIF(N$2:N27,N27)>1,"",IF(COUNTIF(N:N,N27)>=1,"左表に入れますねぇ",""))) | O27: =IF(ISNA(VLOOKUP(業務内容と時間メモ!M26,業務内容と時間メモ!R$2:AI$9999,13,FALSE)),"",VLOOKUP(業務内容と時間メモ!M26,業務内容と時間メモ!R$2:AI$9999,13,FALSE)) -> 舞洲1号乾燥サイクロン シュート打ち合わせ
A28: =IF(ISNA(VLOOKUP(K28,L28:R10025,3,FALSE)),"",VLOOKUP(K28,L27:R10025,3,FALSE)) | B28: =IF(ISNA(VLOOKUP(K28,L28:R10025,5,FALSE)),"",VLOOKUP(K28,L27:R10025,5,FALSE)&"など") | K28: 左表に入れますねぇ26 | L28: =IF(M28="","",IF(COUNTIF(INDIRECT("M$1:M"&ROW()),"左表に入れますねぇ")>=1,"左表に入れますねぇ"&COUNTIF(INDIRECT("M$1:M"&ROW()),"左表に入れますねぇ"),"")) | M28: =IF(N28="","",IF(COUNTIF(N$2:N28,N28)>1,"",IF(COUNTIF(N:N,N28)>=1,"左表に入れますねぇ",""))) | O28: =IF(ISNA(VLOOKUP(業務内容と時間メモ!M27,業務内容と時間メモ!R$2:AI$9999,13,FALSE)),"",VLOOKUP(業務内容と時間メモ!M27,業務内容と時間メモ!R$2:AI$9999,13,FALSE)) -> 舞洲1号乾燥サイクロン シュート製本
A29: =IF(ISNA(VLOOKUP(K29,L29:R10026,3,FALSE)),"",VLOOKUP(K29,L28:R10026,3,FALSE)) | B29: =IF(ISNA(VLOOKUP(K29,L29:R10026,5,FALSE)),"",VLOOKUP(K29,L28:R10026,5,FALSE)&"など") | K29: 左表に入れますねぇ27 | L29: =IF(M29="","",IF(COUNTIF(INDIRECT("M$1:M"&ROW()),"左表に入れますねぇ")>=1,"左表に入れますねぇ"&COUNTIF(INDIRECT("M$1:M"&ROW()),"左表に入れますねぇ"),"")) | M29: =IF(N29="","",IF(COUNTIF(N$2:N29,N29)>1,"",IF(COUNTIF(N:N,N29)>=1,"左表に入れますねぇ",""))) | O29: =IF(ISNA(VLOOKUP(業務内容と時間メモ!M28,業務内容と時間メモ!R$2:AI$9999,13,FALSE)),"",VLOOKUP(業務内容と時間メモ!M28,業務内容と時間メモ!R$2:AI$9999,13,FALSE)) -> 舞洲1号乾燥サイクロン シュート作図
A30: =IF(ISNA(VLOOKUP(K30,L30:R10027,3,FALSE)),"",VLOOKUP(K30,L29:R10027,3,FALSE)) | B30: =IF(ISNA(VLOOKUP(K30,L30:R10027,5,FALSE)),"",VLOOKUP(K30,L29:R10027,5,FALSE)&"など") | K30: 左表に入れますねぇ28 | L30: =IF(M30="","",IF(COUNTIF(INDIRECT("M$1:M"&ROW()),"左表に入れますねぇ")>=1,"左表に入れますねぇ"&COUNTIF(INDIRECT("M$1:M"&ROW()),"左表に入れますねぇ"),"")) | M30: =IF(N30="","",IF(COUNTIF(N$2:N30,N30)>1,"",IF(COUNTIF(N:N,N30)>=1,"左表に入れますねぇ",""))) | O30: =IF(ISNA(VLOOKUP(業務内容と時間メモ!M29,業務内容と時間メモ!R$2:AI$9999,13,FALSE)),"",VLOOKUP(業務内容と時間メモ!M29,業務内容と時間メモ!R$2:AI$9999,13,FALSE)) -> 舞洲1号乾燥ケーキ抜出コンベヤ シュート作図
A31: =IF(ISNA(VLOOKUP(K31,L31:R10028,3,FALSE)),"",VLOOKUP(K31,L30:R10028,3,FALSE)) | B31: =IF(ISNA(VLOOKUP(K31,L31:R10028,5,FALSE)),"",VLOOKUP(K31,L30:R10028,5,FALSE)&"など") | K31: 左表に入れますねぇ29 | L31: =IF(M31="","",IF(COUNTIF(INDIRECT("M$1:M"&ROW()),"左表に入れますねぇ")>=1,"左表に入れますねぇ"&COUNTIF(INDIRECT("M$1:M"&ROW()),"左表に入れますねぇ"),"")) | M31: =IF(N31="","",IF(COUNTIF(N$2:N31,N31)>1,"",IF(COUNTIF(N:N,N31)>=1,"左表に入れますねぇ",""))) | O31: =IF(ISNA(VLOOKUP(業務内容と時間メモ!M30,業務内容と時間メモ!R$2:AI$9999,13,FALSE)),"",VLOOKUP(業務内容と時間メモ!M30,業務内容と時間メモ!R$2:AI$9999,13,FALSE)) -> 深芝現場見学/打ち合わせ
K32: 左表に入れますねぇ30 | L32: =IF(M32="","",IF(COUNTIF(INDIRECT("M$1:M"&ROW()),"左表に入れますねぇ")>=1,"左表に入れますねぇ"&COUNTIF(INDIRECT("M$1:M"&ROW()),"左表に入れますねぇ"),"")) | M32: =IF(N32="","",IF(COUNTIF(N$2:N32,N32)>1,"",IF(COUNTIF(N:N,N32)>=1,"左表に入れますねぇ",""))) | O32: =IF(ISNA(VLOOKUP(業務内容と時間メモ!M31,業務内容と時間メモ!R$2:AI$9999,13,FALSE)),"",VLOOKUP(業務内容と時間メモ!M31,業務内容と時間メモ!R$2:AI$9999,13,FALSE)) -> 南プラ7号現場見学/打ち合わせ
A33: =IF(ISNA(VLOOKUP(K33,L33:R10030,3,FALSE)),"",VLOOKUP(K33,L32:R10030,3,FALSE)) | B33: =IF(ISNA(VLOOKUP(K33,L33:R10030,5,FALSE)),"",VLOOKUP(K33,L32:R10030,5,FALSE)&"など") | K33: 左表に入れますねぇ31 | L33: =IF(M33="","",IF(COUNTIF(INDIRECT("M$1:M"&ROW()),"左表に入れますねぇ")>=1,"左表に入れますねぇ"&COUNTIF(INDIRECT("M$1:M"&ROW()),"左表に入れますねぇ"),"")) | M33: =IF(N33="","",IF(COUNTIF(N$2:N33,N33)>1,"",IF(COUNTIF(N:N,N33)>=1,"左表に入れますねぇ",""))) | O33: =IF(ISNA(VLOOKUP(業務内容と時間メモ!M32,業務内容と時間メモ!R$2:AI$9999,13,FALSE)),"",VLOOKUP(業務内容と時間メモ!M32,業務内容と時間メモ!R$2:AI$9999,13,FALSE)) -> 南プラ7号油膜検知仕舞板作図
A34: =IF(ISNA(VLOOKUP(K34,L34:R10031,3,FALSE)),"",VLOOKUP(K34,L33:R10031,3,FALSE)) | B34: =IF(ISNA(VLOOKUP(K34,L34:R10031,5,FALSE)),"",VLOOKUP(K34,L33:R10031,5,FALSE)&"など") | K34: 左表に入れますねぇ32 | L34: =IF(M34="","",IF(COUNTIF(INDIRECT("M$1:M"&ROW()),"左表に入れますねぇ")>=1,"左表に入れますねぇ"&COUNTIF(INDIRECT("M$1:M"&ROW()),"左表に入れますねぇ"),"")) | M34: =IF(N34="","",IF(COUNTIF(N$2:N34,N34)>1,"",IF(COUNTIF(N:N,N34)>=1,"左表に入れますねぇ",""))) | O34: =IF(ISNA(VLOOKUP(業務内容と時間メモ!M33,業務内容と時間メモ!R$2:AI$9999,13,FALSE)),"",VLOOKUP(業務内容と時間メモ!M33,業務内容と時間メモ!R$2:AI$9999,13,FALSE)) -> 南プラ7号硅砂供給コンベヤ作図
A35: =IF(ISNA(VLOOKUP(K35,L35:R10032,3,FALSE)),"",VLOOKUP(K35,L34:R10032,3,FALSE)) | B35: =IF(ISNA(VLOOKUP(K35,L35:R10032,5,FALSE)),"",VLOOKUP(K35,L34:R10032,5,FALSE)&"など") | K35: 左表に入れますねぇ33 | L35: =IF(M35="","",IF(COUNTIF(INDIRECT("M$1:M"&ROW()),"左表に入れますねぇ")>=1,"左表に入れますねぇ"&COUNTIF(INDIRECT("M$1:M"&ROW()),"左表に入れますねぇ"),"")) | M35: =IF(N35="","",IF(COUNTIF(N$2:N35,N35)>1,"",IF(COUNTIF(N:N,N35)>=1,"左表に入れますねぇ",""))) | O35: =IF(ISNA(VLOOKUP(業務内容と時間メモ!M34,業務内容と時間メモ!R$2:AI$9999,13,FALSE)),"",VLOOKUP(業務内容と時間メモ!M34,業務内容と時間メモ!R$2:AI$9999,13,FALSE)) -> 舞洲1号資源化物加湿器 シュート作図
A36: =IF(ISNA(VLOOKUP(K36,L36:R10033,3,FALSE)),"",VLOOKUP(K36,L35:R10033,3,FALSE)) | B36: =IF(ISNA(VLOOKUP(K36,L36:R10033,5,FALSE)),"",VLOOKUP(K36,L35:R10033,5,FALSE)&"など") | K36: 左表に入れますねぇ34 | L36: =IF(M36="","",IF(COUNTIF(INDIRECT("M$1:M"&ROW()),"左表に入れますねぇ")>=1,"左表に入れますねぇ"&COUNTIF(INDIRECT("M$1:M"&ROW()),"左表に入れますねぇ"),"")) | M36: =IF(N36="","",IF(COUNTIF(N$2:N36,N36)>1,"",IF(COUNTIF(N:N,N36)>=1,"左表に入れますねぇ",""))) | O36: =IF(ISNA(VLOOKUP(業務内容と時間メモ!M35,業務内容と時間メモ!R$2:AI$9999,13,FALSE)),"",VLOOKUP(業務内容と時間メモ!M35,業務内容と時間メモ!R$2:AI$9999,13,FALSE)) -> 舞洲1号資源化物ホッパ シュート作図
A37: =IF(ISNA(VLOOKUP(K37,L37:R10034,3,FALSE)),"",VLOOKUP(K37,L36:R10034,3,FALSE)) | B37: =IF(ISNA(VLOOKUP(K37,L37:R10034,5,FALSE)),"",VLOOKUP(K37,L36:R10034,5,FALSE)&"など") | K37: 左表に入れますねぇ35 | L37: =IF(M37="","",IF(COUNTIF(INDIRECT("M$1:M"&ROW()),"左表に入れますねぇ")>=1,"左表に入れますねぇ"&COUNTIF(INDIRECT("M$1:M"&ROW()),"左表に入れますねぇ"),"")) | M37: =IF(N37="","",IF(COUNTIF(N$2:N37,N37)>1,"",IF(COUNTIF(N:N,N37)>=1,"左表に入れますねぇ",""))) | O37: =IF(ISNA(VLOOKUP(業務内容と時間メモ!M36,業務内容と時間メモ!R$2:AI$9999,13,FALSE)),"",VLOOKUP(業務内容と時間メモ!M36,業務内容と時間メモ!R$2:AI$9999,13,FALSE)) -> 職場職場大掃除
A38: =IF(ISNA(VLOOKUP(K38,L38:R10035,3,FALSE)),"",VLOOKUP(K38,L37:R10035,3,FALSE)) | B38: =IF(ISNA(VLOOKUP(K38,L38:R10035,5,FALSE)),"",VLOOKUP(K38,L37:R10035,5,FALSE)&"など") | K38: 左表に入れますねぇ36 | L38: =IF(M38="","",IF(COUNTIF(INDIRECT("M$1:M"&ROW()),"左表に入れますねぇ")>=1,"左表に入れますねぇ"&COUNTIF(INDIRECT("M$1:M"&ROW()),"左表に入れますねぇ"),"")) | M38: =IF(N38="","",IF(COUNTIF(N$2:N38,N38)>1,"",IF(COUNTIF(N:N,N38)>=1,"左表に入れますねぇ",""))) | O38: =IF(ISNA(VLOOKUP(業務内容と時間メモ!M37,業務内容と時間メモ!R$2:AI$9999,13,FALSE)),"",VLOOKUP(業務内容と時間メモ!M37,業務内容と時間メモ!R$2:AI$9999,13,FALSE)) -> 舞洲1号資源化物ホッパ シュート作図
A39: =IF(ISNA(VLOOKUP(K39,L39:R10036,3,FALSE)),"",VLOOKUP(K39,L38:R10036,3,FALSE)) | B39: =IF(ISNA(VLOOKUP(K39,L39:R10036,5,FALSE)),"",VLOOKUP(K39,L38:R10036,5,FALSE)&"など") | K39: 左表に入れますねぇ37 | L39: =IF(M39="","",IF(COUNTIF(INDIRECT("M$1:M"&ROW()),"左表に入れますねぇ")>=1,"左表に入れますねぇ"&COUNTIF(INDIRECT("M$1:M"&ROW()),"左表に入れますねぇ"),"")) | M39: =IF(N39="","",IF(COUNTIF(N$2:N39,N39)>1,"",IF(COUNTIF(N:N,N39)>=1,"左表に入れますねぇ",""))) | O39: =IF(ISNA(VLOOKUP(業務内容と時間メモ!M38,業務内容と時間メモ!R$2:AI$9999,13,FALSE)),"",VLOOKUP(業務内容と時間メモ!M38,業務内容と時間メモ!R$2:AI$9999,13,FALSE)) -> 南プラ7号油膜検知仕舞板作図
A40: =IF(ISNA(VLOOKUP(K40,L40:R10037,3,FALSE)),"",VLOOKUP(K40,L39:R10037,3,FALSE)) | B40: =IF(ISNA(VLOOKUP(K40,L40:R10037,5,FALSE)),"",VLOOKUP(K40,L39:R10037,5,FALSE)&"など") | K40: 左表に入れますねぇ38 | L40: =IF(M40="","",IF(COUNTIF(INDIRECT("M$1:M"&ROW()),"左表に入れますねぇ")>=1,"左表に入れますねぇ"&COUNTIF(INDIRECT("M$1:M"&ROW()),"左表に入れますねぇ"),"")) | M40: =IF(N40="","",IF(COUNTIF(N$2:N40,N40)>1,"",IF(COUNTIF(N:N,N40)>=1,"左表に入れますねぇ",""))) | O40: =IF(ISNA(VLOOKUP(業務内容と時間メモ!M39,業務内容と時間メモ!R$2:AI$9999,13,FALSE)),"",VLOOKUP(業務内容と時間メモ!M39,業務内容と時間メモ!R$2:AI$9999,13,FALSE)) -> 舞洲1号硅砂貯留槽 シュート作図
A41: =IF(ISNA(VLOOKUP(K41,L41:R10038,3,FALSE)),"",VLOOKUP(K41,L40:R10038,3,FALSE)) | B41: =IF(ISNA(VLOOKUP(K41,L41:R10038,5,FALSE)),"",VLOOKUP(K41,L40:R10038,5,FALSE)&"など") | K41: 左表に入れますねぇ39 | L41: =IF(M41="","",IF(COUNTIF(INDIRECT("M$1:M"&ROW()),"左表に入れますねぇ")>=1,"左表に入れますねぇ"&COUNTIF(INDIRECT("M$1:M"&ROW()),"左表に入れますねぇ"),"")) | M41: =IF(N41="","",IF(COUNTIF(N$2:N41,N41)>1,"",IF(COUNTIF(N:N,N41)>=1,"左表に入れますねぇ",""))) | O41: =IF(ISNA(VLOOKUP(業務内容と時間メモ!M40,業務内容と時間メモ!R$2:AI$9999,13,FALSE)),"",VLOOKUP(業務内容と時間メモ!M40,業務内容と時間メモ!R$2:AI$9999,13,FALSE)) -> 舞洲1号ケーキ投入機 シュート作図
A42: =IF(ISNA(VLOOKUP(K42,L42:R10039,3,FALSE)),"",VLOOKUP(K42,L41:R10039,3,FALSE)) | B42: =IF(ISNA(VLOOKUP(K42,L42:R10039,5,FALSE)),"",VLOOKUP(K42,L41:R10039,5,FALSE)&"など") | K42: 左表に入れますねぇ40 | L42: =IF(M42="","",IF(COUNTIF(INDIRECT("M$1:M"&ROW()),"左表に入れますねぇ")>=1,"左表に入れますねぇ"&COUNTIF(INDIRECT("M$1:M"&ROW()),"左表に入れますねぇ"),"")) | M42: =IF(N42="","",IF(COUNTIF(N$2:N42,N42)>1,"",IF(COUNTIF(N:N,N42)>=1,"左表に入れますねぇ",""))) | O42: =IF(ISNA(VLOOKUP(業務内容と時間メモ!M41,業務内容と時間メモ!R$2:AI$9999,13,FALSE)),"",VLOOKUP(業務内容と時間メモ!M41,業務内容と時間メモ!R$2:AI$9999,13,FALSE)) -> 舞洲1号ケーキ供給ポンプ用ホイストレール作図
A43: =IF(ISNA(VLOOKUP(K43,L43:R10040,3,FALSE)),"",VLOOKUP(K43,L42:R10040,3,FALSE)) | B43: =IF(ISNA(VLOOKUP(K43,L43:R10040,5,FALSE)),"",VLOOKUP(K43,L42:R10040,5,FALSE)&"など") | K43: 左表に入れますねぇ41 | L43: =IF(M43="","",IF(COUNTIF(INDIRECT("M$1:M"&ROW()),"左表に入れますねぇ")>=1,"左表に入れますねぇ"&COUNTIF(INDIRECT("M$1:M"&ROW()),"左表に入れますねぇ"),"")) | M43: =IF(N43="","",IF(COUNTIF(N$2:N43,N43)>1,"",IF(COUNTIF(N:N,N43)>=1,"左表に入れますねぇ",""))) | O43: =IF(ISNA(VLOOKUP(業務内容と時間メモ!M42,業務内容と時間メモ!R$2:AI$9999,13,FALSE)),"",VLOOKUP(業務内容と時間メモ!M42,業務内容と時間メモ!R$2:AI$9999,13,FALSE)) -> 舞洲1号乾燥ガス循環ファン用ホイストレール作図
A44: =IF(ISNA(VLOOKUP(K44,L44:R10041,3,FALSE)),"",VLOOKUP(K44,L43:R10041,3,FALSE)) | B44: =IF(ISNA(VLOOKUP(K44,L44:R10041,5,FALSE)),"",VLOOKUP(K44,L43:R10041,5,FALSE)&"など") | K44: 左表に入れますねぇ42 | L44: =IF(M44="","",IF(COUNTIF(INDIRECT("M$1:M"&ROW()),"左表に入れますねぇ")>=1,"左表に入れますねぇ"&COUNTIF(INDIRECT("M$1:M"&ROW()),"左表に入れますねぇ"),"")) | M44: =IF(N44="","",IF(COUNTIF(N$2:N44,N44)>1,"",IF(COUNTIF(N:N,N44)>=1,"左表に入れますねぇ",""))) | O44: =IF(ISNA(VLOOKUP(業務内容と時間メモ!M43,業務内容と時間メモ!R$2:AI$9999,13,FALSE)),"",VLOOKUP(業務内容と時間メモ!M43,業務内容と時間メモ!R$2:AI$9999,13,FALSE)) -> 職場面談面談
... A46: =IF(ISNA(VLOOKUP(K46,L46:R10043,3,FALSE)),"",VLOOKUP(K46,L45:R10043,3,FALSE)) | B46: =IF(ISNA(VLOOKUP(K46,L46:R10043,5,FALSE)),"",VLOOKUP(K46,L45:R10043,5,FALSE)&"など") | K46: 左表に入れますねぇ44 | L46: =IF(M46="","",IF(COUNTIF(INDIRECT("M$1:M"&ROW()),"左表に入れますねぇ")>=1,"左表に入れますねぇ"&COUNTIF(INDIRECT("M$1:M"&ROW()),"左表に入れますねぇ"),"")) | M46: =IF(N46="","",IF(COUNTIF(N$2:N46,N46)>1,"",IF(COUNTIF(N:N,N46)>=1,"左表に入れますねぇ",""))) | O46: =IF(ISNA(VLOOKUP(業務内容と時間メモ!M45,業務内容と時間メモ!R$2:AI$9999,13,FALSE)),"",VLOOKUP(業務内容と時間メモ!M45,業務内容と時間メモ!R$2:AI$9999,13,FALSE)) -> 舞洲1号灰移送コンベヤ シュート 作図

Sheet 業務内容と時間メモ
A1: 月日 | B1: 案件 | C1: 作業対象 | D1: 作業内容 | E1: 作図枚数 | F1: 作業時間 | G1: 残業時間 | H1: 案件カテゴリ | I1: 作業対象カテゴリ | J1: 作業内容カテゴリ | K1: 作業時間カテゴリ | M1: 計算用定数/月作業 | N1: 計算用定数/日作業 | O1: 計算用定数/月 | P1: 計算用定数/月日 | Q1: 計算用定数/作業 | R1: 月作業重複数量カウント | S1: 判定/月作業 | T1: 日作業重複数量カウント | U1: 判定/日作業 | V1: 月重複数量カウント | W1: 判定/月 | X1: 月日重複数量カウント | Y1: 判定/月日 | Z1: 作業重複数量カウント | AA1: 判定/作業 | AB1: 月 | AC1: 月日 | AD1: 案件/作業 | AE1: 作業対象/作業内容 | AF1: 案件 | AG1: 作図枚数 | AH1: 作業対象 | AI1: 作業内容
A2: 45573 | B2: 舞洲1号 | C2: 砂硅砂コンベヤ振止メ・上部サポート | D2: 作図 | F2: 4.25 | G2: =IF(COUNTIF(A$1:A1, A2) > 0, "", IF(SUMIF(A:A, A2,F:F) > 7.75, SUMIF(A:A, A2,F:F) - 7.75, "")) | H2: 南プラ/分離液槽 | I2: 本体 | J2: 作図 | K2: 7.75 | M2: 月作業1 | N2: 日作業1 | O2: 月1 | P2: 月日1 | Q2: 作業1 | R2: =IF(S2="","",IF(COUNTIF(INDIRECT("S$1:S"&ROW()),"月作業")>=1,"月作業"&COUNTIF(INDIRECT("S$1:S"&ROW()),"月作業"),"")) -> 月作業1 | S2: =IF(AB2="","",IF(COUNTIFS(AB$1:AB2,AB2,AD$1:AD2,AD2)>1,"",IF(COUNTIFS(AB:AB,AB2,AD:AD,AD2)>=1,"月作業",""))) -> 月作業 | T2: =IF(U2="","",IF(COUNTIF(INDIRECT("U$1:U"&ROW()),"日作業")>=1,"日作業"&COUNTIF(INDIRECT("U$1:U"&ROW()),"日作業"),"")) -> 日作業1 | U2: =IF(AB2="","",IF(COUNTIFS(AC$1:AC2,AC2,AD$1:AD2,AD2)>1,"",IF(COUNTIFS(AC:AC,AC2,AD:AD,AD2)>=1,"日作業",""))) -> 日作業 | V2: =IF(W2="","",IF(COUNTIF(INDIRECT("W$1:W"&ROW()),"月")>=1,"月"&COUNTIF(INDIRECT("W$1:W"&ROW()),"月"),"")) -> 月1 | W2: =IF(AB2="","",IF(COUNTIF(AB$1:AB2,AB2)>1,"",IF(COUNTIF(AB:AB,AB2)>=1,"月",""))) -> 月 | X2: =IF(Y2="","",IF(COUNTIF(INDIRECT("Y$1:Y"&ROW()),"月日")>=1,"月日"&COUNTIF(INDIRECT("Y$1:Y"&ROW()),"月日"),"")) -> 月日1 | Y2: =IF(AC2="","",IF(COUNTIF(AC$1:AC2,AC2)>1,"",IF(COUNTIF(AC:AC,AC2)>=1,"月日",""))) -> 月日 | Z2: =IF(AA2="","",IF(COUNTIF(INDIRECT("AA$1:AA"&ROW()),"作業")>=1,"作業"&COUNTIF(INDIRECT("AA$1:AA"&ROW()),"作業"),"")) -> 作業1 | AA2: =IF(AD2="","",IF(COUNTIF(AD$1:AD2,AD2)>1,"",IF(COUNTIF(AD:AD,AD2)>=1,"作業",""))) -> 作業 | AB2: =IF(A2=0,"",MONTH(A2)) -> 10 | AC2: =IF(A2=0,"",A2) -> 45573 | AD2: =IF(B2&C2&D2=0,"",B2&C2&D2) -> 舞洲1号砂硅砂コンベヤ振止メ・上部サポート作図 | AE2: =IF(C2&D2=0,"",C2&D2) -> 砂硅砂コンベヤ振止メ・上部サポート作図 | AF2: =IF(B2=0,"",B2) -> 舞洲1号 | AG2: =IF(E2=0,"",E2) | AH2: =IF(C2=0,"",C2) -> 砂硅砂コンベヤ振止メ・上部サポート | AI2: =IF(D2=0,"",D2) -> 作図
A3: 45574 | B3: 舞洲1号 | C3: 砂硅砂コンベヤ振止メ・上部サポート | D3: 作図 | F3: 7.75 | G3: =IF(COUNTIF(A$1:A2, A3) > 0, "", IF(SUMIF(A:A, A3,F:F) > 7.75, SUMIF(A:A, A3,F:F) - 7.75, "")) | H3: ポータブルロック NHC-205型 | I3: ノズル | J3: 修正 | K3: 10.75 | M3: 月作業2 | N3: 日作業2 | O3: 月2 | P3: 月日2 | Q3: 作業2 | R3: =IF(S3="","",IF(COUNTIF(INDIRECT("S$1:S"&ROW()),"月作業")>=1,"月作業"&COUNTIF(INDIRECT("S$1:S"&ROW()),"月作業"),"")) | S3: =IF(AB3="","",IF(COUNTIFS(AB$1:AB3,AB3,AD$1:AD3,AD3)>1,"",IF(COUNTIFS(AB:AB,AB3,AD:AD,AD3)>=1,"月作業",""))) | T3: =IF(U3="","",IF(COUNTIF(INDIRECT("U$1:U"&ROW()),"日作業")>=1,"日作業"&COUNTIF(INDIRECT("U$1:U"&ROW()),"日作業"),"")) -> 日作業2 | U3: =IF(AB3="","",IF(COUNTIFS(AC$1:AC3,AC3,AD$1:AD3,AD3)>1,"",IF(COUNTIFS(AC:AC,AC3,AD:AD,AD3)>=1,"日作業",""))) -> 日作業 | V3: =IF(W3="","",IF(COUNTIF(INDIRECT("W$1:W"&ROW()),"月")>=1,"月"&COUNTIF(INDIRECT("W$1:W"&ROW()),"月"),"")) | W3: =IF(AB3="","",IF(COUNTIF(AB$1:AB3,AB3)>1,"",IF(COUNTIF(AB:AB,AB3)>=1,"月",""))) | X3: =IF(Y3="","",IF(COUNTIF(INDIRECT("Y$1:Y"&ROW()),"月日")>=1,"月日"&COUNTIF(INDIRECT("Y$1:Y"&ROW()),"月日"),"")) -> 月日2 | Y3: =IF(AC3="","",IF(COUNTIF(AC$1:AC3,AC3)>1,"",IF(COUNTIF(AC:AC,AC3)>=1,"月日",""))) -> 月日 | Z3: =IF(AA3="","",IF(COUNTIF(INDIRECT("AA$1:AA"&ROW()),"作業")>=1,"作業"&COUNTIF(INDIRECT("AA$1:AA"&ROW()),"作業"),"")) | AA3: =IF(AD3="","",IF(COUNTIF(AD$1:AD3,AD3)>1,"",IF(COUNTIF(AD:AD,AD3)>=1,"作業",""))) | AB3: =IF(A3=0,"",MONTH(A3)) -> 10 | AC3: =IF(A3=0,"",A3) -> 45574 | AD3: =IF(B3&C3&D3=0,"",B3&C3&D3) -> 舞洲1号砂硅砂コンベヤ振止メ・上部サポート作図 | AE3: =IF(C3&D3=0,"",C3&D3) -> 砂硅砂コンベヤ振止メ・上部サポート作図 | AF3: =IF(B3=0,"",B3) -> 舞洲1号 | AG3: =IF(E3=0,"",E3) | AH3: =IF(C3=0,"",C3) -> 砂硅砂コンベヤ振止メ・上部サポート | AI3: =IF(D3=0,"",D3) -> 作図
A4: 45575 | B4: 舞洲1号 | C4: 砂硅砂コンベヤ振止メ・上部サポート | D4: 作図 | F4: 7.75 | G4: =IF(COUNTIF(A$1:A3, A4) > 0, "", IF(SUMIF(A:A, A4,F:F) > 7.75, SUMIF(A:A, A4,F:F) - 7.75, "")) | H4: 南プラ/硅砂冷却コンベヤ | I4: ステージ | J4: 打ち合わせ | K4: 9.75 | M4: 月作業3 | N4: 日作業3 | O4: 月3 | P4: 月日3 | Q4: 作業3 | R4: =IF(S4="","",IF(COUNTIF(INDIRECT("S$1:S"&ROW()),"月作業")>=1,"月作業"&COUNTIF(INDIRECT("S$1:S"&ROW()),"月作業"),"")) | S4: =IF(AB4="","",IF(COUNTIFS(AB$1:AB4,AB4,AD$1:AD4,AD4)>1,"",IF(COUNTIFS(AB:AB,AB4,AD:AD,AD4)>=1,"月作業",""))) | T4: =IF(U4="","",IF(COUNTIF(INDIRECT("U$1:U"&ROW()),"日作業")>=1,"日作業"&COUNTIF(INDIRECT("U$1:U"&ROW()),"日作業"),"")) -> 日作業3 | U4: =IF(AB4="","",IF(COUNTIFS(AC$1:AC4,AC4,AD$1:AD4,AD4)>1,"",IF(COUNTIFS(AC:AC,AC4,AD:AD,AD4)>=1,"日作業",""))) -> 日作業 | V4: =IF(W4="","",IF(COUNTIF(INDIRECT("W$1:W"&ROW()),"月")>=1,"月"&COUNTIF(INDIRECT("W$1:W"&ROW()),"月"),"")) | W4: =IF(AB4="","",IF(COUNTIF(AB$1:AB4,AB4)>1,"",IF(COUNTIF(AB:AB,AB4)>=1,"月",""))) | X4: =IF(Y4="","",IF(COUNTIF(INDIRECT("Y$1:Y"&ROW()),"月日")>=1,"月日"&COUNTIF(INDIRECT("Y$1:Y"&ROW()),"月日"),"")) -> 月日3 | Y4: =IF(AC4="","",IF(COUNTIF(AC$1:AC4,AC4)>1,"",IF(COUNTIF(AC:AC,AC4)>=1,"月日",""))) -> 月日 | Z4: =IF(AA4="","",IF(COUNTIF(INDIRECT("AA$1:AA"&ROW()),"作業")>=1,"作業"&COUNTIF(INDIRECT("AA$1:AA"&ROW()),"作業"),"")) | AA4: =IF(AD4="","",IF(COUNTIF(AD$1:AD4,AD4)>1,"",IF(COUNTIF(AD:AD,AD4)>=1,"作業",""))) | AB4: =IF(A4=0,"",MONTH(A4)) -> 10 | AC4: =IF(A4=0,"",A4) -> 45575 | AD4: =IF(B4&C4&D4=0,"",B4&C4&D4) -> 舞洲1号砂硅砂コンベヤ振止メ・上部サポート作図 | AE4: =IF(C4&D4=0,"",C4&D4) -> 砂硅砂コンベヤ振止メ・上部サポート作図 | AF4: =IF(B4=0,"",B4) -> 舞洲1号 | AG4: =IF(E4=0,"",E4) | AH4: =IF(C4=0,"",C4) -> 砂硅砂コンベヤ振止メ・上部サポート | AI4: =IF(D4=0,"",D4) -> 作図
A5: 45580 | B5: 舞洲1号 | C5: 砂硅砂コンベヤ振止メ・上部サポート | D5: 作図 | F5: 7.75 | G5: =IF(COUNTIF(A$1:A4, A5) > 0, "", IF(SUMIF(A:A, A5,F:F) > 7.75, SUMIF(A:A, A5,F:F) - 7.75, "")) | H5: 職場 | I5: 手摺 | J5: 重量計算 | K5: 8.75 | M5: 月作業4 | N5: 日作業4 | O5: 月4 | P5: 月日4 | Q5: 作業4 | R5: =IF(S5="","",IF(COUNTIF(INDIRECT("S$1:S"&ROW()),"月作業")>=1,"月作業"&COUNTIF(INDIRECT("S$1:S"&ROW()),"月作業"),"")) | S5: =IF(AB5="","",IF(COUNTIFS(AB$1:AB5,AB5,AD$1:AD5,AD5)>1,"",IF(COUNTIFS(AB:AB,AB5,AD:AD,AD5)>=1,"月作業",""))) | T5: =IF(U5="","",IF(COUNTIF(INDIRECT("U$1:U"&ROW()),"日作業")>=1,"日作業"&COUNTIF(INDIRECT("U$1:U"&ROW()),"日作業"),"")) -> 日作業4 | U5: =IF(AB5="","",IF(COUNTIFS(AC$1:AC5,AC5,AD$1:AD5,AD5)>1,"",IF(COUNTIFS(AC:AC,AC5,AD:AD,AD5)>=1,"日作業",""))) -> 日作業 | V5: =IF(W5="","",IF(COUNTIF(INDIRECT("W$1:W"&ROW()),"月")>=1,"月"&COUNTIF(INDIRECT("W$1:W"&ROW()),"月"),"")) | W5: =IF(AB5="","",IF(COUNTIF(AB$1:AB5,AB5)>1,"",IF(COUNTIF(AB:AB,AB5)>=1,"月",""))) | X5: =IF(Y5="","",IF(COUNTIF(INDIRECT("Y$1:Y"&ROW()),"月日")>=1,"月日"&COUNTIF(INDIRECT("Y$1:Y"&ROW()),"月日"),"")) -> 月日4 | Y5: =IF(AC5="","",IF(COUNTIF(AC$1:AC5,AC5)>1,"",IF(COUNTIF(AC:AC,AC5)>=1,"月日",""))) -> 月日 | Z5: =IF(AA5="","",IF(COUNTIF(INDIRECT("AA$1:AA"&ROW()),"作業")>=1,"作業"&COUNTIF(INDIRECT("AA$1:AA"&ROW()),"作業"),"")) | AA5: =IF(AD5="","",IF(COUNTIF(AD$1:AD5,AD5)>1,"",IF(COUNTIF(AD:AD,AD5)>=1,"作業",""))) | AB5: =IF(A5=0,"",MONTH(A5)) -> 10 | AC5: =IF(A5=0,"",A5) -> 45580 | AD5: =IF(B5&C5&D5=0,"",B5&C5&D5) -> 舞洲1号砂硅砂コンベヤ振止メ・上部サポート作図 | AE5: =IF(C5&D5=0,"",C5&D5) -> 砂硅砂コンベヤ振止メ・上部サポート作図 | AF5: =IF(B5=0,"",B5) -> 舞洲1号 | AG5: =IF(E5=0,"",E5) | AH5: =IF(C5=0,"",C5) -> 砂硅砂コンベヤ振止メ・上部サポート | AI5: =IF(D5=0,"",D5) -> 作図
A6: 45581 | B6: 舞洲1号 | C6: 砂硅砂コンベヤ振止メ・上部サポート | D6: 作図 | F6: 7.75 | G6: =IF(COUNTIF(A$1:A5, A6) > 0, "", IF(SUMIF(A:A, A6,F:F) > 7.75, SUMIF(A:A, A6,F:F) - 7.75, "")) | H6: 南プラ/硅砂循環コンベヤ | I6: ラダー | J6: Ｅｘｃｅｌ計算表作成 | K6: 9.45 | M6: 月作業5 | N6: 日作業5 | O6: 月5 | P6: 月日5 | Q6: 作業5 | R6: =IF(S6="","",IF(COUNTIF(INDIRECT("S$1:S"&ROW()),"月作業")>=1,"月作業"&COUNTIF(INDIRECT("S$1:S"&ROW()),"月作業"),"")) | S6: =IF(AB6="","",IF(COUNTIFS(AB$1:AB6,AB6,AD$1:AD6,AD6)>1,"",IF(COUNTIFS(AB:AB,AB6,AD:AD,AD6)>=1,"月作業",""))) | T6: =IF(U6="","",IF(COUNTIF(INDIRECT("U$1:U"&ROW()),"日作業")>=1,"日作業"&COUNTIF(INDIRECT("U$1:U"&ROW()),"日作業"),"")) -> 日作業5 | U6: =IF(AB6="","",IF(COUNTIFS(AC$1:AC6,AC6,AD$1:AD6,AD6)>1,"",IF(COUNTIFS(AC:AC,AC6,AD:AD,AD6)>=1,"日作業",""))) -> 日作業 | V6: =IF(W6="","",IF(COUNTIF(INDIRECT("W$1:W"&ROW()),"月")>=1,"月"&COUNTIF(INDIRECT("W$1:W"&ROW()),"月"),"")) | W6: =IF(AB6="","",IF(COUNTIF(AB$1:AB6,AB6)>1,"",IF(COUNTIF(AB:AB,AB6)>=1,"月",""))) | X6: =IF(Y6="","",IF(COUNTIF(INDIRECT("Y$1:Y"&ROW()),"月日")>=1,"月日"&COUNTIF(INDIRECT("Y$1:Y"&ROW()),"月日"),"")) -> 月日5 | Y6: =IF(AC6="","",IF(COUNTIF(AC$1:AC6,AC6)>1,"",IF(COUNTIF(AC:AC,AC6)>=1,"月日",""))) -> 月日 | Z6: =IF(AA6="","",IF(COUNTIF(INDIRECT("AA$1:AA"&ROW()),"作業")>=1,"作業"&COUNTIF(INDIRECT("AA$1:AA"&ROW()),"作業"),"")) | AA6: =IF(AD6="","",IF(COUNTIF(AD$1:AD6,AD6)>1,"",IF(COUNTIF(AD:AD,AD6)>=1,"作業",""))) | AB6: =IF(A6=0,"",MONTH(A6)) -> 10 | AC6: =IF(A6=0,"",A6) -> 45581 | AD6: =IF(B6&C6&D6=0,"",B6&C6&D6) -> 舞洲1号砂硅砂コンベヤ振止メ・上部サポート作図 | AE6: =IF(C6&D6=0,"",C6&D6) -> 砂硅砂コンベヤ振止メ・上部サポート作図 | AF6: =IF(B6=0,"",B6) -> 舞洲1号 | AG6: =IF(E6=0,"",E6) | AH6: =IF(C6=0,"",C6) -> 砂硅砂コンベヤ振止メ・上部サポート | AI6: =IF(D6=0,"",D6) -> 作図
A7: 45582 | B7: 舞洲1号 | C7: 砂硅砂コンベヤ振止メ・上部サポート | D7: 作図 | F7: 7.75 | G7: =IF(COUNTIF(A$1:A6, A7) > 0, "", IF(SUMIF(A:A, A7,F:F) > 7.75, SUMIF(A:A, A7,F:F) - 7.75, "")) | H7: 深芝2号 | I7: 全部纏めて | J7: 模写 | K7: 9.75 | M7: 月作業6 | N7: 日作業6 | O7: 月6 | P7: 月日6 | Q7: 作業6 | R7: =IF(S7="","",IF(COUNTIF(INDIRECT("S$1:S"&ROW()),"月作業")>=1,"月作業"&COUNTIF(INDIRECT("S$1:S"&ROW()),"月作業"),"")) | S7: =IF(AB7="","",IF(COUNTIFS(AB$1:AB7,AB7,AD$1:AD7,AD7)>1,"",IF(COUNTIFS(AB:AB,AB7,AD:AD,AD7)>=1,"月作業",""))) | T7: =IF(U7="","",IF(COUNTIF(INDIRECT("U$1:U"&ROW()),"日作業")>=1,"日作業"&COUNTIF(INDIRECT("U$1:U"&ROW()),"日作業"),"")) -> 日作業6 | U7: =IF(AB7="","",IF(COUNTIFS(AC$1:AC7,AC7,AD$1:AD7,AD7)>1,"",IF(COUNTIFS(AC:AC,AC7,AD:AD,AD7)>=1,"日作業",""))) -> 日作業 | V7: =IF(W7="","",IF(COUNTIF(INDIRECT("W$1:W"&ROW()),"月")>=1,"月"&COUNTIF(INDIRECT("W$1:W"&ROW()),"月"),"")) | W7: =IF(AB7="","",IF(COUNTIF(AB$1:AB7,AB7)>1,"",IF(COUNTIF(AB:AB,AB7)>=1,"月",""))) | X7: =IF(Y7="","",IF(COUNTIF(INDIRECT("Y$1:Y"&ROW()),"月日")>=1,"月日"&COUNTIF(INDIRECT("Y$1:Y"&ROW()),"月日"),"")) -> 月日6 | Y7: =IF(AC7="","",IF(COUNTIF(AC$1:AC7,AC7)>1,"",IF(COUNTIF(AC:AC,AC7)>=1,"月日",""))) -> 月日 | Z7: =IF(AA7="","",IF(COUNTIF(INDIRECT("AA$1:AA"&ROW()),"作業")>=1,"作業"&COUNTIF(INDIRECT("AA$1:AA"&ROW()),"作業"),"")) | AA7: =IF(AD7="","",IF(COUNTIF(AD$1:AD7,AD7)>1,"",IF(COUNTIF(AD:AD,AD7)>=1,"作業",""))) | AB7: =IF(A7=0,"",MONTH(A7)) -> 10 | AC7: =IF(A7=0,"",A7) -> 45582 | AD7: =IF(B7&C7&D7=0,"",B7&C7&D7) -> 舞洲1号砂硅砂コンベヤ振止メ・上部サポート作図 | AE7: =IF(C7&D7=0,"",C7&D7) -> 砂硅砂コンベヤ振止メ・上部サポート作図 | AF7: =IF(B7=0,"",B7) -> 舞洲1号 | AG7: =IF(E7=0,"",E7) | AH7: =IF(C7=0,"",C7) -> 砂硅砂コンベヤ振止メ・上部サポート | AI7: =IF(D7=0,"",D7) -> 作図
A8: 45586 | B8: 舞洲1号 | C8: 乾燥ケーキ振止メ・上部サポート | D8: 作図 | F8: 7.75 | G8: =IF(COUNTIF(A$1:A7, A8) > 0, "", IF(SUMIF(A:A, A8,F:F) > 7.75, SUMIF(A:A, A8,F:F) - 7.75, "")) | H8: 南プラ7号 | I8: 自分のデスク周り | J8: 製本 | K8: 0 | M8: 月作業7 | N8: 日作業7 | O8: 月7 | P8: 月日7 | Q8: 作業7 | R8: =IF(S8="","",IF(COUNTIF(INDIRECT("S$1:S"&ROW()),"月作業")>=1,"月作業"&COUNTIF(INDIRECT("S$1:S"&ROW()),"月作業"),"")) -> 月作業2 | S8: =IF(AB8="","",IF(COUNTIFS(AB$1:AB8,AB8,AD$1:AD8,AD8)>1,"",IF(COUNTIFS(AB:AB,AB8,AD:AD,AD8)>=1,"月作業",""))) -> 月作業 | T8: =IF(U8="","",IF(COUNTIF(INDIRECT("U$1:U"&ROW()),"日作業")>=1,"日作業"&COUNTIF(INDIRECT("U$1:U"&ROW()),"日作業"),"")) -> 日作業7 | U8: =IF(AB8="","",IF(COUNTIFS(AC$1:AC8,AC8,AD$1:AD8,AD8)>1,"",IF(COUNTIFS(AC:AC,AC8,AD:AD,AD8)>=1,"日作業",""))) -> 日作業 | V8: =IF(W8="","",IF(COUNTIF(INDIRECT("W$1:W"&ROW()),"月")>=1,"月"&COUNTIF(INDIRECT("W$1:W"&ROW()),"月"),"")) | W8: =IF(AB8="","",IF(COUNTIF(AB$1:AB8,AB8)>1,"",IF(COUNTIF(AB:AB,AB8)>=1,"月",""))) | X8: =IF(Y8="","",IF(COUNTIF(INDIRECT("Y$1:Y"&ROW()),"月日")>=1,"月日"&COUNTIF(INDIRECT("Y$1:Y"&ROW()),"月日"),"")) -> 月日7 | Y8: =IF(AC8="","",IF(COUNTIF(AC$1:AC8,AC8)>1,"",IF(COUNTIF(AC:AC,AC8)>=1,"月日",""))) -> 月日 | Z8: =IF(AA8="","",IF(COUNTIF(INDIRECT("AA$1:AA"&ROW()),"作業")>=1,"作業"&COUNTIF(INDIRECT("AA$1:AA"&ROW()),"作業"),"")) -> 作業2 | AA8: =IF(AD8="","",IF(COUNTIF(AD$1:AD8,AD8)>1,"",IF(COUNTIF(AD:AD,AD8)>=1,"作業",""))) -> 作業 | AB8: =IF(A8=0,"",MONTH(A8)) -> 10 | AC8: =IF(A8=0,"",A8) -> 45586 | AD8: =IF(B8&C8&D8=0,"",B8&C8&D8) -> 舞洲1号乾燥ケーキ振止メ・上部サポート作図 | AE8: =IF(C8&D8=0,"",C8&D8) -> 乾燥ケーキ振止メ・上部サポート作図 | AF8: =IF(B8=0,"",B8) -> 舞洲1号 | AG8: =IF(E8=0,"",E8) | AH8: =IF(C8=0,"",C8) -> 乾燥ケーキ振止メ・上部サポート | AI8: =IF(D8=0,"",D8) -> 作図
A9: 45587 | B9: 舞洲1号 | C9: 砂硅砂コンベヤ振止メ・上部サポート | D9: 作図 | F9: 7.75 | G9: =IF(COUNTIF(A$1:A8, A9) > 0, "", IF(SUMIF(A:A, A9,F:F) > 7.75, SUMIF(A:A, A9,F:F) - 7.75, "")) | H9: 新河岸その2 | I9: 組立図 | J9: 整理整頓/清掃 | K9: 1 | M9: 月作業8 | N9: 日作業8 | O9: 月8 | P9: 月日8 | Q9: 作業8 | R9: =IF(S9="","",IF(COUNTIF(INDIRECT("S$1:S"&ROW()),"月作業")>=1,"月作業"&COUNTIF(INDIRECT("S$1:S"&ROW()),"月作業"),"")) | S9: =IF(AB9="","",IF(COUNTIFS(AB$1:AB9,AB9,AD$1:AD9,AD9)>1,"",IF(COUNTIFS(AB:AB,AB9,AD:AD,AD9)>=1,"月作業",""))) | T9: =IF(U9="","",IF(COUNTIF(INDIRECT("U$1:U"&ROW()),"日作業")>=1,"日作業"&COUNTIF(INDIRECT("U$1:U"&ROW()),"日作業"),"")) -> 日作業8 | U9: =IF(AB9="","",IF(COUNTIFS(AC$1:AC9,AC9,AD$1:AD9,AD9)>1,"",IF(COUNTIFS(AC:AC,AC9,AD:AD,AD9)>=1,"日作業",""))) -> 日作業 | V9: =IF(W9="","",IF(COUNTIF(INDIRECT("W$1:W"&ROW()),"月")>=1,"月"&COUNTIF(INDIRECT("W$1:W"&ROW()),"月"),"")) | W9: =IF(AB9="","",IF(COUNTIF(AB$1:AB9,AB9)>1,"",IF(COUNTIF(AB:AB,AB9)>=1,"月",""))) | X9: =IF(Y9="","",IF(COUNTIF(INDIRECT("Y$1:Y"&ROW()),"月日")>=1,"月日"&COUNTIF(INDIRECT("Y$1:Y"&ROW()),"月日"),"")) -> 月日8 | Y9: =IF(AC9="","",IF(COUNTIF(AC$1:AC9,AC9)>1,"",IF(COUNTIF(AC:AC,AC9)>=1,"月日",""))) -> 月日 | Z9: =IF(AA9="","",IF(COUNTIF(INDIRECT("AA$1:AA"&ROW()),"作業")>=1,"作業"&COUNTIF(INDIRECT("AA$1:AA"&ROW()),"作業"),"")) | AA9: =IF(AD9="","",IF(COUNTIF(AD$1:AD9,AD9)>1,"",IF(COUNTIF(AD:AD,AD9)>=1,"作業",""))) | AB9: =IF(A9=0,"",MONTH(A9)) -> 10 | AC9: =IF(A9=0,"",A9) -> 45587 | AD9: =IF(B9&C9&D9=0,"",B9&C9&D9) -> 舞洲1号砂硅砂コンベヤ振止メ・上部サポート作図 | AE9: =IF(C9&D9=0,"",C9&D9) -> 砂硅砂コンベヤ振止メ・上部サポート作図 | AF9: =IF(B9=0,"",B9) -> 舞洲1号 | AG9: =IF(E9=0,"",E9) | AH9: =IF(C9=0,"",C9) -> 砂硅砂コンベヤ振止メ・上部サポート | AI9: =IF(D9=0,"",D9) -> 作図
A10: 45588 | B10: 舞洲1号 | C10: 砂硅砂コンベヤ振止メ・上部サポート | D10: 作図 | F10: 3.5 | G10: =IF(COUNTIF(A$1:A9, A10) > 0, "", IF(SUMIF(A:A, A10,F:F) > 7.75, SUMIF(A:A, A10,F:F) - 7.75, "")) | H10: 該当なし | I10: SolidMX | J10: 整合性の検証 | K10: 2 | M10: 月作業9 | N10: 日作業9 | O10: 月9 | P10: 月日9 | Q10: 作業9 | R10: =IF(S10="","",IF(COUNTIF(INDIRECT("S$1:S"&ROW()),"月作業")>=1,"月作業"&COUNTIF(INDIRECT("S$1:S"&ROW()),"月作業"),"")) | S10: =IF(AB10="","",IF(COUNTIFS(AB$1:AB10,AB10,AD$1:AD10,AD10)>1,"",IF(COUNTIFS(AB:AB,AB10,AD:AD,AD10)>=1,"月作業",""))) | T10: =IF(U10="","",IF(COUNTIF(INDIRECT("U$1:U"&ROW()),"日作業")>=1,"日作業"&COUNTIF(INDIRECT("U$1:U"&ROW()),"日作業"),"")) -> 日作業9 | U10: =IF(AB10="","",IF(COUNTIFS(AC$1:AC10,AC10,AD$1:AD10,AD10)>1,"",IF(COUNTIFS(AC:AC,AC10,AD:AD,AD10)>=1,"日作業",""))) -> 日作業 | V10: =IF(W10="","",IF(COUNTIF(INDIRECT("W$1:W"&ROW()),"月")>=1,"月"&COUNTIF(INDIRECT("W$1:W"&ROW()),"月"),"")) | W10: =IF(AB10="","",IF(COUNTIF(AB$1:AB10,AB10)>1,"",IF(COUNTIF(AB:AB,AB10)>=1,"月",""))) | X10: =IF(Y10="","",IF(COUNTIF(INDIRECT("Y$1:Y"&ROW()),"月日")>=1,"月日"&COUNTIF(INDIRECT("Y$1:Y"&ROW()),"月日"),"")) -> 月日9 | Y10: =IF(AC10="","",IF(COUNTIF(AC$1:AC10,AC10)>1,"",IF(COUNTIF(AC:AC,AC10)>=1,"月日",""))) -> 月日 | Z10: =IF(AA10="","",IF(COUNTIF(INDIRECT("AA$1:AA"&ROW()),"作業")>=1,"作業"&COUNTIF(INDIRECT("AA$1:AA"&ROW()),"作業"),"")) | AA10: =IF(AD10="","",IF(COUNTIF(AD$1:AD10,AD10)>1,"",IF(COUNTIF(AD:AD,AD10)>=1,"作業",""))) | AB10: =IF(A10=0,"",MONTH(A10)) -> 10 | AC10: =IF(A10=0,"",A10) -> 45588 | AD10: =IF(B10&C10&D10=0,"",B10&C10&D10) -> 舞洲1号砂硅砂コンベヤ振止メ・上部サポート作図 | AE10: =IF(C10&D10=0,"",C10&D10) -> 砂硅砂コンベヤ振止メ・上部サポート作図 | AF10: =IF(B10=0,"",B10) -> 舞洲1号 | AG10: =IF(E10=0,"",E10) | AH10: =IF(C10=0,"",C10) -> 砂硅砂コンベヤ振止メ・上部サポート | AI10: =IF(D10=0,"",D10) -> 作図
A11: 45588 | B11: 舞洲1号 | C11: 砂硅砂コンベヤ振止メ・上部サポート | D11: 作図 | F11: 4.25 | G11: =IF(COUNTIF(A$1:A10, A11) > 0, "", IF(SUMIF(A:A, A11,F:F) > 7.75, SUMIF(A:A, A11,F:F) - 7.75, "")) | H11: 南プラ/鷲澤さん依頼 | I11: テンプレート詳細図 | J11: 図番台帳記入等 | K11: 2 | M11: 月作業10 | N11: 日作業10 | O11: 月10 | P11: 月日10 | Q11: 作業10 | R11: =IF(S11="","",IF(COUNTIF(INDIRECT("S$1:S"&ROW()),"月作業")>=1,"月作業"&COUNTIF(INDIRECT("S$1:S"&ROW()),"月作業"),"")) | S11: =IF(AB11="","",IF(COUNTIFS(AB$1:AB11,AB11,AD$1:AD11,AD11)>1,"",IF(COUNTIFS(AB:AB,AB11,AD:AD,AD11)>=1,"月作業",""))) | T11: =IF(U11="","",IF(COUNTIF(INDIRECT("U$1:U"&ROW()),"日作業")>=1,"日作業"&COUNTIF(INDIRECT("U$1:U"&ROW()),"日作業"),"")) | U11: =IF(AB11="","",IF(COUNTIFS(AC$1:AC11,AC11,AD$1:AD11,AD11)>1,"",IF(COUNTIFS(AC:AC,AC11,AD:AD,AD11)>=1,"日作業",""))) | V11: =IF(W11="","",IF(COUNTIF(INDIRECT("W$1:W"&ROW()),"月")>=1,"月"&COUNTIF(INDIRECT("W$1:W"&ROW()),"月"),"")) | W11: =IF(AB11="","",IF(COUNTIF(AB$1:AB11,AB11)>1,"",IF(COUNTIF(AB:AB,AB11)>=1,"月",""))) | X11: =IF(Y11="","",IF(COUNTIF(INDIRECT("Y$1:Y"&ROW()),"月日")>=1,"月日"&COUNTIF(INDIRECT("Y$1:Y"&ROW()),"月日"),"")) | Y11: =IF(AC11="","",IF(COUNTIF(AC$1:AC11,AC11)>1,"",IF(COUNTIF(AC:AC,AC11)>=1,"月日",""))) | Z11: =IF(AA11="","",IF(COUNTIF(INDIRECT("AA$1:AA"&ROW()),"作業")>=1,"作業"&COUNTIF(INDIRECT("AA$1:AA"&ROW()),"作業"),"")) | AA11: =IF(AD11="","",IF(COUNTIF(AD$1:AD11,AD11)>1,"",IF(COUNTIF(AD:AD,AD11)>=1,"作業",""))) | AB11: =IF(A11=0,"",MONTH(A11)) -> 10 | AC11: =IF(A11=0,"",A11) -> 45588 | AD11: =IF(B11&C11&D11=0,"",B11&C11&D11) -> 舞洲1号砂硅砂コンベヤ振止メ・上部サポート作図 | AE11: =IF(C11&D11=0,"",C11&D11) -> 砂硅砂コンベヤ振止メ・上部サポート作図 | AF11: =IF(B11=0,"",B11) -> 舞洲1号 | AG11: =IF(E11=0,"",E11) | AH11: =IF(C11=0,"",C11) -> 砂硅砂コンベヤ振止メ・上部サポート | AI11: =IF(D11=0,"",D11) -> 作図
A12: 45589 | B12: 舞洲1号 | C12: 砂硅砂コンベヤ振止メ・上部サポート | D12: 作図 | F12: 7.75 | G12: =IF(COUNTIF(A$1:A11, A12) > 0, "", IF(SUMIF(A:A, A12,F:F) > 7.75, SUMIF(A:A, A12,F:F) - 7.75, "")) | H12: 協同インターナショナル20L | I12: マウス/キーボード | J12: 構造把握(図面を見る) | K12: 3 | M12: 月作業11 | N12: 日作業11 | O12: 月11 | P12: 月日11 | Q12: 作業11 | R12: =IF(S12="","",IF(COUNTIF(INDIRECT("S$1:S"&ROW()),"月作業")>=1,"月作業"&COUNTIF(INDIRECT("S$1:S"&ROW()),"月作業"),"")) | S12: =IF(AB12="","",IF(COUNTIFS(AB$1:AB12,AB12,AD$1:AD12,AD12)>1,"",IF(COUNTIFS(AB:AB,AB12,AD:AD,AD12)>=1,"月作業",""))) | T12: =IF(U12="","",IF(COUNTIF(INDIRECT("U$1:U"&ROW()),"日作業")>=1,"日作業"&COUNTIF(INDIRECT("U$1:U"&ROW()),"日作業"),"")) -> 日作業10 | U12: =IF(AB12="","",IF(COUNTIFS(AC$1:AC12,AC12,AD$1:AD12,AD12)>1,"",IF(COUNTIFS(AC:AC,AC12,AD:AD,AD12)>=1,"日作業",""))) -> 日作業 | V12: =IF(W12="","",IF(COUNTIF(INDIRECT("W$1:W"&ROW()),"月")>=1,"月"&COUNTIF(INDIRECT("W$1:W"&ROW()),"月"),"")) | W12: =IF(AB12="","",IF(COUNTIF(AB$1:AB12,AB12)>1,"",IF(COUNTIF(AB:AB,AB12)>=1,"月",""))) | X12: =IF(Y12="","",IF(COUNTIF(INDIRECT("Y$1:Y"&ROW()),"月日")>=1,"月日"&COUNTIF(INDIRECT("Y$1:Y"&ROW()),"月日"),"")) -> 月日10 | Y12: =IF(AC12="","",IF(COUNTIF(AC$1:AC12,AC12)>1,"",IF(COUNTIF(AC:AC,AC12)>=1,"月日",""))) -> 月日 | Z12: =IF(AA12="","",IF(COUNTIF(INDIRECT("AA$1:AA"&ROW()),"作業")>=1,"作業"&COUNTIF(INDIRECT("AA$1:AA"&ROW()),"作業"),"")) | AA12: =IF(AD12="","",IF(COUNTIF(AD$1:AD12,AD12)>1,"",IF(COUNTIF(AD:AD,AD12)>=1,"作業",""))) | AB12: =IF(A12=0,"",MONTH(A12)) -> 10 | AC12: =IF(A12=0,"",A12) -> 45589 | AD12: =IF(B12&C12&D12=0,"",B12&C12&D12) -> 舞洲1号砂硅砂コンベヤ振止メ・上部サポート作図 | AE12: =IF(C12&D12=0,"",C12&D12) -> 砂硅砂コンベヤ振止メ・上部サポート作図 | AF12: =IF(B12=0,"",B12) -> 舞洲1号 | AG12: =IF(E12=0,"",E12) | AH12: =IF(C12=0,"",C12) -> 砂硅砂コンベヤ振止メ・上部サポート | AI12: =IF(D12=0,"",D12) -> 作図
